HVS_Hyper-V_stimer0_interrupts_CPU2;34_IR-PCI-MSI_1579008-edge_ioat-msix_CPU1;34_IR-PCI-MSI_1579008-edge_ioat-msix_CPU0;HVS_Hyper-V_stimer0_interrupts_CPU1;45_IR-PCI-MSI_524291-edge_nvme0q3_CPU0;30_IR-PCI-MSI_3670019-edge_eno1-TxRx-2_CPU1;9_IR-IO-APIC_9-fasteoi_acpi_CPU3;SPU_Spurious_interrupts_CPU2;55_IR-PCI-MSI_2099200-edge_igb_uio_CPU1;28_IR-PCI-MSI_3670018-edge_eno1-TxRx-1_CPU1;54_IR-PCI-MSI_2097152-edge_igb_uio_CPU0;CAL_Function_call_interrupts_CPU0;IWI_IRQ_work_interrupts_CPU1;RTR_APIC_ICR_read_retries_CPU1;RTR_APIC_ICR_read_retries_CPU2;MCP_Machine_check_polls_CPU1;HRE_Hyper-V_reenlightenment_interrupts_CPU2;NMI_Non-maskable_interrupts_CPU2;54_IR-PCI-MSI_2097152-edge_igb_uio_CPU3;54_IR-PCI-MSI_2097152-edge_igb_uio_CPU1;HVS_Hyper-V_stimer0_interrupts_CPU3;RTR_APIC_ICR_read_retries_CPU3;MCE_Machine_check_exceptions_CPU3;MCE_Machine_check_exceptions_CPU2;8_IR-IO-APIC_8-edge_rtc0_CPU3;NPI_Nested_posted-interrupt_event_CPU1;24_DMAR-MSI_0-edge_dmar0_CPU1;LOC_Local_timer_interrupts_CPU2;30_IR-PCI-MSI_3670019-edge_eno1-TxRx-2_CPU0;33_IR-PCI-MSI_524289-edge_nvme0q1_CPU1;PIN_Posted-interrupt_notification_event_CPU3;32_IR-PCI-MSI_1576960-edge_ioat-msix_CPU3;LOC_Local_timer_interrupts_CPU0;35_IR-PCI-MSI_327680-edge_xhci_hcd_CPU1;31_IR-PCI-MSI_3670020-edge_eno1-TxRx-3_CPU2;35_IR-PCI-MSI_327680-edge_xhci_hcd_CPU2;8_IR-IO-APIC_8-edge_rtc0_CPU0;PMI_Performance_monitoring_interrupts_CPU3;NPI_Nested_posted-interrupt_event_CPU2;DFR_Deferred_Error_APIC_interrupts_CPU1;TRM_Thermal_event_interrupts_CPU1;18_IR-IO-APIC_18-fasteoi_i801_smbus,_ehci_hcd:usb1,_ehci_hcd:usb4_CPU1;55_IR-PCI-MSI_2099200-edge_igb_uio_CPU3;55_IR-PCI-MSI_2099200-edge_igb_uio_CPU2;HRE_Hyper-V_reenlightenment_interrupts_CPU1;30_IR-PCI-MSI_3670019-edge_eno1-TxRx-2_CPU3;34_IR-PCI-MSI_1579008-edge_ioat-msix_CPU2;26_IR-PCI-MSI_3670016-edge_eno1_CPU0;25_IR-PCI-MSI_1572864-edge_ioat-msix_CPU1;PMI_Performance_monitoring_interrupts_CPU2;PIW_Posted-interrupt_wakeup_event_CPU2;45_IR-PCI-MSI_524291-edge_nvme0q3_CPU3;DFR_Deferred_Error_APIC_interrupts_CPU2;TRM_Thermal_event_interrupts_CPU2;29_IR-PCI-MSI_1574912-edge_ioat-msix_CPU1;HYP_Hypervisor_callback_interrupts_CPU2;PIN_Posted-interrupt_notification_event_CPU2;PIW_Posted-interrupt_wakeup_event_CPU3;33_IR-PCI-MSI_524289-edge_nvme0q1_CPU2;TLB_TLB_shootdowns_CPU3;HYP_Hypervisor_callback_interrupts_CPU1;RES_Rescheduling_interrupts_CPU0;18_IR-IO-APIC_18-fasteoi_i801_smbus,_ehci_hcd:usb1,_ehci_hcd:usb4_CPU3;PIN_Posted-interrupt_notification_event_CPU1;33_IR-PCI-MSI_524289-edge_nvme0q1_CPU0;RTR_APIC_ICR_read_retries_CPU0;25_IR-PCI-MSI_1572864-edge_ioat-msix_CPU3;29_IR-PCI-MSI_1574912-edge_ioat-msix_CPU3;32_IR-PCI-MSI_1576960-edge_ioat-msix_CPU2;26_IR-PCI-MSI_3670016-edge_eno1_CPU1;NMI_Non-maskable_interrupts_CPU3;32_IR-PCI-MSI_1576960-edge_ioat-msix_CPU1;27_IR-PCI-MSI_3670017-edge_eno1-TxRx-0_CPU0;32_IR-PCI-MSI_1576960-edge_ioat-msix_CPU0;PMI_Performance_monitoring_interrupts_CPU0;30_IR-PCI-MSI_3670019-edge_eno1-TxRx-2_CPU2;31_IR-PCI-MSI_3670020-edge_eno1-TxRx-3_CPU1;41_IR-PCI-MSI_524288-edge_nvme0q0_CPU3;PIW_Posted-interrupt_wakeup_event_CPU1;THR_Threshold_APIC_interrupts_CPU0;HRE_Hyper-V_reenlightenment_interrupts_CPU0;45_IR-PCI-MSI_524291-edge_nvme0q3_CPU2;IWI_IRQ_work_interrupts_CPU3;CAL_Function_call_interrupts_CPU3;MCE_Machine_check_exceptions_CPU1;8_IR-IO-APIC_8-edge_rtc0_CPU1;PIW_Posted-interrupt_wakeup_event_CPU0;timestamp_us;31_IR-PCI-MSI_3670020-edge_eno1-TxRx-3_CPU0;RES_Rescheduling_interrupts_CPU2;LOC_Local_timer_interrupts_CPU3;28_IR-PCI-MSI_3670018-edge_eno1-TxRx-1_CPU2;24_DMAR-MSI_0-edge_dmar0_CPU2;IWI_IRQ_work_interrupts_CPU0;CAL_Function_call_interrupts_CPU1;THR_Threshold_APIC_interrupts_CPU1;NPI_Nested_posted-interrupt_event_CPU0;TRM_Thermal_event_interrupts_CPU0;SPU_Spurious_interrupts_CPU3;HYP_Hypervisor_callback_interrupts_CPU0;43_IR-PCI-MSI_524290-edge_nvme0q2_CPU1;TLB_TLB_shootdowns_CPU0;28_IR-PCI-MSI_3670018-edge_eno1-TxRx-1_CPU0;34_IR-PCI-MSI_1579008-edge_ioat-msix_CPU3;47_IR-PCI-MSI_524292-edge_nvme0q4_CPU3;ERR_CPU0;8_IR-IO-APIC_8-edge_rtc0_CPU2;27_IR-PCI-MSI_3670017-edge_eno1-TxRx-0_CPU3;NMI_Non-maskable_interrupts_CPU1;9_IR-IO-APIC_9-fasteoi_acpi_CPU1;43_IR-PCI-MSI_524290-edge_nvme0q2_CPU0;MCP_Machine_check_polls_CPU2;27_IR-PCI-MSI_3670017-edge_eno1-TxRx-0_CPU2;SPU_Spurious_interrupts_CPU0;PMI_Performance_monitoring_interrupts_CPU1;41_IR-PCI-MSI_524288-edge_nvme0q0_CPU2;47_IR-PCI-MSI_524292-edge_nvme0q4_CPU0;29_IR-PCI-MSI_1574912-edge_ioat-msix_CPU0;55_IR-PCI-MSI_2099200-edge_igb_uio_CPU0;SPU_Spurious_interrupts_CPU1;47_IR-PCI-MSI_524292-edge_nvme0q4_CPU1;MCP_Machine_check_polls_CPU3;24_DMAR-MSI_0-edge_dmar0_CPU3;43_IR-PCI-MSI_524290-edge_nvme0q2_CPU3;35_IR-PCI-MSI_327680-edge_xhci_hcd_CPU0;18_IR-IO-APIC_18-fasteoi_i801_smbus,_ehci_hcd:usb1,_ehci_hcd:usb4_CPU2;PIN_Posted-interrupt_notification_event_CPU0;MCE_Machine_check_exceptions_CPU0;54_IR-PCI-MSI_2097152-edge_igb_uio_CPU2;HVS_Hyper-V_stimer0_interrupts_CPU0;25_IR-PCI-MSI_1572864-edge_ioat-msix_CPU0;NMI_Non-maskable_interrupts_CPU0;35_IR-PCI-MSI_327680-edge_xhci_hcd_CPU3;TLB_TLB_shootdowns_CPU1;RES_Rescheduling_interrupts_CPU3;33_IR-PCI-MSI_524289-edge_nvme0q1_CPU3;26_IR-PCI-MSI_3670016-edge_eno1_CPU3;DFR_Deferred_Error_APIC_interrupts_CPU0;29_IR-PCI-MSI_1574912-edge_ioat-msix_CPU2;45_IR-PCI-MSI_524291-edge_nvme0q3_CPU1;DFR_Deferred_Error_APIC_interrupts_CPU3;41_IR-PCI-MSI_524288-edge_nvme0q0_CPU1;THR_Threshold_APIC_interrupts_CPU2;HRE_Hyper-V_reenlightenment_interrupts_CPU3;18_IR-IO-APIC_18-fasteoi_i801_smbus,_ehci_hcd:usb1,_ehci_hcd:usb4_CPU0;26_IR-PCI-MSI_3670016-edge_eno1_CPU2;TRM_Thermal_event_interrupts_CPU3;LOC_Local_timer_interrupts_CPU1;41_IR-PCI-MSI_524288-edge_nvme0q0_CPU0;THR_Threshold_APIC_interrupts_CPU3;31_IR-PCI-MSI_3670020-edge_eno1-TxRx-3_CPU3;IWI_IRQ_work_interrupts_CPU2;HYP_Hypervisor_callback_interrupts_CPU3;MIS_CPU0;47_IR-PCI-MSI_524292-edge_nvme0q4_CPU2;MCP_Machine_check_polls_CPU0;25_IR-PCI-MSI_1572864-edge_ioat-msix_CPU2;RES_Rescheduling_interrupts_CPU1;NPI_Nested_posted-interrupt_event_CPU3;27_IR-PCI-MSI_3670017-edge_eno1-TxRx-0_CPU1;24_DMAR-MSI_0-edge_dmar0_CPU0;43_IR-PCI-MSI_524290-edge_nvme0q2_CPU2;TLB_TLB_shootdowns_CPU2;28_IR-PCI-MSI_3670018-edge_eno1-TxRx-1_CPU3;CAL_Function_call_interrupts_CPU2;9_IR-IO-APIC_9-fasteoi_acpi_CPU0;9_IR-IO-APIC_9-fasteoi_acpi_CPU2
0;0;2;0;0;0;0;0;;0;;5257;258213;0;0;1;0;0;;;0;0;0;0;0;0;0;718775;32512;0;0;0;718715;0;0;0;1;0;0;0;0;0;;;0;20;0;1;0;0;0;0;0;0;0;0;0;0;0;14;0;92213;0;0;49;2;0;0;0;0;0;0;18496;2;0;0;0;0;0;0;0;0;239281;6115;0;0;0;75;83;0;718221;0;0;239231;9498;0;0;0;0;0;0;10;1952;0;0;0;0;2678;0;0;0;1;0;0;0;0;0;2;;0;0;1;0;0;143;0;0;0;;0;2;0;0;0;84930;0;0;0;0;0;0;0;0;0;57;0;0;2368198;14;0;51874;238115;0;0;0;1;0;96;0;0;0;0;0;1730;9566;1;0
0;0;2;0;0;0;0;0;;0;;5257;258297;0;0;1;0;0;;;0;0;0;0;0;0;0;719026;32512;0;0;0;718966;0;0;0;1;0;0;0;0;0;;;0;20;0;1;0;0;0;0;0;0;0;0;0;0;0;14;0;92213;0;0;49;2;0;0;0;0;0;0;18496;2;0;0;0;0;0;0;0;0;239364;6115;0;0;0;1001784;83;0;718471;0;0;239314;9498;0;0;0;0;0;0;10;1952;0;0;0;0;2678;0;0;0;1;0;0;0;0;0;2;;0;0;1;0;0;143;0;0;0;;0;2;0;0;0;84930;0;0;0;0;0;0;0;0;0;57;0;0;2368450;14;0;51874;238199;0;0;0;1;0;96;0;0;0;0;0;1730;9566;1;0
0;0;2;0;0;0;0;0;;0;;5257;258380;0;0;1;0;0;;;0;0;0;0;0;0;0;719278;32513;0;0;0;719216;0;0;0;1;0;0;0;0;0;;;0;20;0;1;0;0;0;0;0;0;0;0;0;0;0;14;0;92213;0;0;49;2;0;0;0;0;0;0;18496;2;0;0;0;0;0;0;0;0;239448;6115;0;0;0;2002808;84;0;718723;0;0;239398;9498;0;0;0;0;0;0;10;1953;0;0;0;0;2679;0;0;0;1;0;0;0;0;0;2;;0;0;1;0;0;143;0;0;0;;0;2;0;0;0;84932;0;0;0;0;0;0;0;0;0;57;0;0;2368701;14;0;51874;238282;0;0;0;1;0;96;0;0;0;0;0;1730;9566;1;0
0;0;2;0;0;0;0;0;;0;;5259;258464;0;0;1;0;0;;;0;0;0;0;0;0;0;719529;32513;0;0;0;719466;0;0;0;1;0;0;0;0;0;;;0;20;0;1;0;0;0;0;0;0;0;0;0;0;0;14;0;92221;0;0;49;2;0;0;0;0;0;0;18496;2;0;0;0;0;0;0;0;0;239531;6117;0;0;0;3003848;84;0;718973;0;0;239481;9498;0;0;0;0;0;0;10;1953;0;0;0;0;2679;0;0;0;1;0;0;0;0;0;2;;0;0;1;0;0;143;0;0;0;;0;2;0;0;0;84962;0;0;0;0;0;0;0;0;0;57;0;0;2368952;14;0;51874;238366;0;0;0;1;0;97;0;0;0;0;0;1730;9568;1;0
0;0;2;0;0;0;0;0;0;0;0;5262;258550;0;0;1;0;0;0;0;0;0;0;0;0;0;0;719780;32514;0;0;0;719716;0;0;0;1;0;0;0;0;0;0;0;0;20;0;1;0;0;0;0;0;0;0;0;0;0;0;14;0;92221;0;0;49;2;0;0;0;0;0;0;18496;2;0;0;0;0;0;0;0;0;239615;6118;0;0;0;4004858;85;0;719223;0;0;239564;9498;0;0;0;0;0;0;10;1954;0;0;0;0;2680;0;0;0;1;0;0;0;0;0;2;0;0;0;1;0;0;143;0;0;0;0;0;2;0;0;0;84962;0;0;0;0;0;0;0;0;0;57;0;0;2369518;14;0;51874;238449;0;0;0;1;0;97;0;0;0;0;0;1730;9569;1;0
0;0;2;0;0;0;0;0;0;0;0;5262;258645;0;0;1;0;0;0;0;0;0;0;0;0;0;0;720031;32514;0;0;0;719968;0;0;0;1;0;0;0;0;0;0;0;0;20;0;1;0;0;0;0;0;0;0;0;0;0;0;14;0;92221;0;0;49;2;0;0;0;0;0;0;18496;2;0;0;0;0;0;0;0;0;239698;6118;0;0;0;5005885;85;0;719473;0;0;239648;9498;0;0;0;0;0;0;10;1954;0;0;0;0;2680;0;0;0;1;0;0;0;0;0;2;0;0;0;1;0;0;143;0;0;0;0;0;2;0;0;0;84962;0;0;0;0;0;0;0;0;0;57;0;0;2370708;14;0;51874;238533;0;0;0;1;0;97;0;0;0;0;0;1730;9569;1;0
0;0;2;0;0;0;0;0;0;0;0;5262;258740;0;0;1;0;0;0;0;0;0;0;0;0;0;0;720283;32515;0;0;0;720218;0;0;0;1;0;0;0;0;0;0;0;0;20;0;1;0;0;0;0;0;0;0;0;0;0;0;14;0;92221;0;0;49;2;0;0;0;0;0;0;18496;2;0;0;0;0;0;0;0;0;239782;6118;0;0;0;6006903;86;0;719725;0;0;239731;9498;0;0;0;0;0;0;10;1955;0;0;0;0;2681;0;0;0;1;0;0;0;0;0;2;0;0;0;1;0;0;143;0;0;0;0;0;2;0;0;0;84962;0;0;0;0;0;0;0;0;0;57;0;0;2371909;14;0;51874;238616;0;0;0;1;0;97;0;0;0;0;0;1730;9569;1;0
0;0;2;0;0;0;0;0;0;0;0;5262;258835;0;0;1;0;0;0;0;0;0;0;0;0;0;0;720534;32515;0;0;0;720468;0;0;0;1;0;0;0;0;0;0;0;0;20;0;1;0;0;0;0;0;0;0;0;0;0;0;14;0;92221;0;0;49;2;0;0;0;0;0;0;18496;2;0;0;0;0;0;0;0;0;239865;6118;0;0;0;7007919;86;0;719975;0;0;239815;9498;0;0;0;0;0;0;10;1955;0;0;0;0;2681;0;0;0;1;0;0;0;0;0;2;0;0;0;1;0;0;143;0;0;0;0;0;2;0;0;0;84962;0;0;0;0;0;0;0;0;0;57;0;0;2373105;14;0;51874;238699;0;0;0;1;0;98;0;0;0;0;0;1730;9569;1;0
0;0;2;0;0;0;0;0;0;0;0;5262;258930;0;0;1;0;0;0;0;0;0;0;0;0;0;0;720785;32516;0;0;0;720720;0;0;0;1;0;0;0;0;0;0;0;0;20;0;1;0;0;0;0;0;0;0;0;0;0;0;14;0;92226;0;0;49;2;0;0;0;0;0;0;18496;2;0;0;0;0;0;0;0;0;239948;6118;0;0;0;8008953;87;0;720225;0;0;239898;9498;0;0;0;0;0;0;10;1956;0;0;0;0;2696;0;0;0;1;0;0;0;0;0;2;0;0;0;1;0;0;143;0;0;0;0;0;2;0;0;0;84993;0;0;0;0;0;0;0;0;0;57;0;0;2374304;14;0;51874;238783;0;0;0;1;0;98;0;0;0;0;0;1730;9569;1;0
0;0;2;0;0;0;0;0;0;0;0;5262;259025;0;0;1;0;0;0;0;0;0;0;0;0;0;0;721037;32516;0;0;0;720970;0;0;0;1;0;0;0;0;0;0;0;0;20;0;1;0;0;0;0;0;0;0;0;0;0;0;14;0;92226;0;0;49;2;0;0;0;0;0;0;18496;2;0;0;0;0;0;0;0;0;240032;6118;0;0;0;9009973;90;0;720476;0;0;239982;9498;0;0;0;0;0;0;10;1956;0;0;0;0;2701;0;0;0;1;0;0;0;0;0;2;0;0;0;1;0;0;143;0;0;0;0;0;2;0;0;0;84994;0;0;0;0;0;0;0;0;0;57;0;0;2375504;14;0;51874;238866;0;0;0;1;0;98;0;0;0;0;0;1730;9569;1;0
0;0;2;0;0;0;0;0;0;0;0;5262;259120;0;0;1;0;0;0;0;0;0;0;0;0;0;0;721288;32517;0;0;0;721221;0;0;0;1;0;0;0;0;0;0;0;0;20;0;1;0;0;0;0;0;0;0;0;0;0;0;14;0;92227;0;0;49;2;0;0;0;0;0;0;18496;2;0;0;0;0;0;0;0;0;240115;6118;0;0;0;10010989;91;0;720727;0;0;240065;9498;0;0;0;0;0;0;10;1957;0;0;0;0;2702;0;0;0;1;0;0;0;0;0;2;0;0;0;1;0;0;143;0;0;0;0;0;2;0;0;0;84994;0;0;0;0;0;0;0;0;0;57;0;0;2376702;14;0;51874;238950;0;0;0;1;0;98;0;0;0;0;0;1730;9569;1;0
0;0;2;0;0;0;0;0;0;0;0;5262;259215;0;0;1;0;0;0;0;0;0;0;0;0;0;0;721539;32517;0;0;0;721471;0;0;0;1;0;0;0;0;0;0;0;0;20;0;1;0;0;0;0;0;0;0;0;0;0;0;14;0;92227;0;0;49;2;0;0;0;0;0;0;18496;2;0;0;0;0;0;0;0;0;240199;6118;0;0;0;11012005;91;0;720977;0;0;240148;9498;0;0;0;0;0;0;10;1957;0;0;0;0;2702;0;0;0;1;0;0;0;0;0;2;0;0;0;1;0;0;143;0;0;0;0;0;2;0;0;0;84994;0;0;0;0;0;0;0;0;0;57;0;0;2377901;14;0;51874;239033;0;0;0;1;0;98;0;0;0;0;0;1730;9569;1;0
0;0;2;0;0;0;0;0;0;0;0;5262;259310;0;0;1;0;0;0;0;0;0;0;0;0;0;0;721790;32518;0;0;0;721722;0;0;0;1;0;0;0;0;0;0;0;0;20;0;1;0;0;0;0;0;0;0;0;0;0;0;14;0;92227;0;0;49;2;0;0;0;0;0;0;18496;2;0;0;0;0;0;0;0;0;240282;6118;0;0;0;12013033;92;0;721227;0;0;240232;9498;0;0;0;0;0;0;10;1958;0;0;0;0;2703;0;0;0;1;0;0;0;0;0;2;0;0;0;1;0;0;143;0;0;0;0;0;2;0;0;0;84994;0;0;0;0;0;0;0;0;0;57;0;0;2379100;14;0;51874;239117;0;0;0;1;0;99;0;0;0;0;0;1730;9569;1;0
0;0;2;0;0;0;0;0;0;0;0;5262;259405;0;0;1;0;0;0;0;0;0;0;0;0;0;0;722042;32518;0;0;0;721972;0;0;0;1;0;0;0;0;0;0;0;0;20;0;1;0;0;0;0;0;0;0;0;0;0;0;14;0;92227;0;0;49;2;0;0;0;0;0;0;18496;2;0;0;0;0;0;0;0;0;240365;6118;0;0;0;13014052;92;0;721477;0;0;240315;9498;0;0;0;0;0;0;10;1958;0;0;0;0;2703;0;0;0;1;0;0;0;0;0;2;0;0;0;1;0;0;143;0;0;0;0;0;2;0;0;0;84994;0;0;0;0;0;0;0;0;0;57;0;0;2380299;14;0;51874;239200;0;0;0;1;0;99;0;0;0;0;0;1730;9569;1;0
0;0;2;0;0;0;0;0;0;0;0;5262;259500;0;0;1;0;0;0;0;0;0;0;0;0;0;0;722293;32519;0;0;0;722222;0;0;0;1;0;0;0;0;0;0;0;0;20;0;1;0;0;0;0;0;0;0;0;0;0;0;14;0;92227;0;0;49;2;0;0;0;0;0;0;18496;2;0;0;0;0;0;0;0;0;240449;6118;0;0;0;14015071;93;0;721728;0;0;240399;9498;0;0;0;0;0;0;10;1959;0;0;0;0;2704;0;0;0;1;0;0;0;0;0;2;0;0;0;1;0;0;143;0;0;0;0;0;2;0;0;0;84994;0;0;0;0;0;0;0;0;0;57;0;0;2381498;14;0;51874;239283;0;0;0;1;0;99;0;0;0;0;0;1730;9569;1;0
0;0;2;0;0;0;0;0;0;0;0;5262;259595;0;0;1;0;0;0;0;0;0;0;0;0;0;0;722544;32519;0;0;0;722472;0;0;0;1;0;0;0;0;0;0;0;0;20;0;1;0;0;0;0;0;0;0;0;0;0;0;14;0;92227;0;0;49;2;0;0;0;0;0;0;18496;2;0;0;0;0;0;0;0;0;240532;6118;0;0;0;15016090;93;0;721978;0;0;240482;9498;0;0;0;0;0;0;10;1959;0;0;0;0;2704;0;0;0;1;0;0;0;0;0;2;0;0;0;1;0;0;143;0;0;0;0;0;2;0;0;0;84994;0;0;0;0;0;0;0;0;0;57;0;0;2382698;14;0;51874;239367;0;0;0;1;0;99;0;0;0;0;0;1730;9569;1;0
0;0;2;0;0;0;0;0;0;0;0;5262;259690;0;0;1;0;0;0;0;0;0;0;0;0;0;0;722795;32520;0;0;0;722724;0;0;0;1;0;0;0;0;0;0;0;0;20;0;1;0;0;0;0;0;0;0;0;0;0;0;14;0;92227;0;0;49;2;0;0;0;0;0;0;18496;2;0;0;0;0;0;0;0;0;240616;6118;0;0;0;16017109;94;0;722228;0;0;240566;9498;0;0;0;0;0;0;10;1960;0;0;0;0;2705;0;0;0;1;0;0;0;0;0;2;0;0;0;1;0;0;143;0;0;0;0;0;2;0;0;0;84994;0;0;0;0;0;0;0;0;0;57;0;0;2383896;14;0;51874;239450;0;0;0;1;0;99;0;0;0;0;0;1730;9569;1;0
0;0;2;0;0;0;0;0;0;0;0;5262;259785;0;0;1;0;0;0;0;0;0;0;0;0;0;0;723047;32520;0;0;0;722974;0;0;0;1;0;0;0;0;0;0;0;0;20;0;1;0;0;0;0;0;0;0;0;0;0;0;14;0;92227;0;0;49;2;0;0;0;0;0;0;18496;2;0;0;0;0;0;0;0;0;240699;6118;0;0;0;17018132;94;0;722478;0;0;240649;9498;0;0;0;0;0;0;10;1960;0;0;0;0;2705;0;0;0;1;0;0;0;0;0;2;0;0;0;1;0;0;143;0;0;0;0;0;2;0;0;0;84994;0;0;0;0;0;0;0;0;0;57;0;0;2385096;14;0;51874;239534;0;0;0;1;0;99;0;0;0;0;0;1730;9569;1;0
0;0;2;0;0;0;0;0;0;0;0;5262;259880;0;0;1;0;0;0;0;0;0;0;0;0;0;0;723298;32521;0;0;0;723224;0;0;0;1;0;0;0;0;0;0;0;0;20;0;1;0;0;0;0;0;0;0;0;0;0;0;14;0;92227;0;0;49;2;0;0;0;0;0;0;18496;2;0;0;0;0;0;0;0;0;240783;6118;0;0;0;18019149;95;0;722729;0;0;240733;9498;0;0;0;0;0;0;10;1961;0;0;0;0;2706;0;0;0;1;0;0;0;0;0;2;0;0;0;1;0;0;143;0;0;0;0;0;2;0;0;0;84994;0;0;0;0;0;0;0;0;0;57;0;0;2386296;14;0;51874;239617;0;0;0;1;0;99;0;0;0;0;0;1730;9569;1;0
0;0;2;0;0;0;0;0;0;0;0;5262;259975;0;0;1;0;0;0;0;0;0;0;0;0;0;0;723549;32521;0;0;0;723474;0;0;0;1;0;0;0;0;0;0;0;0;20;0;1;0;0;0;0;0;0;0;0;0;0;0;14;0;92227;0;0;49;2;0;0;0;0;0;0;18496;2;0;0;0;0;0;0;0;0;240866;6118;0;0;0;19020178;95;0;722979;0;0;240816;9498;0;0;0;0;0;0;10;1961;0;0;0;0;2706;0;0;0;1;0;0;0;0;0;2;0;0;0;1;0;0;143;0;0;0;0;0;2;0;0;0;84994;0;0;0;0;0;0;0;0;0;57;0;0;2387495;14;0;51874;239701;0;0;0;1;0;99;0;0;0;0;0;1730;9569;1;0
0;0;2;0;0;0;0;0;0;0;0;5262;260070;0;0;1;0;0;0;0;0;0;0;0;0;0;0;723800;32522;0;0;0;723725;0;0;0;1;0;0;0;0;0;0;0;0;20;0;1;0;0;0;0;0;0;0;0;0;0;0;14;0;92227;0;0;49;2;0;0;0;0;0;0;18496;2;0;0;0;0;0;0;0;0;240949;6118;0;0;0;20021195;96;0;723229;0;0;240900;9498;0;0;0;0;0;0;10;1962;0;0;0;0;2707;0;0;0;1;0;0;0;0;0;2;0;0;0;1;0;0;143;0;0;0;0;0;2;0;0;0;84994;0;0;0;0;0;0;0;0;0;57;0;0;2388694;14;0;51874;239784;0;0;0;1;0;99;0;0;0;0;0;1730;9569;1;0
0;0;2;0;0;0;0;0;0;0;0;5262;260165;0;0;1;0;0;0;0;0;0;0;0;0;0;0;724052;32522;0;0;0;723975;0;0;0;1;0;0;0;0;0;0;0;0;20;0;1;0;0;0;0;0;0;0;0;0;0;0;14;0;92227;0;0;49;2;0;0;0;0;0;0;18496;2;0;0;0;0;0;0;0;0;241033;6118;0;0;0;21022213;96;0;723479;0;0;240983;9498;0;0;0;0;0;0;10;1962;0;0;0;0;2707;0;0;0;1;0;0;0;0;0;2;0;0;0;1;0;0;143;0;0;0;0;0;2;0;0;0;84994;0;0;0;0;0;0;0;0;0;57;0;0;2389894;14;0;51874;239867;0;0;0;1;0;99;0;0;0;0;0;1730;9569;1;0
0;0;2;0;0;0;0;0;0;0;0;5262;260260;0;0;1;0;0;0;0;0;0;0;0;0;0;0;724303;32523;0;0;0;724225;0;0;0;1;0;0;0;0;0;0;0;0;20;0;1;0;0;0;0;0;0;0;0;0;0;0;14;0;92227;0;0;49;2;0;0;0;0;0;0;18496;2;0;0;0;0;0;0;0;0;241116;6118;0;0;0;22023231;97;0;723730;0;0;241066;9498;0;0;0;0;0;0;10;1963;0;0;0;0;2708;0;0;0;1;0;0;0;0;0;2;0;0;0;1;0;0;143;0;0;0;0;0;2;0;0;0;84994;0;0;0;0;0;0;0;0;0;57;0;0;2391094;14;0;51874;239951;0;0;0;1;0;99;0;0;0;0;0;1730;9569;1;0
0;0;2;0;0;0;0;0;0;0;0;5262;260355;0;0;1;0;0;0;0;0;0;0;0;0;0;0;724554;32523;0;0;0;724475;0;0;0;1;0;0;0;0;0;0;0;0;20;0;1;0;0;0;0;0;0;0;0;0;0;0;14;0;92227;0;0;49;2;0;0;0;0;0;0;18496;2;0;0;0;0;0;0;0;0;241200;6118;0;0;0;23024249;97;0;723980;0;0;241150;9498;0;0;0;0;0;0;10;1963;0;0;0;0;2708;0;0;0;1;0;0;0;0;0;2;0;0;0;1;0;0;143;0;0;0;0;0;2;0;0;0;84994;0;0;0;0;0;0;0;0;0;57;0;0;2392293;14;0;51874;240034;0;0;0;1;0;99;0;0;0;0;0;1730;9569;1;0
0;0;2;0;0;0;0;0;0;0;0;5262;260449;0;0;1;0;0;0;0;0;0;0;0;0;0;0;724805;32524;0;0;0;724726;0;0;0;1;0;0;0;0;0;0;0;0;20;0;1;0;0;0;0;0;0;0;0;0;0;0;14;0;92228;0;0;49;2;0;0;0;0;0;0;18496;2;0;0;0;0;0;0;0;0;241283;6118;0;0;0;24025294;100;0;724230;0;0;241233;9498;0;0;0;0;0;0;10;1964;0;0;0;0;2714;0;0;0;1;0;0;0;0;0;2;0;0;0;1;0;0;143;0;0;0;0;0;2;0;0;0;84996;0;0;0;0;0;0;0;0;0;57;0;0;2393492;14;0;51874;240118;0;0;0;1;0;99;0;0;0;0;0;1730;9569;1;0
0;0;2;0;0;0;0;0;0;0;0;5262;260544;0;0;1;0;0;0;0;0;0;0;0;0;0;0;725057;32529;0;0;0;724977;0;0;0;1;0;0;0;0;0;0;0;0;20;0;1;0;0;0;0;0;0;0;0;0;0;0;14;0;92228;0;0;49;2;0;0;0;0;0;0;18496;2;0;0;0;0;0;0;0;0;241366;6118;0;0;0;25026313;100;0;724480;0;0;241317;9498;0;0;0;0;0;0;10;1964;0;0;0;0;2717;0;0;0;1;0;0;0;0;0;2;0;0;0;1;0;0;143;0;0;0;0;0;2;0;0;0;84996;0;0;0;0;0;0;0;0;0;57;0;0;2394693;14;0;51874;240201;0;0;0;1;0;99;0;0;0;0;0;1730;9569;1;0
0;0;2;0;0;0;0;0;0;0;0;5262;260640;0;0;1;0;0;0;0;0;0;0;0;0;0;0;725308;32530;0;0;0;725227;0;0;0;1;0;0;0;0;0;0;0;0;20;0;1;0;0;0;0;0;0;0;0;0;0;0;14;0;92228;0;0;49;2;0;0;0;0;0;0;18496;2;0;0;0;0;0;0;0;0;241450;6118;0;0;0;26027324;101;0;724732;0;0;241400;9498;0;0;0;0;0;0;10;1965;0;0;0;0;2718;0;0;0;1;0;0;0;0;0;2;0;0;0;1;0;0;143;0;0;0;0;0;2;0;0;0;84996;0;0;0;0;0;0;0;0;0;57;0;0;2395892;14;0;51874;240284;0;0;0;1;0;99;0;0;0;0;0;1730;9569;1;0
0;0;2;0;0;0;0;0;0;0;0;5262;260734;0;0;1;0;0;0;0;0;0;0;0;0;0;0;725559;32530;0;0;0;725477;0;0;0;1;0;0;0;0;0;0;0;0;20;0;1;0;0;0;0;0;0;0;0;0;0;0;14;0;92228;0;0;49;2;0;0;0;0;0;0;18496;2;0;0;0;0;0;0;0;0;241533;6118;0;0;0;27028340;101;0;724982;0;0;241483;9498;0;0;0;0;0;0;10;1965;0;0;0;0;2718;0;0;0;1;0;0;0;0;0;2;0;0;0;1;0;0;143;0;0;0;0;0;2;0;0;0;84996;0;0;0;0;0;0;0;0;0;57;0;0;2397090;14;0;51874;240368;0;0;0;1;0;99;0;0;0;0;0;1730;9569;1;0
0;0;2;0;0;0;0;0;0;0;0;5262;260829;0;0;1;0;0;0;0;0;0;0;0;0;0;0;725810;32531;0;0;0;725728;0;0;0;1;0;0;0;0;0;0;0;0;20;0;1;0;0;0;0;0;0;0;0;0;0;0;14;0;92228;0;0;49;2;0;0;0;0;0;0;18496;2;0;0;0;0;0;0;0;0;241617;6118;0;0;0;28029358;102;0;725232;0;0;241567;9498;0;0;0;0;0;0;10;1966;0;0;0;0;2719;0;0;0;1;0;0;0;0;0;2;0;0;0;1;0;0;143;0;0;0;0;0;2;0;0;0;84996;0;0;0;0;0;0;0;0;0;57;0;0;2398289;14;0;51874;240451;0;0;0;1;0;99;0;0;0;0;0;1730;9569;1;0
0;0;2;0;0;0;0;0;0;0;0;5262;260924;0;0;1;0;0;0;0;0;0;0;0;0;0;0;726062;32531;0;0;0;725978;0;0;0;1;0;0;0;0;0;0;0;0;20;0;1;0;0;0;0;0;0;0;0;0;0;0;14;0;92228;0;0;49;2;0;0;0;0;0;0;18496;2;0;0;0;0;0;0;0;0;241700;6118;0;0;0;29030376;102;0;725482;0;0;241650;9498;0;0;0;0;0;0;10;1966;0;0;0;0;2719;0;0;0;1;0;0;0;0;0;2;0;0;0;1;0;0;143;0;0;0;0;0;2;0;0;0;84996;0;0;0;0;0;0;0;0;0;57;0;0;2399490;14;0;51874;240535;0;0;0;1;0;99;0;0;0;0;0;1730;9569;1;0
0;0;2;0;0;0;0;0;0;0;0;5262;261019;0;0;1;0;0;0;0;0;0;0;0;0;0;0;726313;32532;0;0;0;726228;0;0;0;1;0;0;0;0;0;0;0;0;20;0;1;0;0;0;0;0;0;0;0;0;0;0;14;0;92228;0;0;49;2;0;0;0;0;0;0;18496;2;0;0;0;0;0;0;0;0;241784;6118;0;0;0;30031397;103;0;725733;0;0;241734;9498;0;0;0;0;0;0;10;1967;0;0;0;0;2720;0;0;0;1;0;0;0;0;0;2;0;0;0;1;0;0;143;0;0;0;0;0;2;0;0;0;84996;0;0;0;0;0;0;0;0;0;57;0;0;2400688;14;0;51874;240618;0;0;0;1;0;99;0;0;0;0;0;1730;9569;1;0
0;0;2;0;0;0;0;0;0;0;0;5262;261114;0;0;1;0;0;0;0;0;0;0;0;0;0;0;726564;32532;0;0;0;726478;0;0;0;1;0;0;0;0;0;0;0;0;20;0;1;0;0;0;0;0;0;0;0;0;0;0;14;0;92228;0;0;49;2;0;0;0;0;0;0;18496;2;0;0;0;0;0;0;0;0;241867;6118;0;0;0;31032425;103;0;725983;0;0;241817;9498;0;0;0;0;0;0;10;1967;0;0;0;0;2720;0;0;0;1;0;0;0;0;0;2;0;0;0;1;0;0;143;0;0;0;0;0;2;0;0;0;84996;0;0;0;0;0;0;0;0;0;57;0;0;2401887;14;0;51874;240702;0;0;0;1;0;99;0;0;0;0;0;1730;9569;1;0
0;0;2;0;0;0;0;0;0;0;0;5262;261209;0;0;1;0;0;0;0;0;0;0;0;0;0;0;726815;32537;0;0;0;726729;0;0;0;1;0;0;0;0;0;0;0;0;20;0;1;0;0;0;0;0;0;0;0;0;0;0;14;0;92228;0;0;49;2;0;0;0;0;0;0;18496;2;0;0;0;0;0;0;0;0;241951;6118;0;0;0;32033459;104;0;726233;0;0;241901;9498;0;0;0;0;0;0;10;1968;0;0;0;0;2723;0;0;0;1;0;0;0;0;0;2;0;0;0;1;0;0;143;0;0;0;0;0;2;0;0;0;84996;0;0;0;0;0;0;0;0;0;57;0;0;2403088;14;0;51874;240785;0;0;0;1;0;99;0;0;0;0;0;1730;9569;1;0
0;0;2;0;0;0;0;0;0;0;0;5262;261304;0;0;1;0;0;0;0;0;0;0;0;0;0;0;727067;32537;0;0;0;726980;0;0;0;1;0;0;0;0;0;0;0;0;20;0;1;0;0;0;0;0;0;0;0;0;0;0;14;0;92228;0;0;49;2;0;0;0;0;0;0;18496;2;0;0;0;0;0;0;0;0;242034;6118;0;0;0;33034480;104;0;726484;0;0;241984;9498;0;0;0;0;0;0;10;1968;0;0;0;0;2723;0;0;0;1;0;0;0;0;0;2;0;0;0;1;0;0;143;0;0;0;0;0;2;0;0;0;84996;0;0;0;0;0;0;0;0;0;57;0;0;2404286;14;0;51874;240868;0;0;0;1;0;99;0;0;0;0;0;1730;9569;1;0
0;0;2;0;0;0;0;0;0;0;0;5262;261399;0;0;1;0;0;0;0;0;0;0;0;0;0;0;727318;32538;0;0;0;727230;0;0;0;1;0;0;0;0;0;0;0;0;20;0;1;0;0;0;0;0;0;0;0;0;0;0;14;0;92228;0;0;49;2;0;0;0;0;0;0;18496;2;0;0;0;0;0;0;0;0;242118;6118;0;0;0;34035502;112;0;726734;0;0;242067;9498;0;0;0;0;0;0;10;1969;0;0;0;0;2724;0;0;0;1;0;0;0;0;0;2;0;0;0;1;0;0;143;0;0;0;0;0;2;0;0;0;84996;0;0;0;0;0;0;0;0;0;57;0;0;2405485;14;0;51874;240952;0;0;0;1;0;99;0;0;0;0;0;1730;9569;1;0
0;0;2;0;0;0;0;0;0;0;0;5262;261494;0;0;1;0;0;0;0;0;0;0;0;0;0;0;727569;32538;0;0;0;727480;0;0;0;1;0;0;0;0;0;0;0;0;20;0;1;0;0;0;0;0;0;0;0;0;0;0;14;0;92228;0;0;49;2;0;0;0;0;0;0;18496;2;0;0;0;0;0;0;0;0;242201;6118;0;0;0;35036512;112;0;726984;0;0;242151;9498;0;0;0;0;0;0;10;1969;0;0;0;0;2724;0;0;0;1;0;0;0;0;0;2;0;0;0;1;0;0;143;0;0;0;0;0;2;0;0;0;84996;0;0;0;0;0;0;0;0;0;57;0;0;2406684;14;0;51874;241035;0;0;0;1;0;99;0;0;0;0;0;1730;9569;1;0
0;0;2;0;0;0;0;0;0;0;0;5262;261589;0;0;1;0;0;0;0;0;0;0;0;0;0;0;727820;32539;0;0;0;727732;0;0;0;1;0;0;0;0;0;0;0;0;20;0;1;0;0;0;0;0;0;0;0;0;0;0;14;0;92228;0;0;49;2;0;0;0;0;0;0;18496;2;0;0;0;0;0;0;0;0;242284;6118;0;0;0;36037543;113;0;727234;0;0;242235;9498;0;0;0;0;0;0;10;1970;0;0;0;0;2725;0;0;0;1;0;0;0;0;0;2;0;0;0;1;0;0;143;0;0;0;0;0;2;0;0;0;84996;0;0;0;0;0;0;0;0;0;57;0;0;2407885;14;0;51874;241119;0;0;0;1;0;99;0;0;0;0;0;1730;9569;1;0
0;0;2;0;0;0;0;0;0;0;0;5262;261684;0;0;1;0;0;0;0;0;0;0;0;0;0;0;728072;32539;0;0;0;727982;0;0;0;1;0;0;0;0;0;0;0;0;20;0;1;0;0;0;0;0;0;0;0;0;0;0;14;0;92228;0;0;49;2;0;0;0;0;0;0;18496;2;0;0;0;0;0;0;0;0;242368;6118;0;0;0;37038559;113;0;727485;0;0;242318;9498;0;0;0;0;0;0;10;1970;0;0;0;0;2725;0;0;0;1;0;0;0;0;0;2;0;0;0;1;0;0;143;0;0;0;0;0;2;0;0;0;84996;0;0;0;0;0;0;0;0;0;57;0;0;2409084;14;0;51874;241202;0;0;0;1;0;99;0;0;0;0;0;1730;9569;1;0
0;0;2;0;0;0;0;0;0;0;0;5262;261779;0;0;1;0;0;0;0;0;0;0;0;0;0;0;728323;32540;0;0;0;728232;0;0;0;1;0;0;0;0;0;0;0;0;20;0;1;0;0;0;0;0;0;0;0;0;0;0;14;0;92228;0;0;49;2;0;0;0;0;0;0;18496;2;0;0;0;0;0;0;0;0;242451;6118;0;0;0;38039579;114;0;727735;0;0;242401;9498;0;0;0;0;0;0;10;1971;0;0;0;0;2726;0;0;0;1;0;0;0;0;0;2;0;0;0;1;0;0;143;0;0;0;0;0;2;0;0;0;84996;0;0;0;0;0;0;0;0;0;57;0;0;2410283;14;0;51874;241285;0;0;0;1;0;99;0;0;0;0;0;1730;9569;1;0
0;0;2;0;0;0;0;0;0;0;0;5262;261874;0;0;1;0;0;0;0;0;0;0;0;0;0;0;728574;32540;0;0;0;728482;0;0;0;1;0;0;0;0;0;0;0;0;20;0;1;0;0;0;0;0;0;0;0;0;0;0;14;0;92228;0;0;49;2;0;0;0;0;0;0;18496;2;0;0;0;0;0;0;0;0;242535;6118;0;0;0;39040596;114;0;727985;0;0;242485;9498;0;0;0;0;0;0;10;1971;0;0;0;0;2726;0;0;0;1;0;0;0;0;0;2;0;0;0;1;0;0;143;0;0;0;0;0;2;0;0;0;84996;0;0;0;0;0;0;0;0;0;57;0;0;2411482;14;0;51874;241369;0;0;0;1;0;99;0;0;0;0;0;1730;9569;1;0
0;0;2;0;0;0;0;0;0;0;0;5262;261969;0;0;1;0;0;0;0;0;0;0;0;0;0;0;728825;32541;0;0;0;728733;0;0;0;1;0;0;0;0;0;0;0;0;20;0;1;0;0;0;0;0;0;0;0;0;0;0;14;0;92228;0;0;49;2;0;0;0;0;0;0;18496;2;0;0;0;0;0;0;0;0;242618;6118;0;0;0;40041614;115;0;728235;0;0;242568;9498;0;0;0;0;0;0;10;1972;0;0;0;0;2727;0;0;0;1;0;0;0;0;0;2;0;0;0;1;0;0;143;0;0;0;0;0;2;0;0;0;84996;0;0;0;0;0;0;0;0;0;57;0;0;2412681;14;0;51874;241452;0;0;0;1;0;99;0;0;0;0;0;1730;9569;1;0
0;0;2;0;0;0;0;0;0;0;0;5262;262064;0;0;1;0;0;0;0;0;0;0;0;0;0;0;729077;32541;0;0;0;728983;0;0;0;1;0;0;0;0;0;0;0;0;20;0;1;0;0;0;0;0;0;0;0;0;0;0;14;0;92228;0;0;49;2;0;0;0;0;0;0;18496;2;0;0;0;0;0;0;0;0;242702;6118;0;0;0;41042632;115;0;728486;0;0;242652;9498;0;0;0;0;0;0;10;1972;0;0;0;0;2727;0;0;0;1;0;0;0;0;0;2;0;0;0;1;0;0;143;0;0;0;0;0;2;0;0;0;84996;0;0;0;0;0;0;0;0;0;57;0;0;2413880;14;0;51874;241536;0;0;0;1;0;99;0;0;0;0;0;1730;9569;1;0
0;0;2;0;0;0;0;0;0;0;0;5262;262159;0;0;1;0;0;0;0;0;0;0;0;0;0;0;729328;32542;0;0;0;729233;0;0;0;1;0;0;0;0;0;0;0;0;20;0;1;0;0;0;0;0;0;0;0;0;0;0;14;0;92228;0;0;49;2;0;0;0;0;0;0;18496;2;0;0;0;0;0;0;0;0;242785;6118;0;0;0;42043650;116;0;728736;0;0;242735;9498;0;0;0;0;0;0;10;1973;0;0;0;0;2728;0;0;0;1;0;0;0;0;0;2;0;0;0;1;0;0;143;0;0;0;0;0;2;0;0;0;84996;0;0;0;0;0;0;0;0;0;57;0;0;2415076;14;0;51874;241619;0;0;0;1;0;99;0;0;0;0;0;1730;9569;1;0
0;0;2;0;0;0;0;0;0;0;0;5262;262254;0;0;1;0;0;0;0;0;0;0;0;0;0;0;729579;32542;0;0;0;729483;0;0;0;1;0;0;0;0;0;0;0;0;20;0;1;0;0;0;0;0;0;0;0;0;0;0;14;0;92228;0;0;49;2;0;0;0;0;0;0;18496;2;0;0;0;0;0;0;0;0;242868;6118;0;0;0;43044678;116;0;728986;0;0;242818;9498;0;0;0;0;0;0;10;1973;0;0;0;0;2728;0;0;0;1;0;0;0;0;0;2;0;0;0;1;0;0;143;0;0;0;0;0;2;0;0;0;84996;0;0;0;0;0;0;0;0;0;57;0;0;2416273;14;0;51874;241703;0;0;0;1;0;99;0;0;0;0;0;1730;9569;1;0
0;0;2;0;0;0;0;0;0;0;0;5262;262349;0;0;1;0;0;0;0;0;0;0;0;0;0;0;729830;32543;0;0;0;729734;0;0;0;1;0;0;0;0;0;0;0;0;20;0;1;0;0;0;0;0;0;0;0;0;0;0;14;0;92228;0;0;49;2;0;0;0;0;0;0;18496;2;0;0;0;0;0;0;0;0;242952;6118;0;0;0;44045697;117;0;729236;0;0;242902;9498;0;0;0;0;0;0;10;1974;0;0;0;0;2729;0;0;0;1;0;0;0;0;0;2;0;0;0;1;0;0;143;0;0;0;0;0;2;0;0;0;84996;0;0;0;0;0;0;0;0;0;57;0;0;2417471;14;0;51874;241786;0;0;0;1;0;99;0;0;0;0;0;1730;9569;1;0
0;0;2;0;0;0;0;0;0;0;0;5262;262444;0;0;1;0;0;0;0;0;0;0;0;0;0;0;730082;32543;0;0;0;729984;0;0;0;1;0;0;0;0;0;0;0;0;20;0;1;0;0;0;0;0;0;0;0;0;0;0;14;0;92228;0;0;49;2;0;0;0;0;0;0;18496;2;0;0;0;0;0;0;0;0;243035;6118;0;0;0;45046716;117;0;729487;0;0;242985;9498;0;0;0;0;0;0;10;1974;0;0;0;0;2729;0;0;0;1;0;0;0;0;0;2;0;0;0;1;0;0;143;0;0;0;0;0;2;0;0;0;84996;0;0;0;0;0;0;0;0;0;57;0;0;2418667;14;0;51874;241869;0;0;0;1;0;99;0;0;0;0;0;1730;9569;1;0
0;0;2;0;0;0;0;0;0;0;0;5262;262539;0;0;1;0;0;0;0;0;0;0;0;0;0;0;730333;32544;0;0;0;730234;0;0;0;1;0;0;0;0;0;0;0;0;20;0;1;0;0;0;0;0;0;0;0;0;0;0;14;0;92228;0;0;49;2;0;0;0;0;0;0;18496;2;0;0;0;0;0;0;0;0;243119;6118;0;0;0;46047736;118;0;729738;0;0;243069;9498;0;0;0;0;0;0;10;1975;0;0;0;0;2730;0;0;0;1;0;0;0;0;0;2;0;0;0;1;0;0;143;0;0;0;0;0;2;0;0;0;84996;0;0;0;0;0;0;0;0;0;57;0;0;2419864;14;0;51874;241953;0;0;0;1;0;99;0;0;0;0;0;1730;9569;1;0
0;0;2;0;0;0;0;0;0;0;0;5262;262634;0;0;1;0;0;0;0;0;0;0;0;0;0;0;730584;32544;0;0;0;730484;0;0;0;1;0;0;0;0;0;0;0;0;20;0;1;0;0;0;0;0;0;0;0;0;0;0;14;0;92228;0;0;49;2;0;0;0;0;0;0;18496;2;0;0;0;0;0;0;0;0;243202;6118;0;0;0;47048752;118;0;729988;0;0;243152;9498;0;0;0;0;0;0;10;1975;0;0;0;0;2730;0;0;0;1;0;0;0;0;0;2;0;0;0;1;0;0;143;0;0;0;0;0;2;0;0;0;84996;0;0;0;0;0;0;0;0;0;57;0;0;2421060;14;0;51874;242036;0;0;0;1;0;99;0;0;0;0;0;1730;9569;1;0
0;0;2;0;0;0;0;0;0;0;0;5262;262729;0;0;1;0;0;0;0;0;0;0;0;0;0;0;730835;32545;0;0;0;730735;0;0;0;1;0;0;0;0;0;0;0;0;20;0;1;0;0;0;0;0;0;0;0;0;0;0;14;0;92228;0;0;49;2;0;0;0;0;0;0;18496;2;0;0;0;0;0;0;0;0;243285;6118;0;0;0;48049782;119;0;730238;0;0;243236;9498;0;0;0;0;0;0;10;1976;0;0;0;0;2731;0;0;0;1;0;0;0;0;0;2;0;0;0;1;0;0;143;0;0;0;0;0;2;0;0;0;84996;0;0;0;0;0;0;0;0;0;57;0;0;2422257;14;0;51874;242120;0;0;0;1;0;99;0;0;0;0;0;1730;9569;1;0
0;0;2;0;0;0;0;0;0;0;0;5262;262824;0;0;1;0;0;0;0;0;0;0;0;0;0;0;731087;32545;0;0;0;730985;0;0;0;1;0;0;0;0;0;0;0;0;20;0;1;0;0;0;0;0;0;0;0;0;0;0;14;0;92228;0;0;49;2;0;0;0;0;0;0;18496;2;0;0;0;0;0;0;0;0;243369;6118;0;0;0;49050798;119;0;730489;0;0;243319;9498;0;0;0;0;0;0;10;1976;0;0;0;0;2731;0;0;0;1;0;0;0;0;0;2;0;0;0;1;0;0;143;0;0;0;0;0;2;0;0;0;84996;0;0;0;0;0;0;0;0;0;57;0;0;2423453;14;0;51874;242203;0;0;0;1;0;99;0;0;0;0;0;1730;9569;1;0
0;0;2;0;0;0;0;0;0;0;0;5262;262919;0;0;1;0;0;0;0;0;0;0;0;0;0;0;731338;32546;0;0;0;731235;0;0;0;1;0;0;0;0;0;0;0;0;20;0;1;0;0;0;0;0;0;0;0;0;0;0;14;0;92228;0;0;49;2;0;0;0;0;0;0;18496;2;0;0;0;0;0;0;0;0;243452;6118;0;0;0;50051817;120;0;730739;0;0;243402;9498;0;0;0;0;0;0;10;1977;0;0;0;0;2732;0;0;0;1;0;0;0;0;0;2;0;0;0;1;0;0;143;0;0;0;0;0;2;0;0;0;84996;0;0;0;0;0;0;0;0;0;57;0;0;2424649;14;0;51874;242286;0;0;0;1;0;99;0;0;0;0;0;1730;9569;1;0
0;0;2;0;0;0;0;0;0;0;0;5262;263014;0;0;1;0;0;0;0;0;0;0;0;0;0;0;731589;32546;0;0;0;731485;0;0;0;1;0;0;0;0;0;0;0;0;20;0;1;0;0;0;0;0;0;0;0;0;0;0;14;0;92228;0;0;49;2;0;0;0;0;0;0;18496;2;0;0;0;0;0;0;0;0;243536;6118;0;0;0;51052835;120;0;730989;0;0;243486;9498;0;0;0;0;0;0;10;1977;0;0;0;0;2732;0;0;0;1;0;0;0;0;0;2;0;0;0;1;0;0;143;0;0;0;0;0;2;0;0;0;84996;0;0;0;0;0;0;0;0;0;57;0;0;2425846;14;0;51874;242370;0;0;0;1;0;99;0;0;0;0;0;1730;9569;1;0
0;0;2;0;0;0;0;0;0;0;0;5262;263109;0;0;1;0;0;0;0;0;0;0;0;0;0;0;731840;32547;0;0;0;731736;0;0;0;1;0;0;0;0;0;0;0;0;20;0;1;0;0;0;0;0;0;0;0;0;0;0;14;0;92228;0;0;49;2;0;0;0;0;0;0;18496;2;0;0;0;0;0;0;0;0;243619;6118;0;0;0;52053854;121;0;731239;0;0;243569;9498;0;0;0;0;0;0;10;1978;0;0;0;0;2733;0;0;0;1;0;0;0;0;0;2;0;0;0;1;0;0;143;0;0;0;0;0;2;0;0;0;84996;0;0;0;0;0;0;0;0;0;57;0;0;2427043;14;0;51874;242453;0;0;0;1;0;99;0;0;0;0;0;1730;9569;1;0
0;0;2;0;0;0;0;0;0;0;0;5262;263204;0;0;1;0;0;0;0;0;0;0;0;0;0;0;732092;32547;0;0;0;731986;0;0;0;1;0;0;0;0;0;0;0;0;20;0;1;0;0;0;0;0;0;0;0;0;0;0;14;0;92228;0;0;49;2;0;0;0;0;0;0;18496;2;0;0;0;0;0;0;0;0;243703;6118;0;0;0;53054872;121;0;731490;0;0;243653;9498;0;0;0;0;0;0;10;1978;0;0;0;0;2733;0;0;0;1;0;0;0;0;0;2;0;0;0;1;0;0;143;0;0;0;0;0;2;0;0;0;84996;0;0;0;0;0;0;0;0;0;57;0;0;2428240;14;0;51874;242537;0;0;0;1;0;99;0;0;0;0;0;1730;9569;1;0
0;0;2;0;0;0;0;0;0;0;0;5262;263299;0;0;1;0;0;0;0;0;0;0;0;0;0;0;732343;32548;0;0;0;732236;0;0;0;1;0;0;0;0;0;0;0;0;20;0;1;0;0;0;0;0;0;0;0;0;0;0;14;0;92228;0;0;49;2;0;0;0;0;0;0;18496;2;0;0;0;0;0;0;0;0;243786;6118;0;0;0;54055890;122;0;731740;0;0;243736;9498;0;0;0;0;0;0;10;1979;0;0;0;0;2734;0;0;0;1;0;0;0;0;0;2;0;0;0;1;0;0;143;0;0;0;0;0;2;0;0;0;84996;0;0;0;0;0;0;0;0;0;57;0;0;2429436;14;0;51874;242620;0;0;0;1;0;99;0;0;0;0;0;1730;9569;1;0
0;0;2;0;0;0;0;0;0;0;0;5262;263394;0;0;1;0;0;0;0;0;0;0;0;0;0;0;732594;32548;0;0;0;732487;0;0;0;1;0;0;0;0;0;0;0;0;20;0;1;0;0;0;0;0;0;0;0;0;0;0;14;0;92228;0;0;49;2;0;0;0;0;0;0;18496;2;0;0;0;0;0;0;0;0;243869;6118;0;0;0;55056917;122;0;731990;0;0;243820;9498;0;0;0;0;0;0;10;1979;0;0;0;0;2734;0;0;0;1;0;0;0;0;0;2;0;0;0;1;0;0;143;0;0;0;0;0;2;0;0;0;84996;0;0;0;0;0;0;0;0;0;57;0;0;2430633;14;0;51874;242704;0;0;0;1;0;99;0;0;0;0;0;1730;9569;1;0
0;0;2;0;0;0;0;0;0;0;0;5262;263489;0;0;1;0;0;0;0;0;0;0;0;0;0;0;732846;32549;0;0;0;732738;0;0;0;1;0;0;0;0;0;0;0;0;20;0;1;0;0;0;0;0;0;0;0;0;0;0;14;0;92228;0;0;49;2;0;0;0;0;0;0;18496;2;0;0;0;0;0;0;0;0;243953;6118;0;0;0;56057939;123;0;732241;0;0;243903;9498;0;0;0;0;0;0;10;1980;0;0;0;0;2735;0;0;0;1;0;0;0;0;0;2;0;0;0;1;0;0;143;0;0;0;0;0;2;0;0;0;84996;0;0;0;0;0;0;0;0;0;57;0;0;2431831;14;0;51874;242787;0;0;0;1;0;99;0;0;0;0;0;1730;9569;1;0
0;0;2;0;0;0;0;0;0;0;0;5262;263584;0;0;1;0;0;0;0;0;0;0;0;0;0;0;733097;32549;0;0;0;732988;0;0;0;1;0;0;0;0;0;0;0;0;20;0;1;0;0;0;0;0;0;0;0;0;0;0;14;0;92228;0;0;49;2;0;0;0;0;0;0;18496;2;0;0;0;0;0;0;0;0;244036;6118;0;0;0;57058955;123;0;732492;0;0;243987;9498;0;0;0;0;0;0;10;1980;0;0;0;0;2735;0;0;0;1;0;0;0;0;0;2;0;0;0;1;0;0;143;0;0;0;0;0;2;0;0;0;84996;0;0;0;0;0;0;0;0;0;57;0;0;2433028;14;0;51874;242870;0;0;0;1;0;99;0;0;0;0;0;1730;9569;1;0
0;0;2;0;0;0;0;0;0;0;0;5262;263680;0;0;1;0;0;0;0;0;0;0;0;0;0;0;733348;32550;0;0;0;733238;0;0;0;1;0;0;0;0;0;0;0;0;20;0;1;0;0;0;0;0;0;0;0;0;0;0;14;0;92228;0;0;49;2;0;0;0;0;0;0;18496;2;0;0;0;0;0;0;0;0;244120;6118;0;0;0;58059973;124;0;732742;0;0;244070;9498;0;0;0;0;0;0;10;1981;0;0;0;0;2736;0;0;0;1;0;0;0;0;0;2;0;0;0;1;0;0;143;0;0;0;0;0;2;0;0;0;84996;0;0;0;0;0;0;0;0;0;57;0;0;2434224;14;0;51874;242954;0;0;0;1;0;99;0;0;0;0;0;1730;9569;1;0
0;0;2;0;0;0;0;0;0;0;0;5262;263775;0;0;1;0;0;0;0;0;0;0;0;0;0;0;733599;32550;0;0;0;733489;0;0;0;1;0;0;0;0;0;0;0;0;20;0;1;0;0;0;0;0;0;0;0;0;0;0;14;0;92228;0;0;49;2;0;0;0;0;0;0;18496;2;0;0;0;0;0;0;0;0;244203;6118;0;0;0;59060992;124;0;732992;0;0;244154;9498;0;0;0;0;0;0;10;1981;0;0;0;0;2736;0;0;0;1;0;0;0;0;0;2;0;0;0;1;0;0;143;0;0;0;0;0;2;0;0;0;84996;0;0;0;0;0;0;0;0;0;57;0;0;2435421;14;0;51874;243037;0;0;0;1;0;99;0;0;0;0;0;1730;9569;1;0
0;0;2;0;0;0;0;0;0;0;0;5262;263870;0;0;1;0;0;0;0;0;0;0;0;0;0;0;733851;32551;0;0;0;733739;0;0;0;1;0;0;0;0;0;0;0;0;20;0;1;0;0;0;0;0;0;0;0;0;0;0;14;0;92228;0;0;49;2;0;0;0;0;0;0;18496;2;0;0;0;0;0;0;0;0;244286;6118;0;0;0;60062023;125;0;733243;0;0;244237;9498;0;0;0;0;0;0;10;1982;0;0;0;0;2737;0;0;0;1;0;0;0;0;0;2;0;0;0;1;0;0;143;0;0;0;0;0;2;0;0;0;84996;0;0;0;0;0;0;0;0;0;57;0;0;2436619;14;0;51874;243121;0;0;0;1;0;99;0;0;0;0;0;1730;9569;1;0
0;0;2;0;0;0;0;0;0;0;0;5262;263965;0;0;1;0;0;0;0;0;0;0;0;0;0;0;734102;32551;0;0;0;733989;0;0;0;1;0;0;0;0;0;0;0;0;20;0;1;0;0;0;0;0;0;0;0;0;0;0;14;0;92228;0;0;49;2;0;0;0;0;0;0;18496;2;0;0;0;0;0;0;0;0;244370;6118;0;0;0;61063040;125;0;733494;0;0;244320;9498;0;0;0;0;0;0;10;1982;0;0;0;0;2737;0;0;0;1;0;0;0;0;0;2;0;0;0;1;0;0;143;0;0;0;0;0;2;0;0;0;84996;0;0;0;0;0;0;0;0;0;57;0;0;2437814;14;0;51874;243204;0;0;0;1;0;99;0;0;0;0;0;1730;9569;1;0
0;0;2;0;0;0;0;0;0;0;0;5262;264060;0;0;1;0;0;0;0;0;0;0;0;0;0;0;734353;32552;0;0;0;734239;0;0;0;1;0;0;0;0;0;0;0;0;20;0;1;0;0;0;0;0;0;0;0;0;0;0;14;0;92228;0;0;49;2;0;0;0;0;0;0;18496;2;0;0;0;0;0;0;0;0;244453;6118;0;0;0;62064060;126;0;733744;0;0;244404;9498;0;0;0;0;0;0;10;1983;0;0;0;0;2738;0;0;0;1;0;0;0;0;0;2;0;0;0;1;0;0;143;0;0;0;0;0;2;0;0;0;84996;0;0;0;0;0;0;0;0;0;57;0;0;2439011;14;0;51874;243287;0;0;0;1;0;99;0;0;0;0;0;1730;9569;1;0
0;0;2;0;0;0;0;0;0;0;0;5262;264155;0;0;1;0;0;0;0;0;0;0;0;0;0;0;734604;32552;0;0;0;734490;0;0;0;1;0;0;0;0;0;0;0;0;20;0;1;0;0;0;0;0;0;0;0;0;0;0;14;0;92228;0;0;49;2;0;0;0;0;0;0;18496;2;0;0;0;0;0;0;0;0;244537;6118;0;0;0;63065078;126;0;733994;0;0;244487;9498;0;0;0;0;0;0;10;1983;0;0;0;0;2738;0;0;0;1;0;0;0;0;0;2;0;0;0;1;0;0;143;0;0;0;0;0;2;0;0;0;84996;0;0;0;0;0;0;0;0;0;57;0;0;2440207;14;0;51874;243371;0;0;0;1;0;99;0;0;0;0;0;1730;9569;1;0
0;0;2;0;0;0;0;0;0;0;0;5262;264250;0;0;1;0;0;0;0;0;0;0;0;0;0;0;734856;32553;0;0;0;734740;0;0;0;1;0;0;0;0;0;0;0;0;20;0;1;0;0;0;0;0;0;0;0;0;0;0;14;0;92228;0;0;49;2;0;0;0;0;0;0;18496;2;0;0;0;0;0;0;0;0;244620;6118;0;0;0;64066113;127;0;734244;0;0;244571;9498;0;0;0;0;0;0;10;1984;0;0;0;0;2739;0;0;0;1;0;0;0;0;0;2;0;0;0;1;0;0;143;0;0;0;0;0;2;0;0;0;84996;0;0;0;0;0;0;0;0;0;57;0;0;2441405;14;0;51874;243454;0;0;0;1;0;99;0;0;0;0;0;1730;9569;1;0
0;0;2;0;0;0;0;0;0;0;0;5262;264345;0;0;1;0;0;0;0;0;0;0;0;0;0;0;735107;32553;0;0;0;734990;0;0;0;1;0;0;0;0;0;0;0;0;20;0;1;0;0;0;0;0;0;0;0;0;0;0;14;0;92228;0;0;49;2;0;0;0;0;0;0;18496;2;0;0;0;0;0;0;0;0;244704;6118;0;0;0;65067130;127;0;734495;0;0;244654;9498;0;0;0;0;0;0;10;1984;0;0;0;0;2739;0;0;0;1;0;0;0;0;0;2;0;0;0;1;0;0;143;0;0;0;0;0;2;0;0;0;84996;0;0;0;0;0;0;0;0;0;57;0;0;2442602;14;0;51874;243538;0;0;0;1;0;99;0;0;0;0;0;1730;9569;1;0
0;0;2;0;0;0;0;0;0;0;0;5262;264440;0;0;1;0;0;0;0;0;0;0;0;0;0;0;735358;32554;0;0;0;735240;0;0;0;1;0;0;0;0;0;0;0;0;20;0;1;0;0;0;0;0;0;0;0;0;0;0;14;0;92228;0;0;49;2;0;0;0;0;0;0;18496;2;0;0;0;0;0;0;0;0;244787;6118;0;0;0;66068149;128;0;734746;0;0;244737;9498;0;0;0;0;0;0;10;1985;0;0;0;0;2740;0;0;0;1;0;0;0;0;0;2;0;0;0;1;0;0;143;0;0;0;0;0;2;0;0;0;84996;0;0;0;0;0;0;0;0;0;57;0;0;2443798;14;0;51874;243621;0;0;0;1;0;99;0;0;0;0;0;1730;9569;1;0
0;0;2;0;0;0;0;0;0;0;0;5262;264535;0;0;1;0;0;0;0;0;0;0;0;0;0;0;735609;32554;0;0;0;735491;0;0;0;1;0;0;0;0;0;0;0;0;20;0;1;0;0;0;0;0;0;0;0;0;0;0;14;0;92228;0;0;49;2;0;0;0;0;0;0;18496;2;0;0;0;0;0;0;0;0;244870;6118;0;0;0;67069177;128;0;734996;0;0;244821;9498;0;0;0;0;0;0;10;1985;0;0;0;0;2740;0;0;0;1;0;0;0;0;0;2;0;0;0;1;0;0;143;0;0;0;0;0;2;0;0;0;84996;0;0;0;0;0;0;0;0;0;57;0;0;2444994;14;0;51874;243705;0;0;0;1;0;99;0;0;0;0;0;1730;9569;1;0
0;0;2;0;0;0;0;0;0;0;0;5262;264630;0;0;1;0;0;0;0;0;0;0;0;0;0;0;735861;32555;0;0;0;735741;0;0;0;1;0;0;0;0;0;0;0;0;20;0;1;0;0;0;0;0;0;0;0;0;0;0;14;0;92228;0;0;49;2;0;0;0;0;0;0;18496;2;0;0;0;0;0;0;0;0;244954;6118;0;0;0;68070194;129;0;735246;0;0;244904;9498;0;0;0;0;0;0;10;1986;0;0;0;0;2741;0;0;0;1;0;0;0;0;0;2;0;0;0;1;0;0;143;0;0;0;0;0;2;0;0;0;84996;0;0;0;0;0;0;0;0;0;57;0;0;2446192;14;0;51874;243788;0;0;0;1;0;99;0;0;0;0;0;1730;9569;1;0
0;0;2;0;0;0;0;0;0;0;0;5262;264725;0;0;1;0;0;0;0;0;0;0;0;0;0;0;736112;32555;0;0;0;735991;0;0;0;1;0;0;0;0;0;0;0;0;20;0;1;0;0;0;0;0;0;0;0;0;0;0;14;0;92228;0;0;49;2;0;0;0;0;0;0;18496;2;0;0;0;0;0;0;0;0;245037;6118;0;0;0;69071212;129;0;735497;0;0;244988;9498;0;0;0;0;0;0;10;1986;0;0;0;0;2741;0;0;0;1;0;0;0;0;0;2;0;0;0;1;0;0;143;0;0;0;0;0;2;0;0;0;84996;0;0;0;0;0;0;0;0;0;57;0;0;2447389;14;0;51874;243871;0;0;0;1;0;99;0;0;0;0;0;1730;9569;1;0
0;0;2;0;0;0;0;0;0;0;0;5262;264820;0;0;1;0;0;0;0;0;0;0;0;0;0;0;736363;32556;0;0;0;736242;0;0;0;1;0;0;0;0;0;0;0;0;20;0;1;0;0;0;0;0;0;0;0;0;0;0;14;0;92229;0;0;49;2;0;0;0;0;0;0;18496;2;0;0;0;0;0;0;0;0;245121;6118;0;0;0;70072237;130;0;735748;0;0;245071;9498;0;0;0;0;0;0;10;1987;0;0;0;0;2742;0;0;0;1;0;0;0;0;0;2;0;0;0;1;0;0;143;0;0;0;0;0;2;0;0;0;84996;0;0;0;0;0;0;0;0;0;57;0;0;2448586;14;0;51874;243955;0;0;0;1;0;99;0;0;0;0;0;1730;9569;1;0
0;0;2;0;0;0;0;0;0;0;0;5262;264915;0;0;1;0;0;0;0;0;0;0;0;0;0;0;736614;32556;0;0;0;736493;0;0;0;1;0;0;0;0;0;0;0;0;20;0;1;0;0;0;0;0;0;0;0;0;0;0;14;0;92229;0;0;49;2;0;0;0;0;0;0;18496;2;0;0;0;0;0;0;0;0;245204;6118;0;0;0;71073252;130;0;735998;0;0;245155;9498;0;0;0;0;0;0;10;1987;0;0;0;0;2743;0;0;0;1;0;0;0;0;0;2;0;0;0;1;0;0;143;0;0;0;0;0;2;0;0;0;84996;0;0;0;0;0;0;0;0;0;57;0;0;2449783;14;0;51874;244038;0;0;0;1;0;99;0;0;0;0;0;1730;9569;1;0
0;0;2;0;0;0;0;0;0;0;0;5262;265010;0;0;1;0;0;0;0;0;0;0;0;0;0;0;736866;32557;0;0;0;736743;0;0;0;1;0;0;0;0;0;0;0;0;20;0;1;0;0;0;0;0;0;0;0;0;0;0;14;0;92229;0;0;49;2;0;0;0;0;0;0;18496;2;0;0;0;0;0;0;0;0;245287;6118;0;0;0;72074272;131;0;736248;0;0;245238;9498;0;0;0;0;0;0;10;1988;0;0;0;0;2744;0;0;0;1;0;0;0;0;0;2;0;0;0;1;0;0;143;0;0;0;0;0;2;0;0;0;84996;0;0;0;0;0;0;0;0;0;57;0;0;2450983;14;0;51874;244122;0;0;0;1;0;99;0;0;0;0;0;1730;9569;1;0
0;0;2;0;0;0;0;0;0;0;0;5262;265105;0;0;1;0;0;0;0;0;0;0;0;0;0;0;737117;32557;0;0;0;736993;0;0;0;1;0;0;0;0;0;0;0;0;20;0;1;0;0;0;0;0;0;0;0;0;0;0;14;0;92229;0;0;49;2;0;0;0;0;0;0;18496;2;0;0;0;0;0;0;0;0;245371;6118;0;0;0;73075289;131;0;736499;0;0;245321;9498;0;0;0;0;0;0;10;1988;0;0;0;0;2744;0;0;0;1;0;0;0;0;0;2;0;0;0;1;0;0;143;0;0;0;0;0;2;0;0;0;84996;0;0;0;0;0;0;0;0;0;57;0;0;2452182;14;0;51874;244205;0;0;0;1;0;99;0;0;0;0;0;1730;9569;1;0
0;0;2;0;0;0;0;0;0;0;0;5262;265200;0;0;1;0;0;0;0;0;0;0;0;0;0;0;737368;32558;0;0;0;737243;0;0;0;1;0;0;0;0;0;0;0;0;20;0;1;0;0;0;0;0;0;0;0;0;0;0;14;0;92229;0;0;49;2;0;0;0;0;0;0;18496;2;0;0;0;0;0;0;0;0;245454;6118;0;0;0;74076318;132;0;736749;0;0;245405;9498;0;0;0;0;0;0;10;1989;0;0;0;0;2745;0;0;0;1;0;0;0;0;0;2;0;0;0;1;0;0;143;0;0;0;0;0;2;0;0;0;84996;0;0;0;0;0;0;0;0;0;57;0;0;2453381;14;0;51874;244289;0;0;0;1;0;99;0;0;0;0;0;1730;9569;1;0
0;0;2;0;0;0;0;0;0;0;0;5262;265295;0;0;1;0;0;0;0;0;0;0;0;0;0;0;737619;32558;0;0;0;737494;0;0;0;1;0;0;0;0;0;0;0;0;20;0;1;0;0;0;0;0;0;0;0;0;0;0;14;0;92229;0;0;49;2;0;0;0;0;0;0;18496;2;0;0;0;0;0;0;0;0;245538;6118;0;0;0;75077336;132;0;736999;0;0;245488;9498;0;0;0;0;0;0;10;1989;0;0;0;0;2745;0;0;0;1;0;0;0;0;0;2;0;0;0;1;0;0;143;0;0;0;0;0;2;0;0;0;84996;0;0;0;0;0;0;0;0;0;57;0;0;2454579;14;0;51874;244372;0;0;0;1;0;99;0;0;0;0;0;1730;9569;1;0
0;0;2;0;0;0;0;0;0;0;0;5262;265390;0;0;1;0;0;0;0;0;0;0;0;0;0;0;737871;32559;0;0;0;737745;0;0;0;1;0;0;0;0;0;0;0;0;20;0;1;0;0;0;0;0;0;0;0;0;0;0;14;0;92229;0;0;49;2;0;0;0;0;0;0;18496;2;0;0;0;0;0;0;0;0;245621;6118;0;0;0;76078355;133;0;737249;0;0;245572;9498;0;0;0;0;0;0;10;1990;0;0;0;0;2746;0;0;0;1;0;0;0;0;0;2;0;0;0;1;0;0;143;0;0;0;0;0;2;0;0;0;84996;0;0;0;0;0;0;0;0;0;57;0;0;2455780;14;0;51874;244455;0;0;0;1;0;99;0;0;0;0;0;1730;9569;1;0
0;0;2;0;0;0;0;0;0;0;0;5263;265485;0;0;1;0;0;0;0;0;0;0;0;0;0;0;738122;32559;0;0;0;737995;0;0;0;1;0;0;0;0;0;0;0;0;20;0;1;0;0;0;0;0;0;0;0;0;0;0;14;0;92229;0;0;49;2;0;0;0;0;0;0;18496;2;0;0;0;0;0;0;0;0;245705;6118;0;0;0;77079389;139;0;737500;0;0;245655;9498;0;0;0;0;0;0;10;1990;0;0;0;0;2746;0;0;0;1;0;0;0;0;0;2;0;0;0;1;0;0;143;0;0;0;0;0;2;0;0;0;84999;0;0;0;0;0;0;0;0;0;57;0;0;2456979;14;0;51874;244539;0;0;0;1;0;99;0;0;0;0;0;1730;9569;1;0
0;0;2;0;0;0;0;0;0;0;0;5263;265580;0;0;1;0;0;0;0;0;0;0;0;0;0;0;738373;32560;0;0;0;738246;0;0;0;1;0;0;0;0;0;0;0;0;20;0;1;0;0;0;0;0;0;0;0;0;0;0;14;0;92231;0;0;49;2;0;0;0;0;0;0;18496;2;0;0;0;0;0;0;0;0;245788;6118;0;0;0;78080412;140;0;737750;0;0;245739;9498;0;0;0;0;0;0;10;1991;0;0;0;0;2747;0;0;0;1;0;0;0;0;0;2;0;0;0;1;0;0;143;0;0;0;0;0;2;0;0;0;85007;0;0;0;0;0;0;0;0;0;57;0;0;2458178;14;0;51874;244622;0;0;0;1;0;99;0;0;0;0;0;1730;9569;1;0
0;0;2;0;0;0;0;0;;0;;5263;265672;0;0;1;0;0;;;0;0;0;0;0;0;0;738624;32560;0;0;0;738498;0;0;0;1;0;0;0;0;0;;;0;20;0;1;0;0;0;0;0;0;0;0;0;0;0;14;0;92235;0;0;49;2;0;0;0;0;0;0;18496;2;0;0;0;0;0;0;0;0;245871;6118;0;0;0;79081447;152;0;738002;0;0;245822;9498;0;0;0;0;0;0;10;1998;0;0;0;0;2751;0;0;0;1;0;0;0;0;0;2;;0;0;1;0;0;143;0;0;0;;0;2;0;0;0;85026;0;0;0;0;0;0;0;0;0;57;0;0;2459158;14;0;51874;244706;0;0;0;1;0;101;0;0;0;0;0;1730;9569;1;0
