18_IR-IO-APIC_18-fasteoi_i801_smbus,_ehci_hcd:usb2,_ehci_hcd:usb4_CPU2;MCE_Machine_check_exceptions_CPU0;81_IR-PCI-MSI_2097152-edge_eno7-TxRx-0_CPU3;ERR_CPU0;71_IR-PCI-MSI_524292-edge_nvme0q4_CPU3;81_IR-PCI-MSI_2097152-edge_eno7-TxRx-0_CPU1;26_IR-PCI-MSI_1574912-edge_ioat-msix_CPU1;RES_Rescheduling_interrupts_CPU1;PIN_Posted-interrupt_notification_event_CPU3;PIN_Posted-interrupt_notification_event_CPU2;25_IR-PCI-MSI_1572864-edge_ioat-msix_CPU1;27_IR-PCI-MSI_1576960-edge_ioat-msix_CPU1;MIS_CPU0;DFR_Deferred_Error_APIC_interrupts_CPU0;CAL_Function_call_interrupts_CPU0;27_IR-PCI-MSI_1576960-edge_ioat-msix_CPU0;71_IR-PCI-MSI_524292-edge_nvme0q4_CPU2;69_IR-PCI-MSI_524290-edge_nvme0q2_CPU1;TLB_TLB_shootdowns_CPU2;89_IR-PCI-MSI_2099203-edge_eno8-TxRx-3_CPU1;83_IR-PCI-MSI_2097154-edge_eno7-TxRx-2_CPU1;84_IR-PCI-MSI_2097155-edge_eno7-TxRx-3_CPU1;CAL_Function_call_interrupts_CPU2;MCE_Machine_check_exceptions_CPU3;HRE_Hyper-V_reenlightenment_interrupts_CPU1;8_IR-IO-APIC_8-edge_rtc0_CPU0;85_IR-PCI-MSI_2097156-edge_eno7_CPU0;HVS_Hyper-V_stimer0_interrupts_CPU3;NPI_Nested_posted-interrupt_event_CPU1;PIW_Posted-interrupt_wakeup_event_CPU0;85_IR-PCI-MSI_2097156-edge_eno7_CPU3;9_IR-IO-APIC_9-fasteoi_acpi_CPU2;57_IR-PCI-MSI_524288-edge_nvme0q0_CPU3;MCP_Machine_check_polls_CPU0;32_IR-PCI-MSI_3670019-edge_eno1-TxRx-2_CPU3;PMI_Performance_monitoring_interrupts_CPU3;33_IR-PCI-MSI_3670020-edge_eno1-TxRx-3_CPU2;86_IR-PCI-MSI_2099200-edge_eno8-TxRx-0_CPU2;PIW_Posted-interrupt_wakeup_event_CPU1;33_IR-PCI-MSI_3670020-edge_eno1-TxRx-3_CPU1;SPU_Spurious_interrupts_CPU1;MCP_Machine_check_polls_CPU3;32_IR-PCI-MSI_3670019-edge_eno1-TxRx-2_CPU0;PIN_Posted-interrupt_notification_event_CPU0;86_IR-PCI-MSI_2099200-edge_eno8-TxRx-0_CPU0;71_IR-PCI-MSI_524292-edge_nvme0q4_CPU0;90_IR-PCI-MSI_2099204-edge_eno8_CPU3;32_IR-PCI-MSI_3670019-edge_eno1-TxRx-2_CPU2;24_DMAR-MSI_0-edge_dmar0_CPU3;HRE_Hyper-V_reenlightenment_interrupts_CPU2;RTR_APIC_ICR_read_retries_CPU1;HVS_Hyper-V_stimer0_interrupts_CPU0;LOC_Local_timer_interrupts_CPU3;85_IR-PCI-MSI_2097156-edge_eno7_CPU2;83_IR-PCI-MSI_2097154-edge_eno7-TxRx-2_CPU0;89_IR-PCI-MSI_2099203-edge_eno8-TxRx-3_CPU3;PIW_Posted-interrupt_wakeup_event_CPU3;TLB_TLB_shootdowns_CPU3;31_IR-PCI-MSI_3670018-edge_eno1-TxRx-1_CPU3;87_IR-PCI-MSI_2099201-edge_eno8-TxRx-1_CPU2;RTR_APIC_ICR_read_retries_CPU0;31_IR-PCI-MSI_3670018-edge_eno1-TxRx-1_CPU1;SPU_Spurious_interrupts_CPU0;HRE_Hyper-V_reenlightenment_interrupts_CPU3;RES_Rescheduling_interrupts_CPU2;PIW_Posted-interrupt_wakeup_event_CPU2;PMI_Performance_monitoring_interrupts_CPU0;DFR_Deferred_Error_APIC_interrupts_CPU2;24_DMAR-MSI_0-edge_dmar0_CPU2;81_IR-PCI-MSI_2097152-edge_eno7-TxRx-0_CPU2;69_IR-PCI-MSI_524290-edge_nvme0q2_CPU0;THR_Threshold_APIC_interrupts_CPU1;84_IR-PCI-MSI_2097155-edge_eno7-TxRx-3_CPU2;PIN_Posted-interrupt_notification_event_CPU1;25_IR-PCI-MSI_1572864-edge_ioat-msix_CPU0;90_IR-PCI-MSI_2099204-edge_eno8_CPU0;70_IR-PCI-MSI_524291-edge_nvme0q3_CPU1;30_IR-PCI-MSI_3670017-edge_eno1-TxRx-0_CPU2;9_IR-IO-APIC_9-fasteoi_acpi_CPU0;8_IR-IO-APIC_8-edge_rtc0_CPU1;NMI_Non-maskable_interrupts_CPU1;HYP_Hypervisor_callback_interrupts_CPU2;33_IR-PCI-MSI_3670020-edge_eno1-TxRx-3_CPU0;68_IR-PCI-MSI_524289-edge_nvme0q1_CPU1;32_IR-PCI-MSI_3670019-edge_eno1-TxRx-2_CPU1;DFR_Deferred_Error_APIC_interrupts_CPU3;26_IR-PCI-MSI_1574912-edge_ioat-msix_CPU2;THR_Threshold_APIC_interrupts_CPU2;26_IR-PCI-MSI_1574912-edge_ioat-msix_CPU0;82_IR-PCI-MSI_2097153-edge_eno7-TxRx-1_CPU1;SPU_Spurious_interrupts_CPU2;58_IR-PCI-MSI_327680-edge_xhci_hcd_CPU1;28_IR-PCI-MSI_1579008-edge_ioat-msix_CPU3;31_IR-PCI-MSI_3670018-edge_eno1-TxRx-1_CPU2;24_DMAR-MSI_0-edge_dmar0_CPU1;82_IR-PCI-MSI_2097153-edge_eno7-TxRx-1_CPU3;TRM_Thermal_event_interrupts_CPU1;70_IR-PCI-MSI_524291-edge_nvme0q3_CPU0;29_IR-PCI-MSI_3670016-edge_eno1_CPU0;9_IR-IO-APIC_9-fasteoi_acpi_CPU1;TRM_Thermal_event_interrupts_CPU3;MCP_Machine_check_polls_CPU1;68_IR-PCI-MSI_524289-edge_nvme0q1_CPU3;HRE_Hyper-V_reenlightenment_interrupts_CPU0;86_IR-PCI-MSI_2099200-edge_eno8-TxRx-0_CPU1;TRM_Thermal_event_interrupts_CPU2;MCE_Machine_check_exceptions_CPU2;HVS_Hyper-V_stimer0_interrupts_CPU2;28_IR-PCI-MSI_1579008-edge_ioat-msix_CPU1;29_IR-PCI-MSI_3670016-edge_eno1_CPU3;88_IR-PCI-MSI_2099202-edge_eno8-TxRx-2_CPU1;90_IR-PCI-MSI_2099204-edge_eno8_CPU1;RES_Rescheduling_interrupts_CPU3;TRM_Thermal_event_interrupts_CPU0;9_IR-IO-APIC_9-fasteoi_acpi_CPU3;86_IR-PCI-MSI_2099200-edge_eno8-TxRx-0_CPU3;IWI_IRQ_work_interrupts_CPU1;CAL_Function_call_interrupts_CPU1;NPI_Nested_posted-interrupt_event_CPU0;18_IR-IO-APIC_18-fasteoi_i801_smbus,_ehci_hcd:usb2,_ehci_hcd:usb4_CPU3;THR_Threshold_APIC_interrupts_CPU3;18_IR-IO-APIC_18-fasteoi_i801_smbus,_ehci_hcd:usb2,_ehci_hcd:usb4_CPU1;58_IR-PCI-MSI_327680-edge_xhci_hcd_CPU0;68_IR-PCI-MSI_524289-edge_nvme0q1_CPU2;87_IR-PCI-MSI_2099201-edge_eno8-TxRx-1_CPU0;89_IR-PCI-MSI_2099203-edge_eno8-TxRx-3_CPU0;TLB_TLB_shootdowns_CPU0;TLB_TLB_shootdowns_CPU1;18_IR-IO-APIC_18-fasteoi_i801_smbus,_ehci_hcd:usb2,_ehci_hcd:usb4_CPU0;70_IR-PCI-MSI_524291-edge_nvme0q3_CPU3;DFR_Deferred_Error_APIC_interrupts_CPU1;IWI_IRQ_work_interrupts_CPU3;CAL_Function_call_interrupts_CPU3;IWI_IRQ_work_interrupts_CPU2;NPI_Nested_posted-interrupt_event_CPU3;30_IR-PCI-MSI_3670017-edge_eno1-TxRx-0_CPU1;26_IR-PCI-MSI_1574912-edge_ioat-msix_CPU3;LOC_Local_timer_interrupts_CPU1;timestamp_us;69_IR-PCI-MSI_524290-edge_nvme0q2_CPU3;31_IR-PCI-MSI_3670018-edge_eno1-TxRx-1_CPU0;90_IR-PCI-MSI_2099204-edge_eno8_CPU2;NMI_Non-maskable_interrupts_CPU2;HYP_Hypervisor_callback_interrupts_CPU3;70_IR-PCI-MSI_524291-edge_nvme0q3_CPU2;27_IR-PCI-MSI_1576960-edge_ioat-msix_CPU2;83_IR-PCI-MSI_2097154-edge_eno7-TxRx-2_CPU2;87_IR-PCI-MSI_2099201-edge_eno8-TxRx-1_CPU3;RES_Rescheduling_interrupts_CPU0;29_IR-PCI-MSI_3670016-edge_eno1_CPU1;27_IR-PCI-MSI_1576960-edge_ioat-msix_CPU3;89_IR-PCI-MSI_2099203-edge_eno8-TxRx-3_CPU2;MCE_Machine_check_exceptions_CPU1;NMI_Non-maskable_interrupts_CPU0;87_IR-PCI-MSI_2099201-edge_eno8-TxRx-1_CPU1;LOC_Local_timer_interrupts_CPU0;88_IR-PCI-MSI_2099202-edge_eno8-TxRx-2_CPU3;MCP_Machine_check_polls_CPU2;68_IR-PCI-MSI_524289-edge_nvme0q1_CPU0;57_IR-PCI-MSI_524288-edge_nvme0q0_CPU2;IWI_IRQ_work_interrupts_CPU0;SPU_Spurious_interrupts_CPU3;LOC_Local_timer_interrupts_CPU2;88_IR-PCI-MSI_2099202-edge_eno8-TxRx-2_CPU0;30_IR-PCI-MSI_3670017-edge_eno1-TxRx-0_CPU0;25_IR-PCI-MSI_1572864-edge_ioat-msix_CPU2;85_IR-PCI-MSI_2097156-edge_eno7_CPU1;30_IR-PCI-MSI_3670017-edge_eno1-TxRx-0_CPU3;58_IR-PCI-MSI_327680-edge_xhci_hcd_CPU3;84_IR-PCI-MSI_2097155-edge_eno7-TxRx-3_CPU3;88_IR-PCI-MSI_2099202-edge_eno8-TxRx-2_CPU2;NPI_Nested_posted-interrupt_event_CPU2;28_IR-PCI-MSI_1579008-edge_ioat-msix_CPU0;8_IR-IO-APIC_8-edge_rtc0_CPU2;84_IR-PCI-MSI_2097155-edge_eno7-TxRx-3_CPU0;28_IR-PCI-MSI_1579008-edge_ioat-msix_CPU2;83_IR-PCI-MSI_2097154-edge_eno7-TxRx-2_CPU3;PMI_Performance_monitoring_interrupts_CPU1;PMI_Performance_monitoring_interrupts_CPU2;33_IR-PCI-MSI_3670020-edge_eno1-TxRx-3_CPU3;57_IR-PCI-MSI_524288-edge_nvme0q0_CPU1;58_IR-PCI-MSI_327680-edge_xhci_hcd_CPU2;71_IR-PCI-MSI_524292-edge_nvme0q4_CPU1;57_IR-PCI-MSI_524288-edge_nvme0q0_CPU0;69_IR-PCI-MSI_524290-edge_nvme0q2_CPU2;82_IR-PCI-MSI_2097153-edge_eno7-TxRx-1_CPU2;THR_Threshold_APIC_interrupts_CPU0;24_DMAR-MSI_0-edge_dmar0_CPU0;NMI_Non-maskable_interrupts_CPU3;RTR_APIC_ICR_read_retries_CPU3;HYP_Hypervisor_callback_interrupts_CPU0;RTR_APIC_ICR_read_retries_CPU2;HVS_Hyper-V_stimer0_interrupts_CPU1;25_IR-PCI-MSI_1572864-edge_ioat-msix_CPU3;81_IR-PCI-MSI_2097152-edge_eno7-TxRx-0_CPU0;29_IR-PCI-MSI_3670016-edge_eno1_CPU2;HYP_Hypervisor_callback_interrupts_CPU1;82_IR-PCI-MSI_2097153-edge_eno7-TxRx-1_CPU0;8_IR-IO-APIC_8-edge_rtc0_CPU3
0;0;6573585;0;0;14992918;0;3231700;3793801;1851934;2;0;0;0;9609;0;0;1;80;1387;2636500;721418;51442;0;0;0;44;0;0;0;257;0;0;31;3795;251;35090;20423776;0;2844;0;32;2107;0;47283431;0;202;40477;0;0;0;0;3018469;140;3664491;1882;0;303;30960;1785;0;2519;0;0;1579600;0;85;0;0;4120108;0;0;3244922;1008470;0;41;0;3928;0;0;142;0;1860;0;2954;0;2;0;0;1113473;0;0;0;3659;0;4827270;0;0;0;1;0;32;0;0;42013053;0;0;0;0;0;1607;138;1769688;0;0;38796537;0;59368;0;53;0;0;0;0;1180;1190;126;196;0;0;0;2;36001;0;0;31683;0;2385426;73;0;8359;130;171;0;3;0;3662926;1859;4397345;1;2;1742;0;85;1436;860818;1653;32;46;0;0;0;2800745;1275;2598;0;136;5095;0;1879437;1721;0;2;1;2725869;0;2791400;142;171;15198;0;147;0;14;0;7314128;0;0;251;0;0;0;0;0;6841696;0;0;2799505;0
0;0;6573585;0;0;14992918;0;3231700;3793801;1851934;2;0;0;0;9609;0;0;1;80;1387;2636501;721418;51442;0;0;0;44;0;0;0;257;0;0;31;3795;251;35090;20423776;0;2845;0;32;2107;0;47283431;0;202;40477;0;0;0;0;3018489;140;3664491;1882;0;303;30960;1785;0;2520;0;0;1579600;0;85;0;0;4120109;0;0;3244922;1008470;0;41;0;3929;0;0;142;0;1860;0;2955;0;2;0;0;1113473;0;0;0;3659;0;4827271;0;0;0;1;0;32;0;0;42013053;0;0;0;0;0;1607;138;1769688;0;0;38796537;0;59368;0;53;0;0;0;0;1180;1190;126;196;0;0;0;2;36001;0;0;31683;0;2385441;1001969;0;8359;130;171;0;3;0;3662926;1859;4397345;1;2;1742;0;85;1436;860832;1653;32;46;0;0;0;2800758;1275;2598;0;136;5095;0;1879437;1721;0;2;1;2725870;0;2791400;142;171;15198;0;147;0;14;0;7314128;0;0;251;0;0;0;0;0;6841696;0;0;2799505;0
0;0;6573585;0;0;14992918;0;3231703;3793801;1851934;2;0;0;0;9609;0;0;1;80;1388;2636501;721418;51442;0;0;0;44;0;0;0;257;0;0;31;3795;251;35090;20423776;0;2845;0;32;2107;0;47283431;0;202;40477;0;0;0;0;3018505;140;3664491;1882;0;303;30960;1785;0;2520;0;0;1579600;0;85;0;0;4120109;0;0;3244922;1008470;0;41;0;3929;0;0;142;0;1860;0;2955;0;2;0;0;1113473;0;0;0;3659;0;4827271;0;0;0;1;0;32;0;0;42013053;0;0;0;0;0;1608;138;1769688;0;0;38796538;0;59368;0;53;0;0;0;0;1181;1190;126;196;0;0;0;2;36001;0;0;31683;0;2385451;2002974;0;8359;130;171;0;3;0;3662926;1859;4397345;1;2;1742;0;85;1436;860848;1653;32;46;0;0;0;2800772;1275;2598;0;136;5095;0;1879437;1721;0;2;1;2725870;0;2791400;142;171;15198;0;147;0;14;0;7314128;0;0;251;0;0;0;0;0;6841696;0;0;2799505;0
0;0;6573585;0;0;14992918;0;3231732;3793801;1851934;2;0;0;0;9609;0;0;1;80;1388;2636502;721418;51443;0;0;0;44;0;0;0;257;0;0;31;3795;251;35090;20423776;0;2852;0;32;2107;0;47283431;0;202;40477;0;0;0;0;3018567;140;3664491;1882;0;303;30960;1785;0;2521;0;0;1579601;0;85;0;0;4120110;0;0;3244922;1008470;0;41;0;3933;0;0;142;0;1860;0;2956;0;2;0;0;1113473;0;0;0;3659;0;4827272;0;0;0;1;0;32;0;0;42013053;0;0;0;0;0;1608;138;1769690;0;0;38796538;0;59369;0;53;0;0;0;0;1181;1190;126;196;0;0;0;2;36001;0;0;31683;0;2385828;3004088;0;8359;130;171;0;3;0;3662926;1859;4397360;1;2;1742;0;85;1436;860915;1653;32;46;0;0;0;2800991;1275;2598;0;136;5095;0;1879437;1721;0;2;1;2725871;0;2791400;142;171;15198;0;147;0;14;0;7314128;0;0;251;0;0;0;0;0;6841696;0;0;2799505;0
0;0;6573585;0;0;14992918;0;3231733;3793801;1851934;2;0;0;0;9609;0;0;1;80;1389;2636502;721418;51443;0;0;0;44;0;0;0;257;0;0;31;3795;251;35090;20423776;0;2852;0;32;2107;0;47283431;0;202;40477;0;0;0;0;3018572;140;3664491;1882;0;303;30960;1785;0;2521;0;0;1579601;0;85;0;0;4120110;0;0;3244922;1008470;0;41;0;3933;0;0;142;0;1860;0;2956;0;2;0;0;1113473;0;0;0;3659;0;4827272;0;0;0;1;0;32;0;0;42013053;0;0;0;0;0;1609;138;1769690;0;0;38796539;0;59369;0;53;0;0;0;0;1182;1190;126;196;0;0;0;2;36002;0;0;31683;0;2385830;4005164;0;8359;130;171;0;3;0;3662926;1859;4397362;1;2;1742;0;85;1436;860925;1653;32;46;0;0;0;2801996;1275;2598;0;136;5095;0;1879437;1721;0;2;1;2725871;0;2791400;142;171;15198;0;147;0;14;0;7314128;0;0;251;0;0;0;0;0;6841696;0;0;2799505;0
0;0;6573585;0;0;14992918;0;3231733;3793801;1851934;2;0;0;0;9609;0;0;1;80;1389;2636503;721418;51443;0;0;0;44;0;0;0;257;0;0;31;3795;251;35090;20423776;0;2853;0;32;2107;0;47283431;0;202;40477;0;0;0;0;3018580;140;3664491;1882;0;303;30960;1785;0;2522;0;0;1579601;0;85;0;0;4120111;0;0;3244922;1008470;0;41;0;3934;0;0;142;0;1860;0;2957;0;2;0;0;1113473;0;0;0;3659;0;4827273;0;0;0;1;0;32;0;0;42013053;0;0;0;0;0;1609;138;1769690;0;0;38796539;0;59369;0;53;0;0;0;0;1182;1190;126;196;0;0;0;2;36002;0;0;31683;0;2385834;5006221;0;8359;130;171;0;3;0;3662926;1859;4397363;1;2;1742;0;85;1436;860934;1653;32;46;0;0;0;2803097;1275;2598;0;136;5095;0;1879437;1721;0;2;1;2725872;0;2791400;142;171;15198;0;147;0;14;0;7314128;0;0;251;0;0;0;0;0;6841696;0;0;2799505;0
0;0;6573585;0;0;14992918;0;3231733;3793801;1851934;2;0;0;0;9609;0;0;1;80;1390;2636503;721418;51443;0;0;0;44;0;0;0;257;0;0;31;3795;251;35090;20423776;0;2853;0;32;2107;0;47283431;0;202;40477;0;0;0;0;3018585;140;3664491;1882;0;303;30960;1785;0;2522;0;0;1579601;0;85;0;0;4120111;0;0;3244922;1008470;0;41;0;3934;0;0;142;0;1860;0;2957;0;2;0;0;1113473;0;0;0;3659;0;4827273;0;0;0;1;0;32;0;0;42013053;0;0;0;0;0;1610;138;1769690;0;0;38796540;0;59369;0;53;0;0;0;0;1183;1190;126;196;0;0;0;2;36002;0;0;31683;0;2385838;6007292;0;8359;130;171;0;3;0;3662926;1859;4397364;1;2;1742;0;85;1436;860943;1653;32;46;0;0;0;2804199;1275;2598;0;136;5095;0;1879437;1721;0;2;1;2725872;0;2791400;142;171;15198;0;147;0;14;0;7314128;0;0;251;0;0;0;0;0;6841696;0;0;2799505;0
0;0;6573585;0;0;14992918;0;3231735;3793801;1851934;2;0;0;0;9609;0;0;1;80;1390;2636503;721418;51443;0;0;0;44;0;0;0;257;0;0;31;3795;251;35090;20423776;0;2854;0;32;2107;0;47283431;0;202;40477;0;0;0;0;3018599;140;3664491;1882;0;303;30960;1785;0;2523;0;0;1579601;0;85;0;0;4120111;0;0;3244922;1008470;0;41;0;3935;0;0;142;0;1860;0;2958;0;2;0;0;1113473;0;0;0;3659;0;4827273;0;0;0;1;0;32;0;0;42013053;0;0;0;0;0;1610;138;1769690;0;0;38796540;0;59369;0;53;0;0;0;0;1183;1190;126;196;0;0;0;2;36002;0;0;31683;0;2385841;7008362;0;8359;130;171;0;3;0;3662926;1859;4397364;1;2;1742;0;85;1436;860952;1653;32;46;0;0;0;2805299;1275;2598;0;136;5095;0;1879437;1721;0;2;1;2725872;0;2791400;142;171;15198;0;147;0;14;0;7314128;0;0;251;0;0;0;0;0;6841696;0;0;2799505;0
0;0;6573585;0;0;14992918;0;3231746;3793801;1851934;2;0;0;0;9609;0;0;1;80;1391;2636504;721418;51443;0;0;0;44;0;0;0;257;0;0;31;3795;251;35090;20423776;0;2857;0;32;2107;0;47283431;0;202;40477;0;0;0;0;3018695;140;3664491;1882;0;303;30960;1785;0;2532;0;0;1579601;0;85;0;0;4120112;0;0;3244922;1008470;0;41;0;3942;0;0;142;0;1860;0;2958;0;2;0;0;1113473;0;0;0;3659;0;4827274;0;0;0;1;0;32;0;0;42013053;0;0;0;0;0;1611;138;1769690;0;0;38796541;0;59369;0;53;0;0;0;0;1184;1190;126;196;0;0;0;2;36002;0;0;31683;0;2385864;8009459;0;8359;130;171;0;3;0;3662926;1859;4397387;1;2;1742;0;85;1436;860984;1653;32;46;0;0;0;2806397;1275;2598;0;136;5095;0;1879437;1721;0;2;1;2725873;0;2791400;142;171;15198;0;147;0;14;0;7314128;0;0;251;0;0;0;0;0;6841696;0;0;2799505;0
0;0;6573585;0;0;14992918;0;3231753;3793801;1851934;2;0;0;0;9611;0;0;1;80;1392;2636505;721418;51447;0;0;0;44;0;0;0;257;0;0;32;3795;251;35090;20423776;0;2862;0;33;2107;0;47283431;0;202;40477;0;0;0;0;3019553;141;3664491;1882;0;303;30960;1785;0;2540;0;0;1579604;0;85;0;0;4120113;0;0;3244922;1008470;0;42;0;3943;0;0;142;0;1860;0;2965;0;2;0;0;1113473;0;0;0;3659;0;4827275;0;0;0;1;0;33;0;0;42013053;0;0;0;0;0;1612;138;1769695;0;0;38796542;0;59371;0;53;0;0;0;0;1185;1190;126;196;0;0;0;2;36005;0;0;31683;0;2385947;9010533;0;8359;130;171;0;3;0;3662926;1859;4397414;1;2;1742;0;85;1436;861030;1653;33;46;0;0;0;2806741;1275;2598;0;136;5095;0;1879437;1721;0;2;1;2725874;0;2791400;142;171;15198;0;147;0;14;0;7314128;0;0;251;0;0;0;0;0;6841696;0;0;2799505;0
0;0;6573585;0;0;14992918;0;3231760;3793801;1851934;2;0;0;0;9611;0;0;1;80;1396;2636508;721418;51449;0;0;0;44;0;0;0;257;0;0;32;3795;252;35090;20423776;0;2862;0;33;2107;0;47283431;0;202;40477;0;0;0;0;3019752;142;3664491;1882;0;303;30960;1785;0;2540;0;0;1579611;0;85;0;0;4120121;0;0;3244922;1008470;0;44;0;3943;0;0;142;0;1860;0;2965;0;2;0;0;1113473;0;0;0;3659;0;4827278;0;0;0;1;0;33;0;0;42013053;0;0;0;0;0;1616;138;1769696;0;0;38796550;0;59375;0;53;0;0;0;0;1189;1190;126;196;0;0;0;2;36008;0;0;31683;0;2386436;10011585;0;8359;130;171;0;3;0;3662926;1859;4397417;1;2;1742;0;85;1436;861094;1653;33;46;0;0;0;2807209;1275;2598;0;136;5095;0;1879437;1721;0;2;1;2725879;0;2791400;142;171;15198;0;147;0;14;0;7314128;0;0;252;0;0;0;0;0;6841696;0;0;2799505;0
0;0;6573585;0;0;14992918;0;3231767;3793801;1851943;2;0;0;0;9615;0;0;1;80;1396;2636509;721418;51454;0;0;0;44;0;0;0;257;0;0;32;3795;252;35090;20423776;0;2863;0;33;2107;0;47283431;0;202;40478;0;0;0;0;3020376;143;3664491;1882;0;303;30961;1785;0;2540;0;0;1579615;0;85;0;0;4120122;0;0;3244922;1008470;0;44;0;3944;0;0;142;0;1860;0;2965;0;2;0;0;1113473;0;0;0;3659;0;4827279;0;0;0;1;0;33;0;0;42013053;0;0;0;0;0;1616;138;1769709;0;0;38797026;0;59377;0;53;0;0;0;0;1189;1190;126;196;0;0;0;2;36014;0;0;31683;0;2386462;11012672;0;8359;130;171;0;3;0;3662926;1859;4397422;1;2;1742;0;85;1436;861138;1653;33;46;0;0;0;2807706;1275;2598;0;136;5095;0;1879437;1721;0;2;1;2725881;0;2791400;142;171;15198;0;147;0;14;0;7314128;0;0;252;0;0;0;0;0;6841696;0;0;2799505;0
0;0;6573585;0;0;14992918;0;3231771;3793801;1851943;2;0;0;0;9615;0;0;1;80;1399;2636513;721418;51457;0;0;0;44;0;0;0;257;0;0;32;3795;252;35090;20423776;0;2863;0;33;2107;0;47283431;0;202;40478;0;0;0;0;3020794;144;3664491;1882;0;303;30961;1785;0;2540;0;0;1579617;0;85;0;0;4120125;0;0;3244922;1008470;0;45;0;3944;0;0;142;0;1860;0;2965;0;2;0;0;1113473;0;0;0;3659;0;4827283;0;0;0;1;0;33;0;0;42013053;0;0;0;0;0;1621;138;1769709;0;0;38797030;0;59379;0;53;0;0;0;0;1192;1190;126;196;0;0;0;2;36015;0;0;31683;0;2386688;12013747;0;8359;130;171;0;3;0;3662926;1859;4397428;1;2;1742;0;85;1436;861169;1653;33;46;0;0;0;2808201;1275;2598;0;136;5095;0;1879437;1721;0;2;1;2725888;0;2791400;142;171;15198;0;147;0;14;0;7314128;0;0;252;0;0;0;0;0;6841696;0;0;2799505;0
0;0;6573585;0;0;14992918;0;3231771;3793801;1851943;2;0;0;0;9615;0;0;1;80;1399;2636515;721418;51457;0;0;0;44;0;0;0;257;0;0;32;3795;252;35090;20423776;0;2864;0;33;2107;0;47283431;0;202;40479;0;0;0;0;3021901;144;3664491;1882;0;303;30962;1785;0;2540;0;0;1579617;0;85;0;0;4120125;0;0;3244922;1008470;0;45;0;3945;0;0;142;0;1860;0;2965;0;2;0;0;1113473;0;0;0;3659;0;4827283;0;0;0;1;0;33;0;0;42013053;0;0;0;0;0;1624;138;1769709;0;0;38797030;0;59379;0;53;0;0;0;0;1192;1190;126;196;0;0;0;2;36016;0;0;31683;0;2386695;13014807;0;8359;130;171;0;3;0;3662926;1859;4397429;1;2;1742;0;85;1436;861177;1653;33;46;0;0;0;2808216;1275;2598;0;136;5095;0;1879437;1721;0;2;1;2725888;0;2791400;142;171;15198;0;147;0;14;0;7314128;0;0;252;0;0;0;0;0;6841696;0;0;2799505;0
0;0;6573585;0;0;14992918;0;3231773;3793801;1851943;2;0;0;0;9615;0;0;1;80;1399;2636516;721418;51457;0;0;0;44;0;0;0;257;0;0;32;3795;252;35090;20423776;0;2864;0;33;2107;0;47283431;0;202;40479;0;0;0;0;3023000;144;3664491;1882;0;303;30962;1785;0;2540;0;0;1579617;0;85;0;0;4120126;0;0;3244922;1008470;0;45;0;3945;0;0;142;0;1860;0;2965;0;2;0;0;1113473;0;0;0;3659;0;4827284;0;0;0;1;0;33;0;0;42013053;0;0;0;0;0;1624;138;1769709;0;0;38797030;0;59379;0;53;0;0;0;0;1192;1190;126;196;0;0;0;2;36016;0;0;31683;0;2386699;14015874;0;8359;130;171;0;3;0;3662926;1859;4397429;1;2;1742;0;85;1436;861188;1653;33;46;0;0;0;2808225;1275;2598;0;136;5095;0;1879437;1721;0;2;1;2725889;0;2791400;142;171;15198;0;147;0;14;0;7314128;0;0;252;0;0;0;0;0;6841696;0;0;2799505;0
0;0;6573585;0;0;14992918;0;3231773;3793801;1851943;2;0;0;0;9615;0;0;1;80;1400;2636516;721418;51457;0;0;0;44;0;0;0;257;0;0;32;3795;252;35090;20423776;0;2865;0;33;2107;0;47283431;0;202;40480;0;0;0;0;3024099;144;3664491;1882;0;303;30963;1785;0;2540;0;0;1579617;0;85;0;0;4120126;0;0;3244922;1008470;0;45;0;3946;0;0;142;0;1860;0;2965;0;2;0;0;1113473;0;0;0;3659;0;4827284;0;0;0;1;0;33;0;0;42013053;0;0;0;0;0;1625;138;1769709;0;0;38797031;0;59379;0;53;0;0;0;0;1193;1190;126;196;0;0;0;2;36016;0;0;31683;0;2386704;15016943;0;8359;130;171;0;3;0;3662926;1859;4397429;1;2;1742;0;85;1436;861194;1653;33;46;0;0;0;2808228;1275;2598;0;136;5095;0;1879437;1721;0;2;1;2725889;0;2791400;142;171;15198;0;147;0;14;0;7314128;0;0;252;0;0;0;0;0;6841696;0;0;2799505;0
0;0;6573585;0;0;14992918;0;3231773;3793801;1851943;2;0;0;0;9615;0;0;1;80;1400;2636517;721418;51457;0;0;0;44;0;0;0;257;0;0;32;3795;252;35090;20423776;0;2865;0;33;2107;0;47283431;0;202;40480;0;0;0;0;3025204;144;3664491;1882;0;303;30963;1785;0;2540;0;0;1579617;0;85;0;0;4120127;0;0;3244922;1008470;0;45;0;3946;0;0;142;0;1860;0;2965;0;2;0;0;1113473;0;0;0;3659;0;4827285;0;0;0;1;0;33;0;0;42013053;0;0;0;0;0;1625;138;1769709;0;0;38797031;0;59379;0;53;0;0;0;0;1193;1190;126;196;0;0;0;2;36016;0;0;31683;0;2386706;16018014;0;8359;130;171;0;3;0;3662926;1859;4397429;1;2;1742;0;85;1436;861201;1653;33;46;0;0;0;2808231;1275;2598;0;136;5095;0;1879437;1721;0;2;1;2725890;0;2791400;142;171;15198;0;147;0;14;0;7314128;0;0;252;0;0;0;0;0;6841696;0;0;2799505;0
0;0;6573585;0;0;14992918;0;3231773;3793801;1851943;2;0;0;0;9615;0;0;1;80;1401;2636517;721418;51457;0;0;0;44;0;0;0;257;0;0;32;3795;252;35090;20423776;0;2866;0;33;2107;0;47283431;0;202;40481;0;0;0;0;3025629;144;3664491;1882;0;303;30964;1785;0;2540;0;0;1579617;0;85;0;0;4120127;0;0;3244922;1008470;0;45;0;3947;0;0;142;0;1860;0;2965;0;2;0;0;1113473;0;0;0;3659;0;4827285;0;0;0;1;0;33;0;0;42013053;0;0;0;0;0;1626;138;1769709;0;0;38797032;0;59379;0;53;0;0;0;0;1194;1190;126;196;0;0;0;2;36017;0;0;31683;0;2387389;17019086;0;8359;130;171;0;3;0;3662926;1859;4397431;1;2;1742;0;85;1436;861209;1653;33;46;0;0;0;2808250;1275;2598;0;136;5095;0;1879437;1721;0;2;1;2725890;0;2791400;142;171;15198;0;147;0;14;0;7314128;0;0;252;0;0;0;0;0;6841696;0;0;2799505;0
0;0;6573585;0;0;14992918;0;3231774;3793801;1851943;2;0;0;0;9615;0;0;1;80;1401;2636518;721418;51457;0;0;0;44;0;0;0;257;0;0;32;3795;252;35090;20423776;0;2866;0;33;2107;0;47283431;0;202;40481;0;0;0;0;3026502;144;3664491;1882;0;303;30964;1785;0;2540;0;0;1579618;0;85;0;0;4120128;0;0;3244922;1008470;0;45;0;3947;0;0;142;0;1860;0;2965;0;2;0;0;1113473;0;0;0;3659;0;4827286;0;0;0;1;0;33;0;0;42013053;0;0;0;0;0;1626;138;1769709;0;0;38797032;0;59380;0;53;0;0;0;0;1194;1190;126;196;0;0;0;2;36017;0;0;31683;0;2387620;18020153;0;8359;130;171;0;3;0;3662926;1859;4397431;1;2;1742;0;85;1436;861219;1653;33;46;0;0;0;2808255;1275;2598;0;136;5095;0;1879437;1721;0;2;1;2725891;0;2791400;142;171;15198;0;147;0;14;0;7314128;0;0;252;0;0;0;0;0;6841696;0;0;2799505;0
0;0;6573585;0;0;14992918;0;3231774;3793801;1851943;2;0;0;0;9615;0;0;1;80;1402;2636518;721418;51457;0;0;0;44;0;0;0;257;0;0;32;3795;252;35090;20423776;0;2868;0;33;2107;0;47283431;0;202;40484;0;0;0;0;3027189;144;3664491;1882;0;303;30965;1785;0;2540;0;0;1579620;0;85;0;0;4120128;0;0;3244922;1008470;0;45;0;3948;0;0;142;0;1860;0;2965;0;2;0;0;1113473;0;0;0;3659;0;4827286;0;0;0;1;0;33;0;0;42013053;0;0;0;0;0;1627;138;1769709;0;0;38797033;0;59381;0;53;0;0;0;0;1195;1190;126;196;0;0;0;2;36018;0;0;31683;0;2388041;19021237;0;8359;130;171;0;3;0;3662926;1859;4397431;1;2;1742;0;85;1436;861233;1653;33;46;0;0;0;2808262;1275;2598;0;136;5095;0;1879437;1721;0;2;1;2725891;0;2791400;142;171;15198;0;147;0;14;0;7314128;0;0;252;0;0;0;0;0;6841696;0;0;2799505;0
0;0;6573585;0;0;14992918;0;3231774;3793801;1851943;2;0;0;0;9615;0;0;1;80;1402;2636519;721418;51457;0;0;0;44;0;0;0;257;0;0;32;3795;252;35090;20423776;0;2868;0;33;2107;0;47283431;0;202;40484;0;0;0;0;3028288;144;3664491;1882;0;303;30965;1785;0;2540;0;0;1579620;0;85;0;0;4120129;0;0;3244922;1008470;0;45;0;3948;0;0;142;0;1860;0;2965;0;2;0;0;1113473;0;0;0;3659;0;4827287;0;0;0;1;0;33;0;0;42013053;0;0;0;0;0;1627;138;1769709;0;0;38797033;0;59381;0;53;0;0;0;0;1195;1190;126;196;0;0;0;2;36018;0;0;31683;0;2388043;20022316;0;8359;130;171;0;3;0;3662926;1859;4397432;1;2;1742;0;85;1436;861246;1653;33;46;0;0;0;2808273;1275;2598;0;136;5095;0;1879437;1721;0;2;1;2725892;0;2791400;142;171;15198;0;147;0;14;0;7314128;0;0;252;0;0;0;0;0;6841696;0;0;2799505;0
0;0;6573585;0;0;14992918;0;3231775;3793801;1851943;2;0;0;0;9615;0;0;1;80;1403;2636519;721418;51457;0;0;0;44;0;0;0;257;0;0;32;3795;252;35090;20423776;0;2869;0;33;2107;0;47283431;0;202;40485;0;0;0;0;3029388;144;3664491;1882;0;303;30966;1785;0;2540;0;0;1579620;0;85;0;0;4120129;0;0;3244922;1008470;0;45;0;3949;0;0;142;0;1860;0;2965;0;2;0;0;1113473;0;0;0;3659;0;4827287;0;0;0;1;0;33;0;0;42013053;0;0;0;0;0;1628;138;1769709;0;0;38797034;0;59381;0;53;0;0;0;0;1195;1190;126;196;0;0;0;2;36018;0;0;31683;0;2388048;21023385;0;8359;130;171;0;3;0;3662926;1860;4397432;1;2;1742;0;85;1436;861255;1653;33;46;0;0;0;2808275;1275;2598;0;136;5095;0;1879437;1721;0;2;1;2725892;0;2791400;142;171;15198;0;147;0;14;0;7314128;0;0;252;0;0;0;0;0;6841696;0;0;2799505;0
0;0;6573585;0;0;14992918;0;3231776;3793801;1851943;2;0;0;0;9615;0;0;1;80;1403;2636520;721418;51457;0;0;0;44;0;0;0;257;0;0;32;3795;252;35090;20423776;0;2869;0;33;2107;0;47283431;0;202;40485;0;0;0;0;3030483;144;3664491;1882;0;303;30966;1785;0;2540;0;0;1579620;0;85;0;0;4120130;0;0;3244922;1008470;0;45;0;3949;0;0;142;0;1860;0;2965;0;2;0;0;1113473;0;0;0;3659;0;4827288;0;0;0;1;0;33;0;0;42013053;0;0;0;0;0;1628;138;1769709;0;0;38797034;0;59381;0;53;0;0;0;0;1195;1190;126;196;0;0;0;2;36018;0;0;31683;0;2388053;22024469;0;8359;130;171;0;3;0;3662926;1860;4397433;1;2;1742;0;85;1436;861265;1653;33;46;0;0;0;2808279;1275;2598;0;136;5095;0;1879437;1721;0;2;1;2725893;0;2791400;142;171;15198;0;147;0;14;0;7314128;0;0;252;0;0;0;0;0;6841696;0;0;2799505;0
0;0;6573585;0;0;14992918;0;3231776;3793801;1851943;2;0;0;0;9615;0;0;1;80;1404;2636520;721418;51457;0;0;0;44;0;0;0;257;0;0;32;3795;252;35090;20423776;0;2870;0;33;2107;0;47283431;0;202;40486;0;0;0;0;3031583;144;3664491;1882;0;303;30967;1785;0;2540;0;0;1579620;0;85;0;0;4120130;0;0;3244922;1008470;0;45;0;3950;0;0;142;0;1860;0;2965;0;2;0;0;1113473;0;0;0;3659;0;4827288;0;0;0;1;0;33;0;0;42013053;0;0;0;0;0;1629;138;1769709;0;0;38797035;0;59381;0;53;0;0;0;0;1195;1190;126;196;0;0;0;2;36018;0;0;31683;0;2388058;23025527;0;8359;130;171;0;3;0;3662926;1861;4397434;1;2;1742;0;85;1436;861272;1653;33;46;0;0;0;2808289;1275;2598;0;136;5095;0;1879437;1721;0;2;1;2725893;0;2791400;142;171;15198;0;147;0;14;0;7314128;0;0;252;0;0;0;0;0;6841696;0;0;2799505;0
0;0;6573585;0;0;14992918;0;3231776;3793801;1851943;2;0;0;0;9615;0;0;1;80;1404;2636521;721418;51458;0;0;0;44;0;0;0;257;0;0;32;3795;252;35090;20423776;0;2872;0;33;2107;0;47283431;0;202;40492;0;0;0;0;3032650;144;3664491;1882;0;303;30971;1785;0;2540;0;0;1579620;0;85;0;0;4120131;0;0;3244922;1008470;0;45;0;3950;0;0;142;0;1860;0;2965;0;2;0;0;1113473;0;0;0;3659;0;4827289;0;0;0;1;0;33;0;0;42013053;0;0;0;0;0;1629;138;1769710;0;0;38797035;0;59381;0;53;0;0;0;0;1195;1190;126;196;0;0;0;2;36019;0;0;31683;0;2388091;24026615;0;8359;130;171;0;3;0;3662926;1861;4397442;1;2;1742;0;85;1436;861297;1653;33;46;0;0;0;2808341;1275;2598;0;136;5095;0;1879437;1721;0;2;1;2725894;0;2791400;142;171;15198;0;147;0;14;0;7314128;0;0;252;0;0;0;0;0;6841696;0;0;2799505;0
0;0;6573585;0;0;14992918;0;3231778;3793801;1851943;2;0;0;0;9615;0;0;1;80;1405;2636521;721418;51459;0;0;0;44;0;0;0;257;0;0;32;3795;252;35090;20423776;0;2878;0;33;2107;0;47283431;0;202;40493;0;0;0;0;3032942;144;3664491;1882;0;303;30982;1785;0;2540;0;0;1579621;0;85;0;0;4120131;0;0;3244922;1008470;0;45;0;3951;0;0;142;0;1860;0;2965;0;2;0;0;1113473;0;0;0;3659;0;4827289;0;0;0;1;0;33;0;0;42013053;0;0;0;0;0;1630;138;1769710;0;0;38797036;0;59382;0;53;0;0;0;0;1195;1190;126;196;0;0;0;2;36021;0;0;31683;0;2389004;25027691;0;8359;130;171;0;3;0;3662926;1862;4397475;1;2;1742;0;85;1436;861352;1653;33;46;0;0;0;2808400;1275;2598;0;136;5095;0;1879437;1721;0;2;1;2725894;0;2791400;142;171;15198;0;147;0;14;0;7314128;0;0;252;0;0;0;0;0;6841696;0;0;2799505;0
0;0;6573585;0;0;14992918;0;3231778;3793801;1851943;2;0;0;0;9615;0;0;1;80;1405;2636522;721418;51459;0;0;0;44;0;0;0;257;0;0;32;3795;252;35090;20423776;0;2878;0;33;2107;0;47283431;0;202;40493;0;0;0;0;3032950;144;3664491;1882;0;303;30982;1785;0;2540;0;0;1579621;0;85;0;0;4120132;0;0;3244922;1008470;0;45;0;3951;0;0;142;0;1860;0;2965;0;2;0;0;1113473;0;0;0;3659;0;4827290;0;0;0;1;0;33;0;0;42013053;0;0;0;0;0;1630;138;1769710;0;0;38797036;0;59383;0;53;0;0;0;0;1195;1190;126;196;0;0;0;2;36021;0;0;31683;0;2389011;26028755;0;8359;130;171;0;3;0;3662926;1862;4397475;1;2;1742;0;85;1436;861363;1653;33;46;0;0;0;2809498;1275;2598;0;136;5095;0;1879437;1721;0;2;1;2725895;0;2791400;142;171;15198;0;147;0;14;0;7314128;0;0;252;0;0;0;0;0;6841696;0;0;2799505;0
0;0;6573585;0;0;14992918;0;3231778;3793801;1851943;2;0;0;0;9615;0;0;1;80;1406;2636522;721418;51459;0;0;0;44;0;0;0;257;0;0;32;3795;252;35090;20423776;0;2879;0;33;2107;0;47283431;0;202;40494;0;0;0;0;3032951;144;3664491;1882;0;303;30983;1785;0;2540;0;0;1579621;0;85;0;0;4120132;0;0;3244922;1008470;0;45;0;3952;0;0;142;0;1860;0;2965;0;2;0;0;1113473;0;0;0;3659;0;4827290;0;0;0;1;0;33;0;0;42013053;0;0;0;0;0;1631;138;1769710;0;0;38797037;0;59383;0;53;0;0;0;0;1195;1190;126;196;0;0;0;2;36021;0;0;31683;0;2389028;27029824;0;8359;130;171;0;3;0;3662926;1863;4397478;1;2;1742;0;85;1436;861370;1653;33;46;0;0;0;2810598;1275;2598;0;136;5095;0;1879437;1721;0;2;1;2725895;0;2791400;142;171;15198;0;147;0;14;0;7314128;0;0;252;0;0;0;0;0;6841696;0;0;2799505;0
0;0;6573585;0;0;14992918;0;3231779;3793801;1851943;2;0;0;0;9615;0;0;1;80;1406;2636523;721418;51459;0;0;0;44;0;0;0;257;0;0;32;3795;252;35090;20423776;0;2879;0;33;2107;0;47283431;0;202;40494;0;0;0;0;3032954;144;3664491;1882;0;303;30983;1785;0;2540;0;0;1579621;0;85;0;0;4120133;0;0;3244922;1008470;0;45;0;3952;0;0;142;0;1860;0;2965;0;2;0;0;1113473;0;0;0;3659;0;4827291;0;0;0;1;0;33;0;0;42013053;0;0;0;0;0;1631;138;1769710;0;0;38797037;0;59383;0;53;0;0;0;0;1195;1190;126;196;0;0;0;2;36021;0;0;31683;0;2389033;28030895;0;8359;130;171;0;3;0;3662926;1863;4397479;1;2;1742;0;85;1436;861379;1653;33;46;0;0;0;2811697;1275;2598;0;136;5095;0;1879437;1721;0;2;1;2725896;0;2791400;142;171;15198;0;147;0;14;0;7314128;0;0;252;0;0;0;0;0;6841696;0;0;2799505;0
0;0;6573585;0;0;14992918;0;3231781;3793801;1851943;2;0;0;0;9615;0;0;1;80;1407;2636523;721418;51459;0;0;0;44;0;0;0;257;0;0;32;3795;252;35090;20423776;0;2880;0;33;2107;0;47283431;0;202;40495;0;0;0;0;3032966;144;3664491;1882;0;303;30984;1785;0;2540;0;0;1579621;0;85;0;0;4120133;0;0;3244922;1008470;0;45;0;3953;0;0;142;0;1860;0;2965;0;2;0;0;1113473;0;0;0;3659;0;4827291;0;0;0;1;0;33;0;0;42013053;0;0;0;0;0;1632;138;1769710;0;0;38797038;0;59383;0;53;0;0;0;0;1195;1190;126;196;0;0;0;2;36021;0;0;31683;0;2389043;29031977;0;8359;130;171;0;3;0;3662926;1864;4397479;1;2;1742;0;85;1436;861396;1653;33;46;0;0;0;2812802;1275;2598;0;136;5095;0;1879437;1721;0;2;1;2725896;0;2791400;142;171;15198;0;147;0;14;0;7314128;0;0;252;0;0;0;0;0;6841696;0;0;2799505;0
0;0;6573585;0;0;14992918;0;3231781;3793801;1851943;2;0;0;0;9615;0;0;1;80;1407;2636524;721418;51459;0;0;0;44;0;0;0;257;0;0;32;3795;252;35090;20423776;0;2880;0;33;2107;0;47283431;0;202;40495;0;0;0;0;3032971;144;3664491;1882;0;303;30984;1785;0;2540;0;0;1579621;0;85;0;0;4120134;0;0;3244922;1008470;0;45;0;3953;0;0;142;0;1860;0;2965;0;2;0;0;1113473;0;0;0;3659;0;4827292;0;0;0;1;0;33;0;0;42013053;0;0;0;0;0;1632;138;1769710;0;0;38797038;0;59383;0;53;0;0;0;0;1195;1190;126;196;0;0;0;2;36021;0;0;31683;0;2389048;30033053;0;8359;130;171;0;3;0;3662926;1864;4397479;1;2;1742;0;85;1436;861412;1653;33;46;0;0;0;2813904;1275;2598;0;136;5095;0;1879437;1721;0;2;1;2725897;0;2791400;142;171;15198;0;147;0;14;0;7314128;0;0;252;0;0;0;0;0;6841696;0;0;2799505;0
0;0;6573585;0;0;14992918;0;3231781;3793801;1851943;2;0;0;0;9615;0;0;1;80;1408;2636524;721418;51459;0;0;0;44;0;0;0;257;0;0;32;3795;252;35090;20423776;0;2881;0;33;2107;0;47283431;0;202;40496;0;0;0;0;3032980;144;3664491;1882;0;303;30985;1785;0;2540;0;0;1579621;0;85;0;0;4120134;0;0;3244922;1008470;0;45;0;3954;0;0;142;0;1860;0;2965;0;2;0;0;1113473;0;0;0;3659;0;4827292;0;0;0;1;0;33;0;0;42013053;0;0;0;0;0;1633;138;1769711;0;0;38797039;0;59383;0;53;0;0;0;0;1195;1190;126;196;0;0;0;2;36021;0;0;31683;0;2389056;31034123;0;8359;130;171;0;3;0;3662926;1865;4397480;1;2;1742;0;85;1436;861419;1653;33;46;0;0;0;2815007;1275;2598;0;136;5095;0;1879437;1721;0;2;1;2725897;0;2791400;142;171;15198;0;147;0;14;0;7314128;0;0;252;0;0;0;0;0;6841696;0;0;2799505;0
0;0;6573585;0;0;14992918;0;3231781;3793801;1851943;2;0;0;0;9615;0;0;1;80;1408;2636525;721418;51460;0;0;0;44;0;0;0;257;0;0;32;3795;252;35090;20423776;0;2886;0;33;2107;0;47283431;0;202;40496;0;0;0;0;3033011;144;3664491;1882;0;303;30992;1785;0;2540;0;0;1579621;0;85;0;0;4120135;0;0;3244922;1008470;0;45;0;3954;0;0;142;0;1860;0;2965;0;2;0;0;1113473;0;0;0;3659;0;4827293;0;0;0;1;0;33;0;0;42013053;0;0;0;0;0;1633;138;1769711;0;0;38797039;0;59384;0;53;0;0;0;0;1195;1190;126;196;0;0;0;2;36021;0;0;31683;0;2389118;32035222;0;8359;130;171;0;3;0;3662926;1865;4397487;1;2;1742;0;85;1436;861442;1653;33;46;0;0;0;2816086;1275;2598;0;136;5095;0;1879437;1721;0;2;1;2725898;0;2791400;142;171;15198;0;147;0;14;0;7314128;0;0;252;0;0;0;0;0;6841696;0;0;2799505;0
0;0;6573585;0;0;14992918;0;3231782;3793801;1851943;2;0;0;0;9615;0;0;1;80;1409;2636525;721418;51461;0;0;0;44;0;0;0;257;0;0;32;3795;252;35090;20423776;0;2887;0;33;2107;0;47283431;0;202;40497;0;0;0;0;3033039;144;3664491;1882;0;303;30993;1785;0;2540;0;0;1579622;0;85;0;0;4120135;0;0;3244922;1008470;0;45;0;3955;0;0;142;0;1860;0;2965;0;2;0;0;1113473;0;0;0;3659;0;4827293;0;0;0;1;0;33;0;0;42013053;0;0;0;0;0;1634;138;1769711;0;0;38797040;0;59384;0;53;0;0;0;0;1195;1190;126;196;0;0;0;2;36022;0;0;31683;0;2389257;33036290;0;8359;130;171;0;3;0;3662926;1866;4397496;1;2;1742;0;85;1436;861473;1653;33;46;0;0;0;2817101;1275;2598;0;136;5095;0;1879437;1721;0;2;1;2725898;0;2791400;142;171;15198;0;147;0;14;0;7314128;0;0;252;0;0;0;0;0;6841696;0;0;2799505;0
0;0;6573585;0;0;14992918;0;3231782;3793801;1851943;2;0;0;0;9615;0;0;1;80;1409;2636526;721418;51461;0;0;0;44;0;0;0;257;0;0;32;3795;252;35090;20423776;0;2890;0;33;2107;0;47283431;0;202;40500;0;0;0;0;3033073;144;3664491;1882;0;303;30998;1785;0;2540;0;0;1579622;0;85;0;0;4120136;0;0;3244922;1008470;0;45;0;3961;0;0;142;0;1860;0;2965;0;2;0;0;1113473;0;0;0;3659;0;4827294;0;0;0;1;0;33;0;0;42013053;0;0;0;0;0;1634;138;1769711;0;0;38797040;0;59385;0;53;0;0;0;0;1195;1190;126;196;0;0;0;2;36022;0;0;31683;0;2390379;34037368;0;8359;130;171;0;3;0;3662926;1866;4397518;1;2;1742;0;85;1436;861500;1653;33;46;0;0;0;2817138;1275;2598;0;136;5095;0;1879437;1721;0;2;1;2725899;0;2791400;142;171;15198;0;147;0;14;0;7314128;0;0;252;0;0;0;0;0;6841696;0;0;2799505;0
0;0;6573585;0;0;14992918;0;3231782;3793801;1851943;2;0;0;0;9615;0;0;1;80;1410;2636526;721418;51461;0;0;0;44;0;0;0;257;0;0;32;3795;252;35090;20423776;0;2891;0;33;2107;0;47283431;0;202;40501;0;0;0;0;3033081;144;3664491;1882;0;303;30999;1785;0;2540;0;0;1579622;0;85;0;0;4120136;0;0;3244922;1008470;0;45;0;3962;0;0;142;0;1860;0;2965;0;2;0;0;1113473;0;0;0;3659;0;4827294;0;0;0;1;0;33;0;0;42013053;0;0;0;0;0;1635;138;1769711;0;0;38797041;0;59385;0;53;0;0;0;0;1195;1190;126;196;0;0;0;2;36022;0;0;31683;0;2391481;35038426;0;8359;130;171;0;3;0;3662926;1867;4397519;1;2;1742;0;85;1436;861509;1653;33;46;0;0;0;2817139;1275;2598;0;136;5095;0;1879437;1721;0;2;1;2725899;0;2791400;142;171;15198;0;147;0;14;0;7314128;0;0;252;0;0;0;0;0;6841696;0;0;2799505;0
0;0;6573585;0;0;14992918;0;3231782;3793801;1851943;2;0;0;0;9615;0;0;1;80;1410;2636527;721418;51461;0;0;0;44;0;0;0;257;0;0;32;3795;252;35090;20423776;0;2891;0;33;2107;0;47283431;0;202;40501;0;0;0;0;3033084;144;3664491;1882;0;303;30999;1785;0;2540;0;0;1579623;0;85;0;0;4120137;0;0;3244922;1008470;0;45;0;3962;0;0;142;0;1860;0;2965;0;2;0;0;1113473;0;0;0;3659;0;4827295;0;0;0;1;0;33;0;0;42013053;0;0;0;0;0;1635;138;1769711;0;0;38797041;0;59385;0;53;0;0;0;0;1195;1190;126;196;0;0;0;2;36022;0;0;31683;0;2392574;36039493;0;8359;130;171;0;3;0;3662926;1867;4397519;1;2;1742;0;85;1436;861518;1653;33;46;0;0;0;2817141;1275;2598;0;136;5095;0;1879437;1721;0;2;1;2725900;0;2791400;142;171;15198;0;147;0;14;0;7314128;0;0;252;0;0;0;0;0;6841696;0;0;2799505;0
0;0;6573585;0;0;14992918;0;3231782;3793801;1851943;2;0;0;0;9615;0;0;1;80;1411;2636527;721418;51461;0;0;0;44;0;0;0;257;0;0;32;3795;252;35090;20423776;0;2892;0;33;2107;0;47283431;0;202;40502;0;0;0;0;3033096;144;3664491;1882;0;303;31000;1785;0;2540;0;0;1579623;0;85;0;0;4120137;0;0;3244922;1008470;0;45;0;3963;0;0;142;0;1860;0;2965;0;2;0;0;1113473;0;0;0;3659;0;4827295;0;0;0;1;0;33;0;0;42013053;0;0;0;0;0;1636;138;1769711;0;0;38797042;0;59385;0;53;0;0;0;0;1195;1190;126;196;0;0;0;2;36022;0;0;31683;0;2393671;37040563;0;8359;130;171;0;3;0;3662926;1868;4397519;1;2;1742;0;85;1436;861525;1653;33;46;0;0;0;2817144;1275;2598;0;136;5095;0;1879437;1721;0;2;1;2725900;0;2791400;142;171;15198;0;147;0;14;0;7314128;0;0;252;0;0;0;0;0;6841696;0;0;2799505;0
0;0;6573585;0;0;14992918;0;3231782;3793801;1851943;2;0;0;0;9615;0;0;1;80;1411;2636528;721418;51461;0;0;0;44;0;0;0;257;0;0;32;3795;252;35090;20423776;0;2892;0;33;2107;0;47283431;0;202;40502;0;0;0;0;3033108;144;3664491;1882;0;303;31000;1785;0;2540;0;0;1579623;0;85;0;0;4120138;0;0;3244922;1008470;0;45;0;3963;0;0;142;0;1860;0;2965;0;2;0;0;1113473;0;0;0;3659;0;4827296;0;0;0;1;0;33;0;0;42013053;0;0;0;0;0;1636;138;1769711;0;0;38797042;0;59385;0;53;0;0;0;0;1195;1190;126;196;0;0;0;2;36022;0;0;31683;0;2394774;38041633;0;8359;130;171;0;3;0;3662926;1868;4397520;1;2;1742;0;85;1436;861536;1653;33;46;0;0;0;2817148;1275;2598;0;136;5095;0;1879437;1721;0;2;1;2725901;0;2791400;142;171;15198;0;147;0;14;0;7314128;0;0;252;0;0;0;0;0;6841696;0;0;2799505;0
0;0;6573585;0;0;14992918;0;3231782;3793801;1851943;2;0;0;0;9615;0;0;1;80;1412;2636528;721418;51462;0;0;0;44;0;0;0;257;0;0;32;3795;252;35090;20423776;0;2893;0;33;2107;0;47283431;0;202;40503;0;0;0;0;3033110;144;3664491;1882;0;303;31001;1785;0;2540;0;0;1579623;0;85;0;0;4120138;0;0;3244922;1008470;0;45;0;3964;0;0;142;0;1860;0;2965;0;2;0;0;1113473;0;0;0;3659;0;4827296;0;0;0;1;0;33;0;0;42013053;0;0;0;0;0;1637;138;1769711;0;0;38797043;0;59387;0;53;0;0;0;0;1195;1190;126;196;0;0;0;2;36022;0;0;31683;0;2395159;39042704;0;8359;130;171;0;3;0;3662926;1869;4397520;1;2;1742;0;85;1436;861543;1653;33;46;0;0;0;2817869;1275;2598;0;136;5095;0;1879437;1721;0;2;1;2725901;0;2791400;142;171;15198;0;147;0;14;0;7314128;0;0;252;0;0;0;0;0;6841696;0;0;2799505;0
0;0;6573585;0;0;14992918;0;3231785;3793801;1851943;2;0;0;0;9615;0;0;1;80;1412;2636529;721418;51463;0;0;0;44;0;0;0;257;0;0;32;3795;252;35090;20423776;0;2893;0;33;2107;0;47283431;0;202;40503;0;0;0;0;3034092;144;3664491;1882;0;303;31001;1785;0;2540;0;0;1579623;0;85;0;0;4120139;0;0;3244922;1008470;0;45;0;3964;0;0;142;0;1860;0;2965;0;2;0;0;1113473;0;0;0;3659;0;4827297;0;0;0;1;0;33;0;0;42013053;0;0;0;0;0;1637;138;1769711;0;0;38797043;0;59387;0;53;0;0;0;0;1195;1190;126;196;0;0;0;2;36022;0;0;31683;0;2395160;40043800;0;8359;130;171;0;3;0;3662926;1869;4397520;1;2;1742;0;85;1436;861560;1653;33;46;0;0;0;2817988;1275;2598;0;136;5095;0;1879437;1721;0;2;1;2725902;0;2791400;142;171;15198;0;147;0;14;0;7314128;0;0;252;0;0;0;0;0;6841696;0;0;2799505;0
0;0;6573585;0;0;14992918;0;3231795;3793801;1851955;2;0;0;0;9615;0;0;1;80;1413;2636529;721418;51464;0;0;0;44;0;0;0;257;0;0;32;3795;252;35090;20423776;0;2893;0;33;2107;0;47283431;0;202;40504;0;0;0;0;3034159;144;3664491;1882;0;303;31002;1785;0;2540;0;0;1579625;0;85;0;0;4120887;0;0;3244922;1008470;0;45;0;3965;0;0;142;0;1860;0;2965;0;2;0;0;1113473;0;0;0;3659;0;4828337;0;0;0;1;0;33;0;0;42013053;0;0;0;0;0;1638;138;1769716;0;0;38798856;0;59387;0;53;0;0;0;0;1195;1190;126;196;0;0;0;2;36024;0;0;31683;0;2395209;41044509;0;8359;130;171;0;3;0;3662926;1870;4397530;1;2;1742;0;85;1436;861613;1653;33;46;0;0;0;2819038;1275;2598;0;136;5095;0;1879437;1721;0;2;1;2725925;0;2791400;142;171;15199;0;147;0;14;0;7314128;0;0;252;0;0;0;0;0;6841696;0;0;2799505;0
0;0;6573585;0;0;14992918;0;3231839;3793801;1851995;2;0;0;0;9615;0;0;1;80;1413;2636530;721418;51464;0;0;0;44;0;0;0;257;0;0;32;3795;252;35090;20423776;0;2893;0;33;2107;0;47283431;0;202;40504;0;0;0;0;3034409;144;3664491;1882;0;303;31002;1785;0;2540;0;0;1579626;0;85;0;0;4130854;0;0;3244922;1008470;0;45;0;3965;0;0;142;0;1860;0;2965;0;2;0;0;1113473;0;0;0;3659;0;4828375;0;0;0;1;0;33;0;0;42013053;0;0;0;0;0;1638;138;1769717;0;0;38808874;0;59387;0;53;0;0;0;0;1195;1190;126;196;0;0;0;2;36024;0;0;31683;0;2395378;42045536;0;8359;130;171;0;3;0;3662926;1870;4397579;1;2;1742;0;85;1436;861864;1653;33;46;0;0;0;2819894;1275;2598;0;136;5095;0;1879437;1721;0;2;1;2725939;0;2791400;142;171;15199;0;147;0;14;0;7314128;0;0;252;0;0;0;0;0;6841696;0;0;2799505;0
0;0;6573585;0;0;14992918;0;3231871;3793801;1852043;2;0;0;0;9615;0;0;1;80;1414;2636530;721418;51464;0;0;0;44;0;0;0;257;0;0;32;3795;252;35090;20423776;0;2893;0;33;2107;0;47283431;0;202;40505;0;0;0;0;3034658;144;3664491;1882;0;303;31003;1785;0;2540;0;0;1579626;0;85;0;0;4140820;0;0;3244922;1008470;0;45;0;3966;0;0;142;0;1860;0;2965;0;2;0;0;1113473;0;0;0;3659;0;4828417;0;0;0;1;0;33;0;0;42013053;0;0;0;0;0;1639;138;1769717;0;0;38818894;0;59388;0;53;0;0;0;0;1195;1190;126;196;0;0;0;2;36025;0;0;31683;0;2395524;43046558;0;8359;130;171;0;3;0;3662926;1871;4397627;1;2;1742;0;85;1436;862115;1653;33;46;0;0;0;2820746;1275;2598;0;136;5095;0;1879437;1721;0;2;1;2725939;0;2791400;142;171;15200;0;147;0;14;0;7314128;0;0;252;0;0;0;0;0;6841696;0;0;2799505;0
0;0;6573585;0;0;14992918;0;3231975;3793801;1852088;2;0;0;0;9615;0;0;1;80;1414;2636531;721418;51464;0;0;0;44;0;0;0;257;0;0;32;3795;252;35090;20423776;0;2893;0;33;2107;0;47283431;0;202;40505;0;0;0;0;3034783;144;3664491;1882;0;303;31003;1785;0;2540;0;0;1579628;0;85;0;0;4150767;0;0;3244922;1008470;0;45;0;3966;0;0;142;0;1860;0;2965;0;2;0;0;1113473;0;0;0;3659;0;4828490;0;0;0;1;0;33;0;0;42013053;0;0;0;0;0;1639;138;1769739;0;0;38828912;0;59389;0;53;0;0;0;0;1195;1190;126;196;0;0;0;2;36026;0;0;31683;0;2395789;44047583;0;8359;130;171;0;3;0;3662926;1871;4397641;1;2;1742;0;85;1436;862367;1653;33;46;0;0;0;2821602;1275;2598;0;136;5095;0;1879437;1721;0;2;1;2725940;0;2791400;142;171;15200;0;147;0;14;0;7314128;0;0;252;0;0;0;0;0;6841696;0;0;2799505;0
0;0;6573585;0;0;14992918;0;3232107;3793801;1852135;2;0;0;0;9615;0;0;1;80;1415;2636531;721418;51464;0;0;0;44;0;0;0;257;0;0;32;3795;252;35090;20423776;0;2893;0;33;2107;0;47283431;0;202;40506;0;0;0;0;3035107;144;3664491;1882;0;303;31004;1785;0;2540;0;0;1579630;0;85;0;0;4160746;0;0;3244922;1008470;0;45;0;3967;0;0;142;0;1860;0;2965;0;2;0;0;1113473;0;0;0;3659;0;4828527;0;0;0;1;0;33;0;0;42013053;0;0;0;0;0;1640;138;1769745;0;0;38838931;0;59390;0;53;0;0;0;0;1195;1190;126;196;0;0;0;2;36027;0;0;31683;0;2395880;45048492;0;8359;130;172;0;3;0;3662926;1872;4397647;1;2;1742;0;85;1436;862617;1653;33;46;0;0;0;2822456;1275;2598;0;136;5095;0;1879437;1721;0;2;1;2725940;0;2791400;142;172;15201;0;147;0;14;0;7314128;0;0;252;0;0;0;0;0;6841696;0;0;2799505;0
0;0;6573585;0;0;14992918;0;3232236;3793801;1852166;2;0;0;0;9615;0;0;1;80;1415;2636532;721418;51464;0;0;0;44;0;0;0;257;0;0;32;3795;252;35090;20423776;0;2893;0;33;2107;0;47283431;0;202;40506;0;0;0;0;3035380;144;3664491;1882;0;303;31004;1785;0;2540;0;0;1579633;0;85;0;0;4170056;0;0;3244922;1008470;0;45;0;3967;0;0;142;0;1860;0;2965;0;2;0;0;1113473;0;0;0;3659;0;4829238;0;0;0;1;0;33;0;0;42013053;0;0;0;0;0;1640;138;1769754;0;0;38848949;0;59391;0;53;0;0;0;0;1195;1190;126;196;0;0;0;2;36028;0;0;31683;0;2396054;46049511;0;8359;130;172;0;3;0;3662926;1872;4397655;1;2;1742;0;85;1436;862868;1653;33;46;0;0;0;2823332;1275;2598;0;136;5095;0;1879437;1721;0;2;1;2725941;0;2791400;142;172;15201;0;147;0;14;0;7314128;0;0;252;0;0;0;0;0;6841696;0;0;2799505;0
0;0;6573585;0;0;14992918;0;3232442;3793801;1852190;2;0;0;0;9615;0;0;1;80;1416;2636532;721418;51464;0;0;0;44;0;0;0;257;0;0;32;3795;252;35090;20423776;0;2893;0;33;2107;0;47283431;0;202;40507;0;0;0;0;3035760;144;3664491;1882;0;303;31005;1785;0;2540;0;0;1579637;0;85;0;0;4180015;0;0;3244922;1008470;0;45;0;3968;0;0;142;0;1860;0;2965;0;2;0;0;1113473;0;0;0;3659;0;4829287;0;0;0;1;0;33;0;0;42013053;0;0;0;0;0;1641;138;1769757;0;0;38858969;0;59391;0;53;0;0;0;0;1195;1190;126;196;0;0;0;2;36028;0;0;31683;0;2396117;47050533;0;8359;130;172;0;3;0;3662926;1873;4397662;1;2;1742;0;85;1436;863119;1653;33;46;0;0;0;2824171;1275;2598;0;136;5095;0;1879437;1721;0;2;1;2725941;0;2791400;142;172;15202;0;147;0;14;0;7314128;0;0;252;0;0;0;0;0;6841696;0;0;2799505;0
0;0;6573585;0;0;14992918;0;3232676;3793801;1852210;2;0;0;0;9615;0;0;1;80;1416;2636533;721418;51464;0;0;0;44;0;0;0;257;0;0;32;3795;252;35090;20423776;0;2893;0;33;2107;0;47283431;0;202;40507;0;0;0;0;3036139;144;3664491;1882;0;303;31005;1785;0;2540;0;0;1579637;0;85;0;0;4189967;0;0;3244922;1008470;0;45;0;3968;0;0;142;0;1860;0;2965;0;2;0;0;1113473;0;0;0;3659;0;4829354;0;0;0;1;0;33;0;0;42013053;0;0;0;0;0;1641;138;1769757;0;0;38868987;0;59391;0;53;0;0;0;0;1195;1190;126;196;0;0;0;2;36028;0;0;31683;0;2396209;48051553;0;8359;130;172;0;3;0;3662926;1873;4397673;1;2;1742;0;85;1436;863371;1653;33;46;0;0;0;2824997;1275;2598;0;136;5095;0;1879437;1721;0;2;1;2725942;0;2791400;142;172;15202;0;147;0;14;0;7314128;0;0;252;0;0;0;0;0;6841696;0;0;2799505;0
0;0;6573585;0;0;14992918;0;3232916;3793801;1852242;2;0;0;0;9615;0;0;1;80;1417;2636533;721418;51464;0;0;0;44;0;0;0;257;0;0;32;3795;252;35090;20423776;0;2893;0;33;2107;0;47283431;0;202;40508;0;0;0;0;3036515;144;3664491;1882;0;303;31006;1785;0;2540;0;0;1579638;0;85;0;0;4199972;0;0;3244922;1008470;0;45;0;3969;0;0;142;0;1860;0;2965;0;2;0;0;1113473;0;0;0;3659;0;4829356;0;0;0;1;0;33;0;0;42013053;0;0;0;0;0;1642;138;1769759;0;0;38879006;0;59391;0;53;0;0;0;0;1195;1190;126;196;0;0;0;2;36028;0;0;31683;0;2396259;49052491;0;8359;130;172;0;3;0;3662926;1874;4397681;1;2;1742;0;85;1436;863621;1653;33;46;0;0;0;2825856;1275;2598;0;136;5095;0;1879437;1721;0;2;1;2725942;0;2791400;142;172;15203;0;147;0;14;0;7314128;0;0;252;0;0;0;0;0;6841696;0;0;2799505;0
0;0;6573585;0;0;14992918;0;3233079;3793801;1852281;2;0;0;0;9615;0;0;1;80;1417;2636534;721418;51464;0;0;0;44;0;0;0;257;0;0;32;3795;252;35090;20423776;0;2893;0;33;2107;0;47283431;0;202;40508;0;0;0;0;3036719;144;3664491;1882;0;303;31006;1785;0;2540;0;0;1579640;0;85;0;0;4209929;0;0;3244922;1008470;0;45;0;3969;0;0;142;0;1860;0;2965;0;2;0;0;1113473;0;0;0;3659;0;4829418;0;0;0;1;0;33;0;0;42013053;0;0;0;0;0;1642;138;1769770;0;0;38889024;0;59392;0;53;0;0;0;0;1195;1190;126;196;0;0;0;2;36029;0;0;31683;0;2396480;50053518;0;8359;130;172;0;3;0;3662926;1874;4397702;1;2;1742;0;85;1436;863872;1653;33;46;0;0;0;2826723;1275;2598;0;136;5095;0;1879437;1721;0;2;1;2725943;0;2791400;142;172;15203;0;147;0;14;0;7314129;0;0;252;0;0;0;0;0;6841696;0;0;2799505;0
0;0;6573585;0;0;14992918;0;3233201;3793801;1852332;2;0;0;0;9615;0;0;1;80;1418;2636534;721418;51464;0;0;0;44;0;0;0;257;0;0;32;3795;252;35091;20423776;0;2893;0;33;2107;0;47283431;0;202;40509;0;0;0;0;3036962;144;3664491;1882;0;303;31006;1786;0;2540;0;0;1579644;0;85;0;0;4219923;0;0;3244922;1008470;0;45;0;3970;0;0;142;0;1860;0;2965;0;2;0;0;1113473;0;0;0;3660;0;4829418;0;0;0;1;0;33;0;0;42013053;0;0;0;0;0;1643;138;1769770;0;0;38899044;0;59392;0;53;0;0;0;0;1195;1190;126;196;0;0;0;2;36029;0;0;31683;0;2396679;51054530;0;8359;130;172;0;3;0;3662926;1874;4397713;1;2;1742;0;85;1436;864123;1653;33;46;0;0;0;2827581;1275;2598;0;136;5095;0;1879437;1721;0;2;1;2725943;0;2791400;142;172;15203;0;147;0;14;0;7314154;0;0;252;0;0;0;0;0;6841696;0;0;2799505;0
0;0;6573585;0;0;14992918;0;3233338;3793801;1852366;2;0;0;0;9615;0;0;1;80;1418;2636534;721418;51464;0;0;0;44;0;0;0;257;0;0;32;3795;252;35091;20423776;0;2893;0;33;2107;0;47283431;0;202;40509;0;0;0;0;3037206;144;3664492;1882;0;303;31006;1786;0;2540;0;0;1579645;0;85;0;0;4228447;0;0;3244922;1008470;0;45;0;3970;0;0;142;0;1860;0;2965;0;2;0;0;1113473;0;0;0;3660;0;4829418;0;0;0;1;0;33;0;0;42013053;0;0;0;0;0;1643;138;1769771;0;0;38909062;0;59392;0;53;0;0;0;0;1195;1190;126;196;0;0;0;2;36029;0;0;31683;0;2396910;52055549;0;8359;130;172;0;3;0;3662926;1874;4397725;1;2;1742;0;85;1436;864374;1653;33;46;0;0;0;2828447;1275;2598;0;136;5095;0;1879437;1721;0;2;1;2727427;0;2791400;142;172;15203;0;147;0;14;0;7314167;0;0;252;0;0;0;0;0;6841696;0;0;2799505;0
0;0;6573585;0;0;14992918;0;3233476;3793801;1852392;2;0;0;0;9615;0;0;1;80;1419;2636534;721418;51464;0;0;0;44;0;0;0;257;0;0;32;3795;252;35092;20423776;0;2893;0;33;2107;0;47283431;0;202;40510;0;0;0;0;3037441;144;3664492;1882;0;303;31006;1787;0;2540;0;0;1579649;0;85;0;0;4233136;0;0;3244922;1008470;0;45;0;3971;0;0;142;0;1860;0;2965;0;2;0;0;1113473;0;0;0;3661;0;4829418;0;0;0;1;0;33;0;0;42013053;0;0;0;0;0;1644;138;1769774;0;0;38919081;0;59393;0;53;0;0;0;0;1195;1190;126;196;0;0;0;2;36030;0;0;31683;0;2397198;53056511;0;8359;130;172;0;3;0;3662926;1874;4397749;1;2;1742;0;85;1436;864601;1653;33;46;0;0;0;2829346;1275;2598;0;136;5095;0;1879437;1721;0;2;1;2732722;0;2791400;142;172;15203;0;147;0;14;0;7314201;0;0;252;0;0;0;0;0;6841696;0;0;2799505;0
0;0;6573585;0;0;14992918;0;3233572;3793801;1852423;2;0;0;0;9615;0;0;1;80;1419;2636534;721418;51464;0;0;0;44;0;0;0;257;0;0;32;3795;252;35092;20423776;0;2893;0;33;2107;0;47283431;0;202;40510;0;0;0;0;3037694;144;3664493;1882;0;303;31006;1787;0;2540;0;0;1579649;0;85;0;0;4241235;0;0;3244922;1008470;0;45;0;3971;0;0;142;0;1860;0;2965;0;2;0;0;1113473;0;0;0;3661;0;4829418;0;0;0;1;0;33;0;0;42013053;0;0;0;0;0;1644;138;1769775;0;0;38929100;0;59393;0;53;0;0;0;0;1195;1190;126;196;0;0;0;2;36030;0;0;31683;0;2397383;54057528;0;8359;130;172;0;3;0;3662926;1874;4397824;1;2;1742;0;85;1436;864851;1653;33;46;0;0;0;2830215;1275;2598;0;136;5095;0;1879437;1721;0;2;1;2734644;0;2791400;142;172;15203;0;147;0;14;0;7314202;0;0;252;0;0;0;0;0;6841696;0;0;2799505;0
0;0;6573585;0;0;14992918;0;3233783;3793801;1852446;2;0;0;0;9615;0;0;1;80;1420;2636534;721418;51464;0;0;0;44;0;0;0;257;0;0;32;3795;252;35093;20423776;0;2893;0;33;2107;0;47283431;0;202;40511;0;0;0;0;3037937;144;3664493;1882;0;303;31006;1788;0;2540;0;0;1579651;0;85;0;0;4243721;0;0;3244922;1008470;0;45;0;3972;0;0;142;0;1860;0;2965;0;2;0;0;1113473;0;0;0;3662;0;4829418;0;0;0;1;0;33;0;0;42013053;0;0;0;0;0;1645;138;1769781;0;0;38939119;0;59393;0;53;0;0;0;0;1195;1190;126;196;0;0;0;2;36030;0;0;31683;0;2397618;55058553;0;8359;130;173;0;3;0;3662926;1874;4397836;1;2;1742;0;85;1436;865102;1653;33;46;0;0;0;2831153;1275;2598;0;136;5095;0;1879437;1721;0;2;1;2742177;0;2791400;142;173;15203;0;147;0;14;0;7314202;0;0;252;0;0;0;0;0;6841696;0;0;2799505;0
0;0;6573585;0;0;14992918;0;3233961;3793801;1852472;2;0;0;0;9615;0;0;1;80;1420;2636534;721418;51464;0;0;0;44;0;0;0;257;0;0;32;3795;252;35093;20423776;0;2893;0;33;2107;0;47283431;0;202;40511;0;0;0;0;3038165;144;3664494;1882;0;303;31006;1788;0;2540;0;0;1579654;0;85;0;0;4249497;0;0;3244922;1008470;0;45;0;3972;0;0;142;0;1860;0;2965;0;2;0;0;1113473;0;0;0;3662;0;4829418;0;0;0;1;0;33;0;0;42013053;0;0;0;0;0;1645;138;1769786;0;0;38949138;0;59393;0;53;0;0;0;0;1195;1190;126;196;0;0;0;2;36030;0;0;31683;0;2397831;56059579;0;8359;130;173;0;3;0;3662926;1874;4397841;1;2;1742;0;85;1436;865355;1653;33;46;0;0;0;2832050;1275;2598;0;136;5095;0;1879437;1721;0;2;1;2746421;0;2791400;142;173;15203;0;147;0;14;0;7314203;0;0;252;0;0;0;0;0;6841696;0;0;2799505;0
0;0;6573585;0;0;14992918;0;3234101;3793801;1852522;2;0;0;0;9615;0;0;1;80;1421;2636534;721418;51464;0;0;0;44;0;0;0;257;0;0;32;3795;252;35094;20423776;0;2893;0;33;2107;0;47283431;0;202;40512;0;0;0;0;3038416;144;3664494;1882;0;303;31006;1789;0;2540;0;0;1579654;0;85;0;0;4257750;0;0;3244922;1008470;0;45;0;3973;0;0;142;0;1860;0;2965;0;2;0;0;1113473;0;0;0;3663;0;4829418;0;0;0;1;0;33;0;0;42013053;0;0;0;0;0;1646;138;1769792;0;0;38959156;0;59393;0;53;0;0;0;0;1195;1190;126;196;0;0;0;2;36030;0;0;31683;0;2398046;57060494;0;8359;130;173;0;3;0;3662926;1874;4397852;1;2;1742;0;85;1436;865606;1653;33;46;0;0;0;2832915;1275;2598;0;136;5095;0;1879437;1721;0;2;1;2748184;0;2791400;142;173;15203;0;147;0;14;0;7314204;0;0;252;0;0;0;0;0;6841696;0;0;2799505;0
0;0;6573585;0;0;14992918;0;3234223;3793801;1852569;2;0;0;0;9615;0;0;1;80;1421;2636534;721418;51464;0;0;0;44;0;0;0;257;0;0;32;3795;252;35094;20423776;0;2893;0;33;2107;0;47283431;0;202;40512;0;0;0;0;3038668;144;3664495;1882;0;303;31006;1789;0;2540;0;0;1579655;0;85;0;0;4267726;0;0;3244922;1008470;0;45;0;3973;0;0;142;0;1860;0;2965;0;2;0;0;1113473;0;0;0;3663;0;4829418;0;0;0;1;0;33;0;0;42013053;0;0;0;0;0;1646;138;1769806;0;0;38969175;0;59393;0;53;0;0;0;0;1195;1190;126;196;0;0;0;2;36030;0;0;31683;0;2398280;58061511;0;8359;130;173;0;3;0;3662926;1874;4397862;1;2;1742;0;85;1436;865857;1653;33;46;0;0;0;2833744;1275;2598;0;136;5095;0;1879437;1721;0;2;1;2748185;0;2791400;142;173;15203;0;147;0;14;0;7314248;0;0;252;0;0;0;0;0;6841696;0;0;2799505;0
0;0;6573585;0;0;14992918;0;3234363;3793801;1852596;2;0;0;0;9615;0;0;1;80;1422;2636534;721418;51464;0;0;0;44;0;0;0;257;0;0;32;3795;252;35095;20423776;0;2893;0;33;2107;0;47283431;0;202;40513;0;0;0;0;3038893;144;3664495;1882;0;303;31006;1790;0;2540;0;0;1579659;0;85;0;0;4276234;0;0;3244922;1008470;0;45;0;3974;0;0;142;0;1860;0;2965;0;2;0;0;1113473;0;0;0;3664;0;4829418;0;0;0;1;0;33;0;0;42013053;0;0;0;0;0;1647;138;1769807;0;0;38979194;0;59393;0;53;0;0;0;0;1195;1190;126;196;0;0;0;2;36030;0;0;31683;0;2398500;59062532;0;8359;130;173;0;3;0;3662926;1874;4397868;1;2;1742;0;85;1436;866108;1653;33;46;0;0;0;2834607;1275;2598;0;136;5095;0;1879437;1721;0;2;1;2749687;0;2791400;142;173;15203;0;147;0;14;0;7314257;0;0;252;0;0;0;0;0;6841696;0;0;2799505;0
0;0;6573585;0;0;14992918;0;3234525;3793801;1852626;2;0;0;0;9615;0;0;1;80;1422;2636534;721418;51464;0;0;0;44;0;0;0;257;0;0;32;3795;252;35095;20423776;0;2893;0;33;2107;0;47283431;0;202;40513;0;0;0;0;3039140;144;3664496;1882;0;303;31006;1790;0;2540;0;0;1579660;0;85;0;0;4282877;0;0;3244922;1008470;0;45;0;3974;0;0;142;0;1860;0;2965;0;2;0;0;1113473;0;0;0;3664;0;4829418;0;0;0;1;0;33;0;0;42013053;0;0;0;0;0;1647;138;1769814;0;0;38989213;0;59393;0;53;0;0;0;0;1195;1190;126;196;0;0;0;2;36030;0;0;31683;0;2398725;60063560;0;8359;130;173;0;3;0;3662926;1874;4397878;1;2;1742;0;85;1436;866360;1653;33;46;0;0;0;2835502;1275;2598;0;136;5095;0;1879437;1721;0;2;1;2753065;0;2791400;142;173;15203;0;147;0;14;0;7314258;0;0;252;0;0;0;0;0;6841696;0;0;2799505;0
0;0;6573585;0;0;14992918;0;3234680;3793801;1852663;2;0;0;0;9615;0;0;1;80;1423;2636534;721418;51464;0;0;0;44;0;0;0;257;0;0;32;3795;252;35095;20423776;0;2893;0;33;2108;0;47283431;0;202;40513;0;0;0;0;3039380;144;3664496;1882;0;303;31006;1790;0;2540;0;0;1579661;0;85;0;0;4288575;0;0;3244922;1008470;0;45;0;3974;0;0;142;0;1861;0;2965;0;2;0;0;1113473;0;0;0;3664;0;4829418;0;0;0;1;0;33;0;0;42013053;0;0;0;0;0;1648;138;1769816;0;0;38999232;0;59393;0;53;0;0;0;0;1196;1190;126;196;0;0;0;2;36030;0;0;31683;0;2398935;61064500;0;8360;130;173;0;3;0;3662926;1874;4397899;1;2;1742;0;85;1436;866610;1653;33;46;0;0;0;2836392;1275;2599;0;136;5095;0;1879437;1721;0;2;1;2757385;0;2791400;142;173;15203;0;147;0;14;0;7314258;0;0;252;0;0;0;0;0;6841696;0;0;2799505;0
0;0;6573585;0;0;14992918;0;3234813;3793801;1852693;2;0;0;0;9615;0;0;1;80;1423;2636534;721418;51464;0;0;0;44;0;0;0;257;0;0;32;3795;252;35095;20423776;0;2893;0;33;2108;0;47283431;0;202;40513;0;0;0;0;3039613;144;3664497;1882;0;303;31006;1790;0;2540;0;0;1579662;0;85;0;0;4297073;0;0;3244922;1008470;0;45;0;3974;0;0;142;0;1861;0;2965;0;2;0;0;1113473;0;0;0;3664;0;4829418;0;0;0;1;0;33;0;0;42013053;0;0;0;0;0;1648;138;1769818;0;0;39009250;0;59393;0;53;0;0;0;0;1196;1190;126;196;0;0;0;2;36030;0;0;31683;0;2399158;62065517;0;8360;130;173;0;3;0;3662926;1874;4397913;1;2;1742;0;85;1436;866862;1653;33;46;0;0;0;2837230;1275;2599;0;136;5095;0;1879437;1721;0;2;1;2758905;0;2791400;142;173;15203;0;147;0;14;0;7314258;0;0;252;0;0;0;0;0;6841696;0;0;2799508;0
0;0;6573585;0;0;14992918;0;3234934;3793801;1852735;2;0;0;0;9615;0;0;1;80;1424;2636534;721418;51464;0;0;0;44;0;0;0;257;0;0;32;3795;252;35095;20423776;0;2893;0;33;2109;0;47283431;0;202;40513;0;0;0;0;3039859;144;3664497;1882;0;303;31006;1790;0;2540;0;0;1579662;0;85;0;0;4306787;0;0;3244922;1008470;0;45;0;3974;0;0;142;0;1862;0;2965;0;2;0;0;1113473;0;0;0;3664;0;4829418;0;0;0;1;0;33;0;0;42013053;0;0;0;0;0;1649;138;1769819;0;0;39019268;0;59393;0;53;0;0;0;0;1197;1190;126;196;0;0;0;2;36030;0;0;31683;0;2399359;63066534;0;8361;130;173;0;3;0;3662926;1874;4397926;1;2;1742;0;85;1436;867112;1653;33;46;0;0;0;2838068;1275;2600;0;136;5095;0;1879437;1721;0;2;1;2759210;0;2791400;142;173;15203;0;147;0;14;0;7314258;0;0;252;0;0;0;0;0;6841696;0;0;2799508;0
0;0;6573585;0;0;14992918;0;3235052;3793801;1852776;2;0;0;0;9615;0;0;1;80;1424;2636534;721418;51464;0;0;0;44;0;0;0;257;0;0;32;3795;252;35095;20423776;0;2893;0;33;2109;0;47283431;0;202;40513;0;0;0;0;3040098;144;3664498;1882;0;303;31006;1790;0;2540;0;0;1579663;0;85;0;0;4316506;0;0;3244922;1008470;0;45;0;3974;0;0;142;0;1862;0;2965;0;2;0;0;1113473;0;0;0;3664;0;4829418;0;0;0;1;0;33;0;0;42013053;0;0;0;0;0;1649;138;1769821;0;0;39029287;0;59393;0;53;0;0;0;0;1197;1190;126;196;0;0;0;2;36030;0;0;31683;0;2399561;64067553;0;8361;130;173;0;3;0;3662926;1874;4397939;1;2;1742;0;85;1436;867364;1653;33;46;0;0;0;2838907;1275;2600;0;136;5095;0;1879437;1721;0;2;1;2759511;0;2791400;142;173;15203;0;147;0;14;0;7314258;0;0;252;0;0;0;0;0;6841696;0;0;2799509;0
0;0;6573585;0;0;14992918;0;3235159;3793801;1852808;2;0;0;0;9615;0;0;1;80;1425;2636534;721418;51464;0;0;0;44;0;0;0;257;0;0;32;3795;252;35095;20423776;0;2893;0;33;2110;0;47283431;0;202;40513;0;0;0;0;3040323;144;3664498;1882;0;303;31006;1790;0;2540;0;0;1579665;0;85;0;0;4323031;0;0;3244922;1008470;0;45;0;3974;0;0;143;0;1863;0;2965;0;2;0;0;1113473;0;0;0;3664;0;4829418;0;0;0;1;0;33;0;0;42013053;0;0;0;0;0;1650;138;1769826;0;0;39039295;0;59393;0;53;0;0;0;0;1198;1190;126;196;0;0;0;2;36030;0;0;31683;0;2399821;65068504;0;8362;130;174;0;3;0;3662926;1874;4397981;1;2;1742;0;85;1436;867614;1653;33;46;0;0;0;2839792;1275;2601;0;136;5095;0;1879437;1721;0;2;1;2763004;0;2791400;143;174;15203;0;147;0;14;0;7314258;0;0;252;0;0;0;0;0;6841696;0;0;2799509;0
0;0;6573585;0;0;14992918;0;3235283;3793801;1852841;2;0;0;0;9615;0;0;1;80;1425;2636534;721418;51464;0;0;0;44;0;0;0;257;0;0;32;3795;252;35095;20423776;0;2893;0;33;2110;0;47283431;0;202;40513;0;0;0;0;3040548;144;3664499;1882;0;303;31006;1790;0;2540;0;0;1579665;0;85;0;0;4332206;0;0;3244922;1008470;0;45;0;3974;0;0;143;0;1863;0;2965;0;2;0;0;1113473;0;0;0;3664;0;4829418;0;0;0;1;0;33;0;0;42013053;0;0;0;0;0;1650;138;1769834;0;0;39049313;0;59397;0;53;0;0;0;0;1198;1190;126;196;0;0;0;2;36034;0;0;31683;0;2400044;66069520;0;8362;130;174;0;3;0;3662926;1874;4397996;1;2;1742;0;85;1436;867865;1653;33;46;0;0;0;2840634;1275;2620;0;136;5095;0;1879437;1721;0;2;1;2763847;0;2791400;143;174;15203;0;147;0;14;0;7314258;0;0;252;0;0;0;0;0;6841696;0;0;2799510;0
0;0;6573585;0;0;14992918;0;3235409;3793801;1852880;2;0;0;0;9615;0;0;1;80;1426;2636534;721418;51464;0;0;0;44;0;0;0;257;0;0;32;3795;252;35095;20423776;0;2893;0;33;2111;0;47283431;0;202;40513;0;0;0;0;3040759;144;3664499;1882;0;303;31006;1790;0;2540;0;0;1579667;0;85;0;0;4342213;0;0;3244922;1008470;0;45;0;3974;0;0;143;0;1864;0;2965;0;2;0;0;1113473;0;0;0;3664;0;4829418;0;0;0;1;0;33;0;0;42013053;0;0;0;0;0;1651;138;1769839;0;0;39059332;0;59397;0;53;0;0;0;0;1199;1190;126;196;0;0;0;2;36034;0;0;31683;0;2400255;67070537;0;8363;130;174;0;3;0;3662926;1874;4398004;1;2;1742;0;85;1436;868116;1653;33;46;0;0;0;2841478;1275;2621;0;136;5095;0;1879437;1721;0;2;1;2763847;0;2791400;143;174;15203;0;147;0;14;0;7314258;0;0;252;0;0;0;0;0;6841696;0;0;2799510;0
0;0;6573585;0;0;14992918;0;3235495;3793801;1852915;2;0;0;0;9615;0;0;1;80;1426;2636534;721418;51464;0;0;0;44;0;0;0;257;0;0;32;3795;252;35095;20423776;0;2893;0;33;2111;0;47283431;0;202;40513;0;0;0;0;3041011;144;3664500;1882;0;303;31006;1790;0;2540;0;0;1579667;0;85;0;0;4351538;0;0;3244922;1008470;0;45;0;3974;0;0;143;0;1864;0;2965;0;2;0;0;1113473;0;0;0;3664;0;4829418;0;0;0;1;0;33;0;0;42013053;0;0;0;0;0;1651;138;1769841;0;0;39069351;0;59397;0;53;0;0;0;0;1199;1190;126;196;0;0;0;2;36034;0;0;31683;0;2400452;68071579;0;8363;130;174;0;3;0;3662926;1874;4398076;1;2;1742;0;85;1436;868366;1653;33;46;0;0;0;2842318;1275;2621;0;136;5095;0;1879437;1721;0;2;1;2764542;0;2791400;143;174;15203;0;147;0;14;0;7314258;0;0;252;0;0;0;0;0;6841696;0;0;2799511;0
0;0;6573585;0;0;14992918;0;3235576;3793801;1852947;2;0;0;0;9615;0;0;1;80;1427;2636534;721418;51464;0;0;0;44;0;0;0;257;0;0;32;3795;252;35095;20423776;0;2893;0;33;2112;0;47283431;0;202;40513;0;0;0;0;3041204;144;3664500;1882;0;303;31006;1790;0;2540;0;0;1579668;0;85;0;0;4358420;0;0;3244922;1008470;0;45;0;3974;0;0;143;0;1865;0;2965;0;2;0;0;1113473;0;0;0;3664;0;4829418;0;0;0;1;0;33;0;0;42013053;0;0;0;0;0;1652;138;1769844;0;0;39079370;0;59397;0;53;0;0;0;0;1200;1190;126;196;0;0;0;2;36034;0;0;31683;0;2400688;69072504;0;8364;130;174;0;3;0;3662926;1874;4398133;1;2;1742;0;85;1436;868615;1653;33;46;0;0;0;2843202;1275;2622;0;136;5095;0;1879437;1721;0;2;1;2767667;0;2791400;143;174;15203;0;147;0;14;0;7314258;0;0;252;0;0;0;0;0;6841696;0;0;2799511;0
0;0;6573585;0;0;14992918;0;3235717;3793801;1852982;2;0;0;0;9615;0;0;1;80;1427;2636534;721418;51464;0;0;0;44;0;0;0;257;0;0;32;3795;252;35095;20423776;0;2893;0;33;2112;0;47283431;0;202;40513;0;0;0;0;3041453;144;3664501;1882;0;303;31006;1790;0;2540;0;0;1579670;0;85;0;0;4366081;0;0;3244922;1008470;0;45;0;3974;0;0;143;0;1865;0;2965;0;2;0;0;1113473;0;0;0;3664;0;4829418;0;0;0;1;0;33;0;0;42013053;0;0;0;0;0;1652;138;1769847;0;0;39089388;0;59397;0;53;0;0;0;0;1200;1190;126;196;0;0;0;2;36034;0;0;31683;0;2400902;70073533;0;8364;130;174;0;3;0;3662926;1874;4398149;1;2;1742;0;85;1436;868866;1653;33;46;0;0;0;2844080;1275;2622;0;136;5095;0;1879437;1721;0;2;1;2770027;0;2791400;143;174;15203;0;147;0;14;0;7314258;0;0;252;0;0;0;0;0;6841696;0;0;2799512;0
0;0;6573585;0;0;14992918;0;3235775;3793801;1853008;2;0;0;0;9615;0;0;1;80;1428;2636534;721418;51464;0;0;0;44;0;0;0;257;0;0;32;3795;252;35095;20423776;0;2893;0;33;2113;0;47283431;0;202;40513;0;0;0;0;3041650;144;3664501;1882;0;303;31006;1790;0;2540;0;0;1579670;0;85;0;0;4372938;0;0;3244922;1008470;0;45;0;3974;0;0;143;0;1866;0;2965;0;2;0;0;1113473;0;0;0;3664;0;4829418;0;0;0;1;0;33;0;0;42013053;0;0;0;0;0;1653;138;1769847;0;0;39097047;0;59397;0;53;0;0;0;0;1201;1190;126;196;0;0;0;2;36034;0;0;31683;0;2401075;71074622;0;8365;130;174;0;3;0;3662926;1874;4398202;1;2;1742;0;85;1436;869068;1653;33;46;0;0;0;2844995;1275;2623;0;136;5095;0;1879437;1721;0;2;1;2770828;0;2791400;143;174;15203;0;147;0;14;0;7314258;0;0;252;0;0;0;0;0;6841696;0;0;2799512;0
0;0;6573585;0;0;14992918;0;3235776;3793801;1853008;2;0;0;0;9615;0;0;1;80;1428;2636534;721418;51464;0;0;0;44;0;0;0;257;0;0;32;3795;252;35095;20423776;0;2893;0;33;2113;0;47283431;0;202;40513;0;0;0;0;3041655;144;3664502;1882;0;303;31006;1790;0;2540;0;0;1579670;0;85;0;0;4372939;0;0;3244922;1008470;0;45;0;3974;0;0;143;0;1866;0;2965;0;2;0;0;1113473;0;0;0;3664;0;4829418;0;0;0;1;0;33;0;0;42013053;0;0;0;0;0;1653;138;1769847;0;0;39097047;0;59397;0;53;0;0;0;0;1201;1190;126;196;0;0;0;2;36034;0;0;31683;0;2401078;72075693;0;8365;130;174;0;3;0;3662926;1874;4398202;1;2;1742;0;85;1436;869084;1653;33;46;0;0;0;2846095;1275;2623;0;136;5095;0;1879437;1721;0;2;1;2770829;0;2791400;143;174;15203;0;147;0;14;0;7314258;0;0;252;0;0;0;0;0;6841696;0;0;2799513;0
0;0;6573585;0;0;14992918;0;3235776;3793801;1853008;2;0;0;0;9615;0;0;1;80;1429;2636534;721418;51464;0;0;0;44;0;0;0;257;0;0;32;3795;252;35095;20423776;0;2893;0;33;2114;0;47283431;0;202;40513;0;0;0;0;3041657;144;3664502;1882;0;303;31006;1790;0;2540;0;0;1579670;0;85;0;0;4372939;0;0;3244922;1008470;0;45;0;3974;0;0;143;0;1867;0;2965;0;2;0;0;1113473;0;0;0;3664;0;4829418;0;0;0;1;0;33;0;0;42013053;0;0;0;0;0;1654;138;1769847;0;0;39097048;0;59397;0;53;0;0;0;0;1202;1190;126;196;0;0;0;2;36034;0;0;31683;0;2401086;73076770;0;8366;130;174;0;3;0;3662926;1874;4398203;1;2;1742;0;85;1436;869091;1653;33;46;0;0;0;2847200;1275;2624;0;136;5095;0;1879437;1721;0;2;1;2770829;0;2791400;143;174;15203;0;147;0;14;0;7314258;0;0;252;0;0;0;0;0;6841696;0;0;2799513;0
0;0;6573585;0;0;14992918;0;3235776;3793801;1853008;2;0;0;0;9615;0;0;1;80;1429;2636534;721418;51464;0;0;0;44;0;0;0;257;0;0;32;3795;252;35095;20423776;0;2893;0;33;2114;0;47283431;0;202;40513;0;0;0;0;3041668;144;3664503;1882;0;303;31006;1790;0;2540;0;0;1579670;0;85;0;0;4372940;0;0;3244922;1008470;0;45;0;3974;0;0;143;0;1867;0;2965;0;2;0;0;1113473;0;0;0;3664;0;4829418;0;0;0;1;0;33;0;0;42013053;0;0;0;0;0;1654;138;1769847;0;0;39097048;0;59397;0;53;0;0;0;0;1202;1190;126;196;0;0;0;2;36034;0;0;31683;0;2401091;74077846;0;8366;130;174;0;3;0;3662926;1874;4398205;1;2;1742;0;85;1436;869102;1653;33;46;0;0;0;2848304;1275;2624;0;136;5095;0;1879437;1721;0;2;1;2770830;0;2791400;143;174;15203;0;147;0;14;0;7314258;0;0;252;0;0;0;0;0;6841696;0;0;2799514;0
0;0;6573585;0;0;14992918;0;3235784;3793801;1853008;2;0;0;0;9615;0;0;1;80;1434;2636534;721418;51466;0;0;0;44;0;0;0;257;0;0;32;3795;252;35095;20423776;0;2893;0;33;2115;0;47283431;0;202;40513;0;0;0;0;3042186;145;3664504;1882;0;303;31006;1790;0;2540;0;0;1579670;0;85;0;0;4372941;0;0;3244922;1008470;0;45;0;3974;0;0;143;0;1869;0;2965;0;2;0;0;1113473;0;0;0;3664;0;4829418;0;0;0;1;0;33;0;0;42013053;0;0;0;0;0;1660;138;1769847;0;0;39097054;0;59399;0;53;0;0;0;0;1207;1190;126;196;0;0;0;2;36035;0;0;31683;0;2401423;75078942;0;8369;132;174;0;3;0;3662926;1874;4398208;1;2;1742;0;85;1436;869135;1653;33;46;0;0;0;2848603;1275;2625;0;136;5095;0;1879437;1721;0;2;1;2770832;0;2791400;143;174;15203;0;147;0;14;0;7314258;0;0;252;0;0;0;0;0;6841696;0;0;2799515;0
0;0;6573585;0;0;14992918;0;3235785;3793801;1853008;2;0;0;0;9615;0;0;1;80;1434;2636534;721418;51466;0;0;0;44;0;0;0;257;0;0;32;3795;252;35095;20423776;0;2893;0;33;2115;0;47283431;0;202;40513;0;0;0;0;3042595;146;3664506;1882;0;303;31006;1790;0;2540;0;0;1579672;0;85;0;0;4372942;0;0;3244922;1008470;0;45;0;3974;0;0;143;0;1869;0;2965;0;2;0;0;1113473;0;0;0;3664;0;4829418;0;0;0;1;0;33;0;0;42013053;0;0;0;0;0;1662;138;1769850;0;0;39097055;0;59401;0;53;0;0;0;0;1207;1190;126;196;0;0;0;2;36036;0;0;31683;0;2402131;76080013;0;8369;132;174;0;3;0;3662926;1874;4398212;1;2;1742;0;85;1436;869165;1653;33;46;0;0;0;2848627;1275;2625;0;136;5095;0;1879437;1721;0;2;1;2770835;0;2791400;143;174;15203;0;147;0;14;0;7314258;0;0;252;0;0;0;0;0;6841696;0;0;2799516;0
0;0;6573585;0;0;14992918;0;3235785;3793802;1853008;2;0;0;0;9615;0;0;1;80;1435;2636534;721418;51469;0;0;0;44;0;0;0;257;0;0;32;3795;252;35095;20423776;0;2893;0;33;2116;0;47283431;0;202;40513;0;0;0;0;3043138;146;3664512;1882;0;303;31006;1790;0;2540;0;0;1579674;0;85;0;0;4372944;0;0;3244922;1008470;0;45;0;3974;0;0;143;0;1870;0;2965;0;2;0;0;1113473;0;0;0;3664;0;4829418;0;0;0;1;0;33;0;0;42013053;0;0;0;0;0;1663;138;1769850;0;0;39097056;0;59404;0;53;0;0;0;0;1211;1190;126;196;0;0;0;2;36037;0;0;31683;0;2402442;77081083;0;8370;132;174;0;3;0;3662926;1874;4398213;1;2;1742;0;85;1436;869179;1653;33;46;0;0;0;2848915;1275;2626;0;136;5095;0;1879437;1721;0;2;1;2770837;0;2791400;143;174;15203;0;147;0;14;0;7314258;0;0;252;0;0;0;0;0;6841696;0;0;2799518;0
0;0;6573585;0;0;14992918;0;3235785;3793802;1853008;2;0;0;0;9615;0;0;1;80;1435;2636534;721418;51470;0;0;0;44;0;0;0;257;0;0;32;3795;252;35095;20423776;0;2893;0;33;2118;0;47283431;0;202;40513;0;0;0;0;3043328;146;3664512;1882;0;303;31006;1790;0;2540;0;0;1579679;0;85;0;0;4372944;0;0;3244922;1008470;0;45;0;3974;0;0;143;0;1872;0;2965;0;2;0;0;1113473;0;0;0;3664;0;4829418;0;0;0;1;0;33;0;0;42013053;0;0;0;0;0;1663;138;1769850;0;0;39097056;0;59406;0;53;0;0;0;0;1211;1190;126;196;0;0;0;2;36040;0;0;31683;0;2403387;78082176;0;8373;132;174;0;3;0;3662926;1874;4398213;1;2;1742;0;85;1436;869212;1653;33;46;0;0;0;2848933;1275;2629;0;136;5095;0;1879437;1721;0;2;1;2770837;0;2791400;143;174;15203;0;147;0;14;0;7314258;0;0;252;0;0;0;0;0;6841696;0;0;2799518;0
