NMI_Non-maskable_interrupts_CPU0;LOC_Local_timer_interrupts_CPU3;31_IR-PCI-MSI_1574912-edge_ioat-msix_CPU3;73_IR-PCI-MSI_2361344-edge_vfio-msix[0](0000:04:10.1)_CPU0;HRE_Hyper-V_reenlightenment_interrupts_CPU1;27_IR-PCI-MSI_3670017-edge_eno1-TxRx-0_CPU2;MCE_Machine_check_exceptions_CPU3;40_IR-PCI-MSI_1579008-edge_ioat-msix_CPU2;LOC_Local_timer_interrupts_CPU2;8_IR-IO-APIC_8-edge_rtc0_CPU1;28_IR-PCI-MSI_3670018-edge_eno1-TxRx-1_CPU1;CAL_Function_call_interrupts_CPU0;29_IR-PCI-MSI_3670019-edge_eno1-TxRx-2_CPU2;33_IR-PCI-MSI_524288-edge_nvme0q0_CPU2;HVS_Hyper-V_stimer0_interrupts_CPU0;THR_Threshold_APIC_interrupts_CPU0;DFR_Deferred_Error_APIC_interrupts_CPU1;DFR_Deferred_Error_APIC_interrupts_CPU3;31_IR-PCI-MSI_1574912-edge_ioat-msix_CPU1;THR_Threshold_APIC_interrupts_CPU1;IWI_IRQ_work_interrupts_CPU1;27_IR-PCI-MSI_3670017-edge_eno1-TxRx-0_CPU1;MIS_CPU0;SPU_Spurious_interrupts_CPU0;SPU_Spurious_interrupts_CPU2;40_IR-PCI-MSI_1579008-edge_ioat-msix_CPU3;26_IR-PCI-MSI_3670016-edge_eno1_CPU3;94_IR-PCI-MSI_2099204-edge_eno8_CPU2;30_IR-PCI-MSI_3670020-edge_eno1-TxRx-3_CPU2;RES_Rescheduling_interrupts_CPU2;50_IR-PCI-MSI_524289-edge_nvme0q1_CPU2;HRE_Hyper-V_reenlightenment_interrupts_CPU0;30_IR-PCI-MSI_3670020-edge_eno1-TxRx-3_CPU3;9_IR-IO-APIC_9-fasteoi_acpi_CPU0;51_IR-PCI-MSI_524290-edge_nvme0q2_CPU2;72_IR-PCI-MSI_2359296-edge_vfio-msix[0](0000:04:10.0)_CPU2;NMI_Non-maskable_interrupts_CPU3;29_IR-PCI-MSI_3670019-edge_eno1-TxRx-2_CPU0;31_IR-PCI-MSI_1574912-edge_ioat-msix_CPU2;26_IR-PCI-MSI_3670016-edge_eno1_CPU2;HYP_Hypervisor_callback_interrupts_CPU3;THR_Threshold_APIC_interrupts_CPU3;RES_Rescheduling_interrupts_CPU0;ERR_CPU0;30_IR-PCI-MSI_3670020-edge_eno1-TxRx-3_CPU1;PMI_Performance_monitoring_interrupts_CPU0;34_IR-PCI-MSI_327680-edge_xhci_hcd_CPU2;PIN_Posted-interrupt_notification_event_CPU2;NPI_Nested_posted-interrupt_event_CPU1;9_IR-IO-APIC_9-fasteoi_acpi_CPU1;74_IR-PCI-MSI_2097152-edge_eno7-TxRx-0_CPU2;18_IR-IO-APIC_18-fasteoi_ehci_hcd:usb1,_ehci_hcd:usb3,_i801_smbus_CPU0;72_IR-PCI-MSI_2359296-edge_vfio-msix[0](0000:04:10.0)_CPU3;34_IR-PCI-MSI_327680-edge_xhci_hcd_CPU1;91_IR-PCI-MSI_2099201-edge_eno8-TxRx-1_CPU0;HYP_Hypervisor_callback_interrupts_CPU1;18_IR-IO-APIC_18-fasteoi_ehci_hcd:usb1,_ehci_hcd:usb3,_i801_smbus_CPU2;52_IR-PCI-MSI_524291-edge_nvme0q3_CPU1;72_IR-PCI-MSI_2359296-edge_vfio-msix[0](0000:04:10.0)_CPU1;TRM_Thermal_event_interrupts_CPU2;32_IR-PCI-MSI_1576960-edge_ioat-msix_CPU1;PIW_Posted-interrupt_wakeup_event_CPU2;75_IR-PCI-MSI_2097153-edge_eno7-TxRx-1_CPU2;TLB_TLB_shootdowns_CPU2;94_IR-PCI-MSI_2099204-edge_eno8_CPU1;TLB_TLB_shootdowns_CPU1;74_IR-PCI-MSI_2097152-edge_eno7-TxRx-0_CPU0;9_IR-IO-APIC_9-fasteoi_acpi_CPU2;87_IR-PCI-MSI_2097156-edge_eno7_CPU1;HYP_Hypervisor_callback_interrupts_CPU0;25_IR-PCI-MSI_1572864-edge_ioat-msix_CPU3;76_IR-PCI-MSI_2097154-edge_eno7-TxRx-2_CPU0;timestamp_us;DFR_Deferred_Error_APIC_interrupts_CPU2;TLB_TLB_shootdowns_CPU0;75_IR-PCI-MSI_2097153-edge_eno7-TxRx-1_CPU0;26_IR-PCI-MSI_3670016-edge_eno1_CPU1;28_IR-PCI-MSI_3670018-edge_eno1-TxRx-1_CPU2;90_IR-PCI-MSI_2099200-edge_eno8-TxRx-0_CPU0;94_IR-PCI-MSI_2099204-edge_eno8_CPU0;PIN_Posted-interrupt_notification_event_CPU3;NPI_Nested_posted-interrupt_event_CPU3;TRM_Thermal_event_interrupts_CPU0;NMI_Non-maskable_interrupts_CPU2;MCP_Machine_check_polls_CPU2;27_IR-PCI-MSI_3670017-edge_eno1-TxRx-0_CPU0;74_IR-PCI-MSI_2097152-edge_eno7-TxRx-0_CPU3;91_IR-PCI-MSI_2099201-edge_eno8-TxRx-1_CPU3;86_IR-PCI-MSI_2097155-edge_eno7-TxRx-3_CPU3;THR_Threshold_APIC_interrupts_CPU2;86_IR-PCI-MSI_2097155-edge_eno7-TxRx-3_CPU0;87_IR-PCI-MSI_2097156-edge_eno7_CPU2;50_IR-PCI-MSI_524289-edge_nvme0q1_CPU0;8_IR-IO-APIC_8-edge_rtc0_CPU3;76_IR-PCI-MSI_2097154-edge_eno7-TxRx-2_CPU2;MCP_Machine_check_polls_CPU1;75_IR-PCI-MSI_2097153-edge_eno7-TxRx-1_CPU1;52_IR-PCI-MSI_524291-edge_nvme0q3_CPU0;25_IR-PCI-MSI_1572864-edge_ioat-msix_CPU1;24_DMAR-MSI_0-edge_dmar0_CPU0;53_IR-PCI-MSI_524292-edge_nvme0q4_CPU3;MCE_Machine_check_exceptions_CPU0;90_IR-PCI-MSI_2099200-edge_eno8-TxRx-0_CPU2;72_IR-PCI-MSI_2359296-edge_vfio-msix[0](0000:04:10.0)_CPU0;RTR_APIC_ICR_read_retries_CPU0;MCE_Machine_check_exceptions_CPU2;8_IR-IO-APIC_8-edge_rtc0_CPU2;24_DMAR-MSI_0-edge_dmar0_CPU2;LOC_Local_timer_interrupts_CPU0;RES_Rescheduling_interrupts_CPU3;28_IR-PCI-MSI_3670018-edge_eno1-TxRx-1_CPU3;40_IR-PCI-MSI_1579008-edge_ioat-msix_CPU0;32_IR-PCI-MSI_1576960-edge_ioat-msix_CPU2;76_IR-PCI-MSI_2097154-edge_eno7-TxRx-2_CPU3;IWI_IRQ_work_interrupts_CPU3;76_IR-PCI-MSI_2097154-edge_eno7-TxRx-2_CPU1;33_IR-PCI-MSI_524288-edge_nvme0q0_CPU1;24_DMAR-MSI_0-edge_dmar0_CPU3;32_IR-PCI-MSI_1576960-edge_ioat-msix_CPU3;51_IR-PCI-MSI_524290-edge_nvme0q2_CPU1;93_IR-PCI-MSI_2099203-edge_eno8-TxRx-3_CPU3;PIN_Posted-interrupt_notification_event_CPU1;HVS_Hyper-V_stimer0_interrupts_CPU2;86_IR-PCI-MSI_2097155-edge_eno7-TxRx-3_CPU2;91_IR-PCI-MSI_2099201-edge_eno8-TxRx-1_CPU1;HVS_Hyper-V_stimer0_interrupts_CPU3;TRM_Thermal_event_interrupts_CPU1;53_IR-PCI-MSI_524292-edge_nvme0q4_CPU2;33_IR-PCI-MSI_524288-edge_nvme0q0_CPU0;73_IR-PCI-MSI_2361344-edge_vfio-msix[0](0000:04:10.1)_CPU3;CAL_Function_call_interrupts_CPU1;TRM_Thermal_event_interrupts_CPU3;9_IR-IO-APIC_9-fasteoi_acpi_CPU3;93_IR-PCI-MSI_2099203-edge_eno8-TxRx-3_CPU2;24_DMAR-MSI_0-edge_dmar0_CPU1;PIN_Posted-interrupt_notification_event_CPU0;RTR_APIC_ICR_read_retries_CPU3;92_IR-PCI-MSI_2099202-edge_eno8-TxRx-2_CPU3;CAL_Function_call_interrupts_CPU2;MCE_Machine_check_exceptions_CPU1;50_IR-PCI-MSI_524289-edge_nvme0q1_CPU1;52_IR-PCI-MSI_524291-edge_nvme0q3_CPU3;IWI_IRQ_work_interrupts_CPU2;51_IR-PCI-MSI_524290-edge_nvme0q2_CPU3;92_IR-PCI-MSI_2099202-edge_eno8-TxRx-2_CPU1;86_IR-PCI-MSI_2097155-edge_eno7-TxRx-3_CPU1;26_IR-PCI-MSI_3670016-edge_eno1_CPU0;RTR_APIC_ICR_read_retries_CPU2;RTR_APIC_ICR_read_retries_CPU1;74_IR-PCI-MSI_2097152-edge_eno7-TxRx-0_CPU1;32_IR-PCI-MSI_1576960-edge_ioat-msix_CPU0;50_IR-PCI-MSI_524289-edge_nvme0q1_CPU3;29_IR-PCI-MSI_3670019-edge_eno1-TxRx-2_CPU3;93_IR-PCI-MSI_2099203-edge_eno8-TxRx-3_CPU0;27_IR-PCI-MSI_3670017-edge_eno1-TxRx-0_CPU3;HRE_Hyper-V_reenlightenment_interrupts_CPU3;SPU_Spurious_interrupts_CPU1;8_IR-IO-APIC_8-edge_rtc0_CPU0;25_IR-PCI-MSI_1572864-edge_ioat-msix_CPU0;PIW_Posted-interrupt_wakeup_event_CPU0;PMI_Performance_monitoring_interrupts_CPU2;PIW_Posted-interrupt_wakeup_event_CPU1;29_IR-PCI-MSI_3670019-edge_eno1-TxRx-2_CPU1;87_IR-PCI-MSI_2097156-edge_eno7_CPU3;NMI_Non-maskable_interrupts_CPU1;PIW_Posted-interrupt_wakeup_event_CPU3;28_IR-PCI-MSI_3670018-edge_eno1-TxRx-1_CPU0;DFR_Deferred_Error_APIC_interrupts_CPU0;25_IR-PCI-MSI_1572864-edge_ioat-msix_CPU2;30_IR-PCI-MSI_3670020-edge_eno1-TxRx-3_CPU0;18_IR-IO-APIC_18-fasteoi_ehci_hcd:usb1,_ehci_hcd:usb3,_i801_smbus_CPU1;92_IR-PCI-MSI_2099202-edge_eno8-TxRx-2_CPU0;75_IR-PCI-MSI_2097153-edge_eno7-TxRx-1_CPU3;18_IR-IO-APIC_18-fasteoi_ehci_hcd:usb1,_ehci_hcd:usb3,_i801_smbus_CPU3;73_IR-PCI-MSI_2361344-edge_vfio-msix[0](0000:04:10.1)_CPU1;93_IR-PCI-MSI_2099203-edge_eno8-TxRx-3_CPU1;IWI_IRQ_work_interrupts_CPU0;MCP_Machine_check_polls_CPU0;34_IR-PCI-MSI_327680-edge_xhci_hcd_CPU3;53_IR-PCI-MSI_524292-edge_nvme0q4_CPU1;31_IR-PCI-MSI_1574912-edge_ioat-msix_CPU0;MCP_Machine_check_polls_CPU3;90_IR-PCI-MSI_2099200-edge_eno8-TxRx-0_CPU1;PMI_Performance_monitoring_interrupts_CPU1;40_IR-PCI-MSI_1579008-edge_ioat-msix_CPU1;CAL_Function_call_interrupts_CPU3;PMI_Performance_monitoring_interrupts_CPU3;73_IR-PCI-MSI_2361344-edge_vfio-msix[0](0000:04:10.1)_CPU2;87_IR-PCI-MSI_2097156-edge_eno7_CPU0;RES_Rescheduling_interrupts_CPU1;51_IR-PCI-MSI_524290-edge_nvme0q2_CPU0;NPI_Nested_posted-interrupt_event_CPU2;33_IR-PCI-MSI_524288-edge_nvme0q0_CPU3;34_IR-PCI-MSI_327680-edge_xhci_hcd_CPU0;94_IR-PCI-MSI_2099204-edge_eno8_CPU3;HRE_Hyper-V_reenlightenment_interrupts_CPU2;LOC_Local_timer_interrupts_CPU1;HVS_Hyper-V_stimer0_interrupts_CPU1;92_IR-PCI-MSI_2099202-edge_eno8-TxRx-2_CPU2;TLB_TLB_shootdowns_CPU3;53_IR-PCI-MSI_524292-edge_nvme0q4_CPU0;91_IR-PCI-MSI_2099201-edge_eno8-TxRx-1_CPU2;NPI_Nested_posted-interrupt_event_CPU0;SPU_Spurious_interrupts_CPU3;52_IR-PCI-MSI_524291-edge_nvme0q3_CPU2;HYP_Hypervisor_callback_interrupts_CPU2;90_IR-PCI-MSI_2099200-edge_eno8-TxRx-0_CPU3
0;317219;0;;0;0;0;0;315994;0;0;3;0;0;0;0;0;0;0;0;104451;0;0;0;0;0;0;0;0;167;0;0;0;1;0;;0;51723;0;0;0;0;8272;0;0;0;0;9;0;0;0;32;;0;624;0;0;0;;0;0;0;0;210;0;270;633;0;0;0;0;633;75;0;0;633;0;0;624;76;7;0;0;0;1;48070;0;0;0;0;633;0;51;0;0;1;0;0;0;0;0;0;0;;2;0;0;0;325382;72;0;2;0;0;104450;0;0;0;0;0;0;585;0;0;0;0;0;0;14;;12041;0;0;0;0;0;0;0;12074;0;0;0;104450;0;0;0;1;0;0;0;2;0;0;624;0;0;0;1;2;0;0;0;0;0;0;0;9236;0;0;32998;0;624;0;0;;0;105372;1;0;0;2;1;0;0;0;12068;0;;80;1034;0;0;0;146;0;0;318199;0;0;211;0;0;0;0;0;0;0
0;317471;0;;0;0;0;0;316245;0;0;3;0;0;0;0;0;0;0;0;104534;0;0;0;0;0;0;0;0;167;0;0;0;1;0;;0;51723;0;0;0;0;8272;0;0;0;0;9;0;0;0;32;;0;624;0;0;0;;0;0;0;0;210;0;270;634;0;0;0;0;634;1001970;0;0;634;0;0;624;76;7;0;0;0;1;48070;0;0;0;0;634;0;51;0;0;1;0;0;0;0;0;0;0;;2;0;0;0;325635;72;0;2;0;0;104533;0;0;0;0;0;0;585;0;0;0;0;0;0;14;;12041;0;0;0;0;0;0;0;12074;0;0;0;104533;0;0;0;1;0;0;0;2;0;0;624;0;0;0;1;2;0;0;0;0;0;0;0;9236;0;0;32998;0;624;0;0;;0;105456;1;0;0;2;1;0;0;0;12068;0;;80;1034;0;0;0;146;0;0;318451;0;0;211;0;0;0;0;0;0;0
0;317722;0;;0;0;0;0;316495;0;0;3;0;0;0;0;0;0;0;0;104618;0;0;0;0;0;0;0;0;167;0;0;0;1;0;;0;51724;0;0;0;0;8273;0;0;0;0;9;0;0;0;32;;0;625;0;0;0;;0;0;0;0;210;0;270;634;0;0;0;0;634;2003026;0;0;634;0;0;625;76;7;0;0;0;1;48071;0;0;0;0;634;0;51;0;0;1;0;0;0;0;0;0;0;;2;0;0;0;325888;72;0;2;0;0;104617;0;0;0;0;0;0;585;0;0;0;0;0;0;14;;12041;0;0;0;0;0;0;0;12074;0;0;0;104617;0;0;0;1;0;0;0;2;0;0;625;0;0;0;1;2;0;0;0;0;0;0;0;9237;0;0;32999;0;625;0;0;;0;105540;1;0;0;2;1;0;0;0;12068;0;;80;1034;0;0;0;146;0;0;318702;0;0;211;0;0;0;0;0;0;0
0;317973;0;0;0;0;0;0;316745;0;0;3;0;0;0;0;0;0;0;0;104701;0;0;0;0;0;0;0;0;168;0;0;0;1;0;0;0;51724;0;0;0;0;8305;0;0;0;0;9;0;0;0;32;0;0;625;0;0;0;0;0;0;0;0;231;0;291;635;0;0;0;0;635;3004061;0;0;635;0;0;625;87;7;0;0;0;1;48076;0;0;0;0;635;0;51;0;0;1;0;0;0;0;0;0;0;0;2;0;0;0;326156;72;0;2;0;0;104700;0;0;0;0;0;0;586;0;0;0;0;0;0;14;0;12062;0;0;0;0;0;0;0;12095;0;0;0;104700;0;0;0;1;0;0;0;2;0;0;625;0;0;0;1;2;0;0;0;0;0;0;0;9250;0;0;33008;0;625;0;0;0;0;105625;1;0;0;2;1;0;0;0;12089;0;0;91;1044;0;0;0;146;0;0;318954;0;0;232;0;0;0;0;0;0;0
0;318225;0;0;0;0;0;0;316996;0;0;3;0;0;0;0;0;0;0;0;104785;0;0;0;0;0;0;0;0;168;0;0;0;1;0;0;0;51725;0;0;0;0;8338;0;0;0;0;9;0;0;0;32;0;0;627;0;0;0;0;0;0;0;0;231;0;291;636;0;0;0;0;636;4005104;0;0;636;0;0;627;88;7;0;0;0;1;48083;0;0;0;0;636;0;51;0;0;1;0;0;0;0;0;0;0;0;2;0;0;0;326411;72;0;2;0;0;104784;0;0;0;0;0;0;586;0;0;0;0;0;0;14;0;12062;0;0;0;0;0;0;0;12095;0;0;0;104784;0;0;0;1;0;0;0;2;0;0;627;0;0;0;1;2;0;0;0;0;0;0;0;9254;0;0;33013;0;627;0;0;0;0;105708;1;0;0;2;1;0;0;0;12089;0;0;92;1044;0;0;0;146;0;0;319205;0;0;232;0;0;0;0;0;0;0
0;318476;0;0;0;0;0;0;317246;0;0;3;0;0;0;0;0;0;0;0;104868;0;0;0;0;0;0;0;0;168;0;0;0;1;0;0;0;51725;0;0;0;0;8340;0;0;0;0;9;0;0;0;32;0;0;627;0;0;0;0;0;0;0;0;231;0;291;639;0;0;0;0;639;5006131;0;0;639;0;0;627;88;7;0;0;0;1;48083;0;0;0;0;639;0;51;0;0;1;0;0;0;0;0;0;0;0;2;0;0;0;326665;73;0;2;0;0;104867;0;0;0;0;0;0;586;0;0;0;0;0;0;14;0;12062;0;0;0;0;0;0;0;12095;0;0;0;104867;0;0;0;1;0;0;0;2;0;0;627;0;0;0;1;2;0;0;0;0;0;0;0;9255;0;0;33014;0;627;0;0;0;0;105790;1;0;0;2;1;0;0;0;12089;0;0;93;1045;0;0;0;146;0;0;319456;0;0;232;0;0;0;0;0;0;0
0;318727;0;0;0;0;0;0;317496;0;0;3;0;0;0;0;0;0;0;0;104951;0;0;0;0;0;0;0;0;168;0;0;0;1;0;0;0;51726;0;0;0;0;8342;0;0;0;0;9;0;0;0;32;0;0;630;0;0;0;0;0;0;0;0;231;0;291;640;0;0;0;0;640;6007163;0;0;640;0;0;630;89;7;0;0;0;1;48084;0;0;0;0;640;0;51;0;0;1;0;0;0;0;0;0;0;0;2;0;0;0;326919;73;0;2;0;0;104950;0;0;0;0;0;0;586;0;0;0;0;0;0;14;0;12062;0;0;0;0;0;0;0;12095;0;0;0;104950;0;0;0;1;0;0;0;2;0;0;630;0;0;0;1;2;0;0;0;0;0;0;0;9256;0;0;33015;0;630;0;0;0;0;105874;1;0;0;2;1;0;0;0;12089;0;0;94;1045;0;0;0;146;0;0;319707;0;0;232;0;0;0;0;0;0;0
0;318978;0;0;0;0;0;0;317746;0;0;3;0;0;0;0;0;0;0;0;105035;0;0;0;0;0;0;0;0;168;0;0;0;1;0;0;0;51726;0;0;0;0;8343;0;0;0;0;9;0;0;0;32;0;0;630;0;0;0;0;0;0;0;0;231;0;291;643;0;0;0;0;643;7008204;0;0;643;0;0;630;89;7;0;0;0;1;48084;0;0;0;0;643;0;51;0;0;1;0;0;0;0;0;0;0;0;2;0;0;0;327173;73;0;2;0;0;105034;0;0;0;0;0;0;586;0;0;0;0;0;0;14;0;12062;0;0;0;0;0;0;0;12095;0;0;0;105034;0;0;0;1;0;0;0;2;0;0;630;0;0;0;1;2;0;0;0;0;0;0;0;9256;0;0;33015;0;630;0;0;0;0;105957;1;0;0;2;1;0;0;0;12089;0;0;95;1045;0;0;0;146;0;0;319959;0;0;232;0;0;0;0;0;0;0
0;319230;0;0;0;0;0;0;317997;0;0;3;0;0;0;0;0;0;0;0;105118;0;0;0;0;0;0;0;0;168;0;0;0;1;0;0;0;51727;0;0;0;0;8343;0;0;0;0;9;0;0;0;32;0;0;631;0;0;0;0;0;0;0;0;231;0;291;643;0;0;0;0;643;8009225;0;0;643;0;0;631;89;7;0;0;0;1;48085;0;0;0;0;643;0;51;0;0;1;0;0;0;0;0;0;0;0;2;0;0;0;327425;73;0;2;0;0;105117;0;0;0;0;0;0;586;0;0;0;0;0;0;14;0;12062;0;0;0;0;0;0;0;12095;0;0;0;105117;0;0;0;1;0;0;0;2;0;0;631;0;0;0;1;2;0;0;0;0;0;0;0;9257;0;0;33016;0;631;0;0;0;0;106041;1;0;0;2;1;0;0;0;12089;0;0;95;1045;0;0;0;146;0;0;320210;0;0;232;0;0;0;0;0;0;0
0;319481;0;0;0;0;0;0;318247;0;0;3;0;0;0;0;0;0;0;0;105202;0;0;0;0;0;0;0;0;168;0;0;0;1;0;0;0;51727;0;0;0;0;8343;0;0;0;0;9;0;0;0;32;0;0;631;0;0;0;0;0;0;0;0;231;0;291;644;0;0;0;0;644;9010257;0;0;644;0;0;631;89;7;0;0;0;1;48085;0;0;0;0;644;0;51;0;0;1;0;0;0;0;0;0;0;0;2;0;0;0;327679;73;0;2;0;0;105201;0;0;0;0;0;0;586;0;0;0;0;0;0;14;0;12062;0;0;0;0;0;0;0;12095;0;0;0;105201;0;0;0;1;0;0;0;2;0;0;631;0;0;0;1;2;0;0;0;0;0;0;0;9257;0;0;33016;0;631;0;0;0;0;106124;1;0;0;2;1;0;0;0;12089;0;0;95;1045;0;0;0;146;0;0;320461;0;0;232;0;0;0;0;0;0;0
0;319732;0;0;0;0;0;0;318497;0;0;3;0;0;0;0;0;0;0;0;105285;0;0;0;0;0;0;0;0;168;0;0;0;1;0;0;0;51728;0;0;0;0;8343;0;0;0;0;9;0;0;0;32;0;0;632;0;0;0;0;0;0;0;0;231;0;291;644;0;0;0;0;644;10011290;0;0;644;0;0;632;89;7;0;0;0;1;48087;0;0;0;0;644;0;51;0;0;1;0;0;0;0;0;0;0;0;2;0;0;0;327931;73;0;2;0;0;105284;0;0;0;0;0;0;586;0;0;0;0;0;0;14;0;12062;0;0;0;0;0;0;0;12095;0;0;0;105284;0;0;0;1;0;0;0;2;0;0;632;0;0;0;1;2;0;0;0;0;0;0;0;9258;0;0;33017;0;632;0;0;0;0;106208;1;0;0;2;1;0;0;0;12089;0;0;95;1045;0;0;0;146;0;0;320712;0;0;232;0;0;0;0;0;0;0
0;319984;0;0;0;0;0;0;318748;0;0;3;0;0;0;0;0;0;0;0;105369;0;0;0;0;0;0;0;0;168;0;0;0;1;0;0;0;51728;0;0;0;0;8343;0;0;0;0;9;0;0;0;32;0;0;632;0;0;0;0;0;0;0;0;231;0;291;645;0;0;0;0;645;11012319;0;0;645;0;0;632;89;7;0;0;0;1;48087;0;0;0;0;645;0;51;0;0;1;0;0;0;0;0;0;0;0;2;0;0;0;328184;73;0;2;0;0;105368;0;0;0;0;0;0;586;0;0;0;0;0;0;14;0;12062;0;0;0;0;0;0;0;12095;0;0;0;105368;0;0;0;1;0;0;0;2;0;0;632;0;0;0;1;2;0;0;0;0;0;0;0;9258;0;0;33017;0;632;0;0;0;0;106291;1;0;0;2;1;0;0;0;12089;0;0;95;1045;0;0;0;146;0;0;320964;0;0;232;0;0;0;0;0;0;0
0;320235;0;0;0;0;0;0;318998;0;0;3;0;0;0;0;0;0;0;0;105452;0;0;0;0;0;0;0;0;168;0;0;0;1;0;0;0;51729;0;0;0;0;8343;0;0;0;0;9;0;0;0;32;0;0;633;0;0;0;0;0;0;0;0;231;0;291;645;0;0;0;0;645;12013350;0;0;645;0;0;633;89;7;0;0;0;1;48088;0;0;0;0;645;0;51;0;0;1;0;0;0;0;0;0;0;0;2;0;0;0;328437;73;0;2;0;0;105451;0;0;0;0;0;0;586;0;0;0;0;0;0;14;0;12062;0;0;0;0;0;0;0;12095;0;0;0;105451;0;0;0;1;0;0;0;2;0;0;633;0;0;0;1;2;0;0;0;0;0;0;0;9259;0;0;33018;0;633;0;0;0;0;106374;1;0;0;2;1;0;0;0;12089;0;0;95;1046;0;0;0;146;0;0;321215;0;0;232;0;0;0;0;0;0;0
0;320486;0;0;0;0;0;0;319248;0;0;3;0;0;0;0;0;0;0;0;105535;0;0;0;0;0;0;0;0;168;0;0;0;1;0;0;0;51729;0;0;0;0;8343;0;0;0;0;9;0;0;0;32;0;0;633;0;0;0;0;0;0;0;0;231;0;291;646;0;0;0;0;646;13014372;0;0;646;0;0;633;89;7;0;0;0;1;48088;0;0;0;0;646;0;51;0;0;1;0;0;0;0;0;0;0;0;2;0;0;0;328689;73;0;2;0;0;105534;0;0;0;0;0;0;586;0;0;0;0;0;0;14;0;12062;0;0;0;0;0;0;0;12095;0;0;0;105534;0;0;0;1;0;0;0;2;0;0;633;0;0;0;1;2;0;0;0;0;0;0;0;9259;0;0;33018;0;633;0;0;0;0;106458;1;0;0;2;1;0;0;0;12089;0;0;95;1046;0;0;0;146;0;0;321466;0;0;232;0;0;0;0;0;0;0
0;320737;0;0;0;0;0;0;319498;0;0;3;0;0;0;0;0;0;0;0;105619;0;0;0;0;0;0;0;0;168;0;0;0;1;0;0;0;51730;0;0;0;0;8343;0;0;0;0;9;0;0;0;32;0;0;634;0;0;0;0;0;0;0;0;231;0;291;646;0;0;0;0;646;14015401;0;0;646;0;0;634;89;7;0;0;0;1;48089;0;0;0;0;646;0;51;0;0;1;0;0;0;0;0;0;0;0;2;0;0;0;328941;73;0;2;0;0;105618;0;0;0;0;0;0;586;0;0;0;0;0;0;14;0;12062;0;0;0;0;0;0;0;12095;0;0;0;105618;0;0;0;1;0;0;0;2;0;0;634;0;0;0;1;2;0;0;0;0;0;0;0;9260;0;0;33019;0;634;0;0;0;0;106541;1;0;0;2;1;0;0;0;12089;0;0;95;1046;0;0;0;146;0;0;321717;0;0;232;0;0;0;0;0;0;0
0;320988;0;0;0;0;0;0;319748;0;0;3;0;0;0;0;0;0;0;0;105702;0;0;0;0;0;0;0;0;168;0;0;0;1;0;0;0;51730;0;0;0;0;8343;0;0;0;0;9;0;0;0;32;0;0;634;0;0;0;0;0;0;0;0;231;0;291;647;0;0;0;0;647;15016458;0;0;647;0;0;634;89;7;0;0;0;1;48089;0;0;0;0;647;0;51;0;0;1;0;0;0;0;0;0;0;0;2;0;0;0;329197;73;0;2;0;0;105701;0;0;0;0;0;0;586;0;0;0;0;0;0;14;0;12062;0;0;0;0;0;0;0;12095;0;0;0;105701;0;0;0;1;0;0;0;2;0;0;634;0;0;0;1;2;0;0;0;0;0;0;0;9261;0;0;33020;0;634;0;0;0;0;106625;1;0;0;2;1;0;0;0;12089;0;0;95;1046;0;0;0;146;0;0;321969;0;0;232;0;0;0;0;0;0;0
0;321240;0;0;0;0;0;0;319999;0;0;3;0;0;0;0;0;0;0;0;105786;0;0;0;0;0;0;0;0;168;0;0;0;1;0;0;0;51731;0;0;0;0;8343;0;0;0;0;9;0;0;0;32;0;0;635;0;0;0;0;0;0;0;0;231;0;291;647;0;0;0;0;647;16017480;0;0;647;0;0;635;89;7;0;0;0;1;48090;0;0;0;0;647;0;51;0;0;1;0;0;0;0;0;0;0;0;2;0;0;0;329449;73;0;2;0;0;105785;0;0;0;0;0;0;586;0;0;0;0;0;0;14;0;12062;0;0;0;0;0;0;0;12095;0;0;0;105785;0;0;0;1;0;0;0;2;0;0;635;0;0;0;1;2;0;0;0;0;0;0;0;9262;0;0;33021;0;635;0;0;0;0;106708;1;0;0;2;1;0;0;0;12089;0;0;95;1046;0;0;0;146;0;0;322220;0;0;232;0;0;0;0;0;0;0
0;321491;0;0;0;0;0;0;320249;0;0;3;0;0;0;0;0;0;0;0;105869;0;0;0;0;0;0;0;0;168;0;0;0;1;0;0;0;51731;0;0;0;0;8343;0;0;0;0;9;0;0;0;32;0;0;635;0;0;0;0;0;0;0;0;231;0;291;648;0;0;0;0;648;17018507;0;0;648;0;0;635;89;7;0;0;0;1;48090;0;0;0;0;648;0;51;0;0;1;0;0;0;0;0;0;0;0;2;0;0;0;329701;73;0;2;0;0;105868;0;0;0;0;0;0;586;0;0;0;0;0;0;14;0;12062;0;0;0;0;0;0;0;12095;0;0;0;105868;0;0;0;1;0;0;0;2;0;0;635;0;0;0;1;2;0;0;0;0;0;0;0;9262;0;0;33021;0;635;0;0;0;0;106791;1;0;0;2;1;0;0;0;12089;0;0;95;1046;0;0;0;146;0;0;322471;0;0;232;0;0;0;0;0;0;0
0;321742;0;0;0;0;0;0;320499;0;0;3;0;0;0;0;0;0;0;0;105952;0;0;0;0;0;0;0;0;168;0;0;0;1;0;0;0;51732;0;0;0;0;8343;0;0;0;0;9;0;0;0;32;0;0;636;0;0;0;0;0;0;0;0;231;0;291;648;0;0;0;0;648;18019539;0;0;648;0;0;636;89;7;0;0;0;1;48091;0;0;0;0;648;0;51;0;0;1;0;0;0;0;0;0;0;0;2;0;0;0;329955;73;0;2;0;0;105951;0;0;0;0;0;0;586;0;0;0;0;0;0;14;0;12062;0;0;0;0;0;0;0;12095;0;0;0;105951;0;0;0;1;0;0;0;2;0;0;636;0;0;0;1;2;0;0;0;0;0;0;0;9263;0;0;33022;0;636;0;0;0;0;106875;1;0;0;2;1;0;0;0;12089;0;0;95;1046;0;0;0;146;0;0;322722;0;0;232;0;0;0;0;0;0;0
0;321993;0;0;0;0;0;0;320750;0;0;3;0;0;0;0;0;0;0;0;106036;0;0;0;0;0;0;0;0;168;0;0;0;1;0;0;0;51732;0;0;0;0;8346;0;0;0;0;9;0;0;0;32;0;0;636;0;0;0;0;0;0;0;0;231;0;291;649;0;0;0;0;649;19020575;0;0;649;0;0;636;89;7;0;0;0;1;48097;0;0;0;0;649;0;51;0;0;1;0;0;0;0;0;0;0;0;2;0;0;0;330208;73;0;2;0;0;106035;0;0;0;0;0;0;586;0;0;0;0;0;0;14;0;12062;0;0;0;0;0;0;0;12095;0;0;0;106035;0;0;0;1;0;0;0;2;0;0;636;0;0;0;1;2;0;0;0;0;0;0;0;9265;0;0;33027;0;636;0;0;0;0;106958;1;0;0;2;1;0;0;0;12089;0;0;95;1050;0;0;0;146;0;0;322974;0;0;232;0;0;0;0;0;0;0
0;322245;0;0;0;0;0;0;321000;0;0;3;0;0;0;0;0;0;0;0;106119;0;0;0;0;0;0;0;0;168;0;0;0;1;0;0;0;51740;0;0;0;0;8377;0;0;0;0;9;0;0;0;32;0;0;637;0;0;0;0;0;0;0;0;231;0;291;649;0;0;0;0;649;20021607;0;0;649;0;0;637;89;7;0;0;0;1;48104;0;0;0;0;649;0;51;0;0;1;0;0;0;0;0;0;0;0;2;0;0;0;330461;73;0;2;0;0;106118;0;0;0;0;0;0;586;0;0;0;0;0;0;14;0;12062;0;0;0;0;0;0;0;12095;0;0;0;106118;0;0;0;1;0;0;0;2;0;0;637;0;0;0;1;2;0;0;0;0;0;0;0;9266;0;0;33031;0;637;0;0;0;0;107042;1;0;0;2;1;0;0;0;12089;0;0;95;1050;0;0;0;146;0;0;323225;0;0;232;0;0;0;0;0;0;0
0;322496;0;0;0;0;0;0;321250;0;0;3;0;0;0;0;0;0;0;0;106203;0;0;0;0;0;0;0;0;168;0;0;0;1;0;0;0;51740;0;0;0;0;8377;0;0;0;0;9;0;0;0;32;0;0;637;0;0;0;0;0;0;0;0;231;0;291;650;0;0;0;0;650;21022632;0;0;650;0;0;637;89;7;0;0;0;1;48104;0;0;0;0;650;0;51;0;0;1;0;0;0;0;0;0;0;0;2;0;0;0;330714;73;0;2;0;0;106202;0;0;0;0;0;0;586;0;0;0;0;0;0;14;0;12062;0;0;0;0;0;0;0;12095;0;0;0;106202;0;0;0;1;0;0;0;2;0;0;637;0;0;0;1;2;0;0;0;0;0;0;0;9266;0;0;33031;0;637;0;0;0;0;107125;1;0;0;2;1;0;0;0;12089;0;0;95;1050;0;0;0;146;0;0;323476;0;0;232;0;0;0;0;0;0;0
0;322747;0;0;0;0;0;0;321500;0;0;3;0;0;0;0;0;0;0;0;106286;0;0;0;0;0;0;0;0;168;0;0;0;1;0;0;0;51741;0;0;0;0;8377;0;0;0;0;9;0;0;0;32;0;0;638;0;0;0;0;0;0;0;0;231;0;291;650;0;0;0;0;650;22023666;0;0;650;0;0;638;89;7;0;0;0;1;48105;0;0;0;0;650;0;51;0;0;1;0;0;0;0;0;0;0;0;2;0;0;0;330967;73;0;2;0;0;106285;0;0;0;0;0;0;586;0;0;0;0;0;0;14;0;12062;0;0;0;0;0;0;0;12095;0;0;0;106285;0;0;0;1;0;0;0;2;0;0;638;0;0;0;1;2;0;0;0;0;0;0;0;9267;0;0;33032;0;638;0;0;0;0;107209;1;0;0;2;1;0;0;0;12089;0;0;95;1050;0;0;0;146;0;0;323727;0;0;232;0;0;0;0;0;0;0
0;322998;0;0;0;0;0;0;321751;0;0;3;0;0;0;0;0;0;0;0;106370;0;0;0;0;0;0;0;0;168;0;0;0;1;0;0;0;51741;0;0;0;0;8377;0;0;0;0;9;0;0;0;32;0;0;638;0;0;0;0;0;0;0;0;231;0;291;651;0;0;0;0;651;23024692;0;0;651;0;0;638;89;7;0;0;0;1;48105;0;0;0;0;651;0;51;0;0;1;0;0;0;0;0;0;0;0;2;0;0;0;331219;73;0;2;0;0;106368;0;0;0;0;0;0;586;0;0;0;0;0;0;14;0;12062;0;0;0;0;0;0;0;12095;0;0;0;106369;0;0;0;1;0;0;0;2;0;0;638;0;0;0;1;2;0;0;0;0;0;0;0;9267;0;0;33032;0;638;0;0;0;0;107292;1;0;0;2;1;0;0;0;12089;0;0;95;1050;0;0;0;146;0;0;323979;0;0;232;0;0;0;0;0;0;0
0;323250;0;0;0;0;0;0;322001;0;0;3;0;0;0;0;0;0;0;0;106453;0;0;0;0;0;0;0;0;168;0;0;0;1;0;0;0;51742;0;0;0;0;8377;0;0;0;0;9;0;0;0;32;0;0;639;0;0;0;0;0;0;0;0;231;0;291;651;0;0;0;0;651;24025725;0;0;651;0;0;639;89;7;0;0;0;1;48106;0;0;0;0;651;0;51;0;0;1;0;0;0;0;0;0;0;0;2;0;0;0;331472;73;0;2;0;0;106452;0;0;0;0;0;0;586;0;0;0;0;0;0;14;0;12062;0;0;0;0;0;0;0;12095;0;0;0;106452;0;0;0;1;0;0;0;2;0;0;639;0;0;0;1;2;0;0;0;0;0;0;0;9268;0;0;33033;0;639;0;0;0;0;107375;1;0;0;2;1;0;0;0;12089;0;0;95;1050;0;0;0;146;0;0;324230;0;0;232;0;0;0;0;0;0;0
0;323501;0;0;0;0;0;0;322251;0;0;3;0;0;0;0;0;0;0;0;106536;0;0;0;0;0;0;0;0;168;0;0;0;1;0;0;0;51742;0;0;0;0;8377;0;0;0;0;9;0;0;0;32;0;0;639;0;0;0;0;0;0;0;0;231;0;291;652;0;0;0;0;652;25026759;0;0;652;0;0;639;89;7;0;0;0;1;48106;0;0;0;0;652;0;51;0;0;1;0;0;0;0;0;0;0;0;2;0;0;0;331725;73;0;2;0;0;106535;0;0;0;0;0;0;586;0;0;0;0;0;0;14;0;12062;0;0;0;0;0;0;0;12095;0;0;0;106535;0;0;0;1;0;0;0;2;0;0;639;0;0;0;1;2;0;0;0;0;0;0;0;9268;0;0;33033;0;639;0;0;0;0;107459;1;0;0;2;1;0;0;0;12089;0;0;95;1050;0;0;0;146;0;0;324481;0;0;232;0;0;0;0;0;0;0
0;323752;0;0;0;0;0;0;322501;0;0;3;0;0;0;0;0;0;0;0;106620;0;0;0;0;0;0;0;0;168;0;0;0;1;0;0;0;51743;0;0;0;0;8377;0;0;0;0;9;0;0;0;32;0;0;640;0;0;0;0;0;0;0;0;231;0;291;652;0;0;0;0;652;26027787;0;0;652;0;0;640;89;7;0;0;0;1;48107;0;0;0;0;652;0;51;0;0;1;0;0;0;0;0;0;0;0;2;0;0;0;331980;73;0;2;0;0;106619;0;0;0;0;0;0;586;0;0;0;0;0;0;14;0;12062;0;0;0;0;0;0;0;12095;0;0;0;106619;0;0;0;1;0;0;0;2;0;0;640;0;0;0;1;2;0;0;0;0;0;0;0;9269;0;0;33034;0;640;0;0;0;0;107542;1;0;0;2;1;0;0;0;12089;0;0;95;1050;0;0;0;146;0;0;324732;0;0;232;0;0;0;0;0;0;0
0;324003;0;0;0;0;0;0;322752;0;0;3;0;0;0;0;0;0;0;0;106703;0;0;0;0;0;0;0;0;168;0;0;0;1;0;0;0;51743;0;0;0;0;8377;0;0;0;0;9;0;0;0;32;0;0;640;0;0;0;0;0;0;0;0;231;0;291;653;0;0;0;0;653;27028838;0;0;653;0;0;640;89;7;0;0;0;1;48107;0;0;0;0;653;0;51;0;0;1;0;0;0;0;0;0;0;0;2;0;0;0;332233;73;0;2;0;0;106702;0;0;0;0;0;0;586;0;0;0;0;0;0;14;0;12062;0;0;0;0;0;0;0;12095;0;0;0;106702;0;0;0;1;0;0;0;2;0;0;640;0;0;0;1;2;0;0;0;0;0;0;0;9269;0;0;33034;0;640;0;0;0;0;107626;1;0;0;2;1;0;0;0;12089;0;0;95;1050;0;0;0;146;0;0;324984;0;0;232;0;0;0;0;0;0;0
0;324255;0;0;0;0;0;0;323002;0;0;3;0;0;0;0;0;0;0;0;106787;0;0;0;0;0;0;0;0;168;0;0;0;1;0;0;0;51750;0;0;0;0;8379;0;0;0;0;9;0;0;0;32;0;0;641;0;0;0;0;0;0;0;0;231;0;291;653;0;0;0;0;653;28029875;0;0;653;0;0;641;89;7;0;0;0;1;48111;0;0;0;0;653;0;51;0;0;1;0;0;0;0;0;0;0;0;2;0;0;0;332485;74;0;2;0;0;106786;0;0;0;0;0;0;586;0;0;0;0;0;0;14;0;12062;0;0;0;0;0;0;0;12095;0;0;0;106786;0;0;0;1;0;0;0;2;0;0;641;0;0;0;1;2;0;0;0;0;0;0;0;9270;0;0;33037;0;641;0;0;0;0;107709;1;0;0;2;1;0;0;0;12089;0;0;95;1050;0;0;0;146;0;0;325235;0;0;232;0;0;0;0;0;0;0
0;324506;0;0;0;0;0;0;323252;0;0;3;0;0;0;0;0;0;0;0;106870;0;0;0;0;0;0;0;0;168;0;0;0;1;0;0;0;51750;0;0;0;0;8410;0;0;0;0;9;0;0;0;32;0;0;641;0;0;0;0;0;0;0;0;231;0;291;654;0;0;0;0;654;29030911;0;0;654;0;0;641;89;7;0;0;0;1;48119;0;0;0;0;654;0;51;0;0;1;0;0;0;0;0;0;0;0;2;0;0;0;332739;74;0;2;0;0;106869;0;0;0;0;0;0;586;0;0;0;0;0;0;14;0;12062;0;0;0;0;0;0;0;12095;0;0;0;106869;0;0;0;1;0;0;0;2;0;0;641;0;0;0;1;2;0;0;0;0;0;0;0;9277;0;0;33037;0;641;0;0;0;0;107793;1;0;0;2;1;0;0;0;12089;0;0;95;1050;0;0;0;146;0;0;325486;0;0;232;0;0;0;0;0;0;0
0;324757;0;0;0;0;0;0;323502;0;0;3;0;0;0;0;0;0;0;0;106953;0;0;0;0;0;0;0;0;168;0;0;0;1;0;0;0;51751;0;0;0;0;8410;0;0;0;0;9;0;0;0;32;0;0;642;0;0;0;0;0;0;0;0;231;0;291;654;0;0;0;0;654;30031937;0;0;654;0;0;642;89;7;0;0;0;1;48120;0;0;0;0;654;0;51;0;0;1;0;0;0;0;0;0;0;0;2;0;0;0;332993;74;0;2;0;0;106952;0;0;0;0;0;0;586;0;0;0;0;0;0;14;0;12062;0;0;0;0;0;0;0;12095;0;0;0;106952;0;0;0;1;0;0;0;2;0;0;642;0;0;0;1;2;0;0;0;0;0;0;0;9278;0;0;33038;0;642;0;0;0;0;107876;1;0;0;2;1;0;0;0;12089;0;0;95;1050;0;0;0;146;0;0;325737;0;0;232;0;0;0;0;0;0;0
0;325008;0;0;0;0;0;0;323753;0;0;3;0;0;0;0;0;0;0;0;107037;0;0;0;0;0;0;0;0;168;0;0;0;1;0;0;0;51751;0;0;0;0;8410;0;0;0;0;9;0;0;0;32;0;0;642;0;0;0;0;0;0;0;0;231;0;291;655;0;0;0;0;655;31032961;0;0;655;0;0;642;89;7;0;0;0;1;48120;0;0;0;0;655;0;51;0;0;1;0;0;0;0;0;0;0;0;2;0;0;0;333245;74;0;2;0;0;107036;0;0;0;0;0;0;586;0;0;0;0;0;0;14;0;12062;0;0;0;0;0;0;0;12095;0;0;0;107036;0;0;0;1;0;0;0;2;0;0;642;0;0;0;1;2;0;0;0;0;0;0;0;9278;0;0;33038;0;642;0;0;0;0;107959;1;0;0;2;1;0;0;0;12089;0;0;95;1051;0;0;0;146;0;0;325989;0;0;232;0;0;0;0;0;0;0
0;325260;0;0;0;0;0;0;324003;0;0;3;0;0;0;0;0;0;0;0;107120;0;0;0;0;0;0;0;0;168;0;0;0;1;0;0;0;51752;0;0;0;0;8410;0;0;0;0;9;0;0;0;32;0;0;643;0;0;0;0;0;0;0;0;231;0;291;655;0;0;0;0;655;32033988;0;0;655;0;0;643;89;7;0;0;0;1;48121;0;0;0;0;655;0;51;0;0;1;0;0;0;0;0;0;0;0;2;0;0;0;333497;74;0;2;0;0;107119;0;0;0;0;0;0;586;0;0;0;0;0;0;14;0;12062;0;0;0;0;0;0;0;12095;0;0;0;107119;0;0;0;1;0;0;0;2;0;0;643;0;0;0;1;2;0;0;0;0;0;0;0;9279;0;0;33039;0;643;0;0;0;0;108043;1;0;0;2;1;0;0;0;12089;0;0;95;1051;0;0;0;146;0;0;326240;0;0;232;0;0;0;0;0;0;0
0;325511;0;0;0;0;0;0;324253;0;0;3;0;0;0;0;0;0;0;0;107204;0;0;0;0;0;0;0;0;168;0;0;0;1;0;0;0;51752;0;0;0;0;8410;0;0;0;0;9;0;0;0;32;0;0;643;0;0;0;0;0;0;0;0;231;0;291;656;0;0;0;0;656;33035022;0;0;656;0;0;643;89;7;0;0;0;1;48121;0;0;0;0;656;0;51;0;0;1;0;0;0;0;0;0;0;0;2;0;0;0;333750;74;0;2;0;0;107203;0;0;0;0;0;0;586;0;0;0;0;0;0;14;0;12062;0;0;0;0;0;0;0;12095;0;0;0;107203;0;0;0;1;0;0;0;2;0;0;643;0;0;0;1;2;0;0;0;0;0;0;0;9279;0;0;33039;0;643;0;0;0;0;108126;1;0;0;2;1;0;0;0;12089;0;0;95;1051;0;0;0;146;0;0;326491;0;0;232;0;0;0;0;0;0;0
0;325762;0;0;0;0;0;0;324503;0;0;3;0;0;0;0;0;0;0;0;107287;0;0;0;0;0;0;0;0;168;0;0;0;1;0;0;0;51753;0;0;0;0;8410;0;0;0;0;9;0;0;0;32;0;0;644;0;0;0;0;0;0;0;0;231;0;291;656;0;0;0;0;656;34036053;0;0;656;0;0;644;89;7;0;0;0;1;48122;0;0;0;0;656;0;51;0;0;1;0;0;0;0;0;0;0;0;2;0;0;0;334003;74;0;2;0;0;107286;0;0;0;0;0;0;586;0;0;0;0;0;0;14;0;12062;0;0;0;0;0;0;0;12095;0;0;0;107286;0;0;0;1;0;0;0;2;0;0;644;0;0;0;1;2;0;0;0;0;0;0;0;9280;0;0;33040;0;644;0;0;0;0;108210;1;0;0;2;1;0;0;0;12089;0;0;95;1052;0;0;0;146;0;0;326743;0;0;232;0;0;0;0;0;0;0
0;326014;0;0;0;0;0;0;324754;0;0;3;0;0;0;0;0;0;0;0;107371;0;0;0;0;0;0;0;0;168;0;0;0;1;0;0;0;51753;0;0;0;0;8410;0;0;0;0;9;0;0;0;32;0;0;644;0;0;0;0;0;0;0;0;231;0;291;657;0;0;0;0;657;35037081;0;0;657;0;0;644;89;7;0;0;0;1;48122;0;0;0;0;657;0;51;0;0;1;0;0;0;0;0;0;0;0;2;0;0;0;334255;74;0;2;0;0;107370;0;0;0;0;0;0;586;0;0;0;0;0;0;14;0;12062;0;0;0;0;0;0;0;12095;0;0;0;107370;0;0;0;1;0;0;0;2;0;0;644;0;0;0;1;2;0;0;0;0;0;0;0;9280;0;0;33040;0;644;0;0;0;0;108293;1;0;0;2;1;0;0;0;12089;0;0;95;1052;0;0;0;146;0;0;326994;0;0;232;0;0;0;0;0;0;0
0;326265;0;0;0;0;0;0;325004;0;0;3;0;0;0;0;0;0;0;0;107454;0;0;0;0;0;0;0;0;168;0;0;0;1;0;0;0;51754;0;0;0;0;8410;0;0;0;0;9;0;0;0;32;0;0;645;0;0;0;0;0;0;0;0;231;0;291;657;0;0;0;0;657;36038117;0;0;657;0;0;645;89;7;0;0;0;1;48123;0;0;0;0;657;0;51;0;0;1;0;0;0;0;0;0;0;0;2;0;0;0;334508;74;0;2;0;0;107453;0;0;0;0;0;0;586;0;0;0;0;0;0;14;0;12062;0;0;0;0;0;0;0;12095;0;0;0;107453;0;0;0;1;0;0;0;2;0;0;645;0;0;0;1;2;0;0;0;0;0;0;0;9281;0;0;33041;0;645;0;0;0;0;108376;1;0;0;2;1;0;0;0;12089;0;0;95;1052;0;0;0;146;0;0;327245;0;0;232;0;0;0;0;0;0;0
0;326516;0;0;0;0;0;0;325254;0;0;3;0;0;0;0;0;0;0;0;107537;0;0;0;0;0;0;0;0;168;0;0;0;1;0;0;0;51754;0;0;0;0;8410;0;0;0;0;9;0;0;0;32;0;0;645;0;0;0;0;0;0;0;0;231;0;291;658;0;0;0;0;658;37039142;0;0;658;0;0;645;89;7;0;0;0;1;48123;0;0;0;0;658;0;51;0;0;1;0;0;0;0;0;0;0;0;2;0;0;0;334760;74;0;2;0;0;107536;0;0;0;0;0;0;586;0;0;0;0;0;0;14;0;12062;0;0;0;0;0;0;0;12095;0;0;0;107536;0;0;0;1;0;0;0;2;0;0;645;0;0;0;1;2;0;0;0;0;0;0;0;9281;0;0;33041;0;645;0;0;0;0;108460;1;0;0;2;1;0;0;0;12089;0;0;95;1052;0;0;0;146;0;0;327496;0;0;232;0;0;0;0;0;0;0
0;326767;0;0;0;0;0;0;325504;0;0;3;0;0;0;0;0;0;0;0;107621;0;0;0;0;0;0;0;0;168;0;0;0;1;0;0;0;51755;0;0;0;0;8410;0;0;0;0;9;0;0;0;32;0;0;646;0;0;0;0;0;0;0;0;231;0;291;658;0;0;0;0;658;38040170;0;0;658;0;0;646;89;7;0;0;0;1;48124;0;0;0;0;658;0;51;0;0;1;0;0;0;0;0;0;0;0;2;0;0;0;335013;74;0;2;0;0;107620;0;0;0;0;0;0;586;0;0;0;0;0;0;14;0;12062;0;0;0;0;0;0;0;12095;0;0;0;107620;0;0;0;1;0;0;0;2;0;0;646;0;0;0;1;2;0;0;0;0;0;0;0;9282;0;0;33042;0;646;0;0;0;0;108543;1;0;0;2;1;0;0;0;12089;0;0;95;1052;0;0;0;146;0;0;327748;0;0;232;0;0;0;0;0;0;0
0;327019;0;0;0;0;0;0;325755;0;0;3;0;0;0;0;0;0;0;0;107704;0;0;0;0;0;0;0;0;168;0;0;0;1;0;0;0;51755;0;0;0;0;8410;0;0;0;0;9;0;0;0;32;0;0;646;0;0;0;0;0;0;0;0;231;0;291;659;0;0;0;0;659;39041203;0;0;659;0;0;646;89;7;0;0;0;1;48124;0;0;0;0;659;0;51;0;0;1;0;0;0;0;0;0;0;0;2;0;0;0;335267;74;0;2;0;0;107703;0;0;0;0;0;0;586;0;0;0;0;0;0;14;0;12062;0;0;0;0;0;0;0;12095;0;0;0;107703;0;0;0;1;0;0;0;2;0;0;646;0;0;0;1;2;0;0;0;0;0;0;0;9282;0;0;33042;0;646;0;0;0;0;108627;1;0;0;2;1;0;0;0;12089;0;0;95;1052;0;0;0;146;0;0;327999;0;0;232;0;0;0;0;0;0;0
0;327270;0;0;0;0;0;0;326005;0;0;3;0;0;0;0;0;0;0;0;107788;0;0;0;0;0;0;0;0;168;0;0;0;1;0;0;0;51756;0;0;0;0;8410;0;0;0;0;9;0;0;0;32;0;0;647;0;0;0;0;0;0;0;0;231;0;291;659;0;0;0;0;659;40042229;0;0;659;0;0;647;89;7;0;0;0;1;48125;0;0;0;0;659;0;51;0;0;1;0;0;0;0;0;0;0;0;2;0;0;0;335520;74;0;2;0;0;107787;0;0;0;0;0;0;586;0;0;0;0;0;0;14;0;12062;0;0;0;0;0;0;0;12095;0;0;0;107787;0;0;0;1;0;0;0;2;0;0;647;0;0;0;1;2;0;0;0;0;0;0;0;9284;0;0;33043;0;647;0;0;0;0;108710;1;0;0;2;1;0;0;0;12089;0;0;95;1052;0;0;0;146;0;0;328250;0;0;232;0;0;0;0;0;0;0
0;327521;0;0;0;0;0;0;326255;0;0;3;0;0;0;0;0;0;0;0;107871;0;0;0;0;0;0;0;0;168;0;0;0;1;0;0;0;51756;0;0;0;0;8410;0;0;0;0;9;0;0;0;32;0;0;647;0;0;0;0;0;0;0;0;231;0;291;660;0;0;0;0;660;41043265;0;0;660;0;0;647;89;7;0;0;0;1;48125;0;0;0;0;660;0;51;0;0;1;0;0;0;0;0;0;0;0;2;0;0;0;335772;74;0;2;0;0;107870;0;0;0;0;0;0;586;0;0;0;0;0;0;14;0;12062;0;0;0;0;0;0;0;12095;0;0;0;107870;0;0;0;1;0;0;0;2;0;0;647;0;0;0;1;2;0;0;0;0;0;0;0;9284;0;0;33043;0;647;0;0;0;0;108794;1;0;0;2;1;0;0;0;12089;0;0;95;1052;0;0;0;146;0;0;328501;0;0;232;0;0;0;0;0;0;0
0;327772;0;0;0;0;0;0;326505;0;0;3;0;0;0;0;0;0;0;0;107955;0;0;0;0;0;0;0;0;168;0;0;0;1;0;0;0;51757;0;0;0;0;8410;0;0;0;0;9;0;0;0;32;0;0;648;0;0;0;0;0;0;0;0;231;0;291;660;0;0;0;0;660;42044299;0;0;660;0;0;648;89;7;0;0;0;1;48126;0;0;0;0;660;0;51;0;0;1;0;0;0;0;0;0;0;0;2;0;0;0;336026;74;0;2;0;0;107953;0;0;0;0;0;0;586;0;0;0;0;0;0;14;0;12062;0;0;0;0;0;0;0;12095;0;0;0;107953;0;0;0;1;0;0;0;2;0;0;648;0;0;0;1;2;0;0;0;0;0;0;0;9285;0;0;33044;0;648;0;0;0;0;108877;1;0;0;2;1;0;0;0;12089;0;0;95;1052;0;0;0;146;0;0;328753;0;0;232;0;0;0;0;0;0;0
0;328024;0;0;0;0;0;0;326756;0;0;3;0;0;0;0;0;0;0;0;108038;0;0;0;0;0;0;0;0;168;0;0;0;1;0;0;0;51757;0;0;0;0;8410;0;0;0;0;9;0;0;0;32;0;0;648;0;0;0;0;0;0;0;0;231;0;291;660;0;0;0;0;660;43045321;0;0;660;0;0;648;89;7;0;0;0;1;48126;0;0;0;0;660;0;51;0;0;1;0;0;0;0;0;0;0;0;2;0;0;0;336278;74;0;2;0;0;108037;0;0;0;0;0;0;586;0;0;0;0;0;0;14;0;12062;0;0;0;0;0;0;0;12095;0;0;0;108037;0;0;0;1;0;0;0;2;0;0;648;0;0;0;1;2;0;0;0;0;0;0;0;9285;0;0;33044;0;648;0;0;0;0;108960;1;0;0;2;1;0;0;0;12089;0;0;95;1052;0;0;0;146;0;0;329004;0;0;232;0;0;0;0;0;0;0
0;328275;0;0;0;0;0;0;327006;0;0;3;0;0;0;0;0;0;0;0;108121;0;0;0;0;0;0;0;0;168;0;0;0;1;0;0;0;51758;0;0;0;0;8410;0;0;0;0;9;0;0;0;32;0;0;649;0;0;0;0;0;0;0;0;231;0;291;661;0;0;0;0;661;44046349;0;0;661;0;0;649;89;7;0;0;0;1;48127;0;0;0;0;661;0;51;0;0;1;0;0;0;0;0;0;0;0;2;0;0;0;336530;74;0;2;0;0;108120;0;0;0;0;0;0;586;0;0;0;0;0;0;14;0;12062;0;0;0;0;0;0;0;12095;0;0;0;108120;0;0;0;1;0;0;0;2;0;0;649;0;0;0;1;2;0;0;0;0;0;0;0;9286;0;0;33045;0;649;0;0;0;0;109044;1;0;0;2;1;0;0;0;12089;0;0;95;1052;0;0;0;146;0;0;329255;0;0;232;0;0;0;0;0;0;0
0;328526;0;0;0;0;0;0;327256;0;0;3;0;0;0;0;0;0;0;0;108205;0;0;0;0;0;0;0;0;168;0;0;0;1;0;0;0;51758;0;0;0;0;8410;0;0;0;0;9;0;0;0;32;0;0;649;0;0;0;0;0;0;0;0;231;0;291;661;0;0;0;0;661;45047381;0;0;661;0;0;649;89;7;0;0;0;1;48127;0;0;0;0;661;0;51;0;0;1;0;0;0;0;0;0;0;0;2;0;0;0;336783;74;0;2;0;0;108204;0;0;0;0;0;0;586;0;0;0;0;0;0;14;0;12062;0;0;0;0;0;0;0;12095;0;0;0;108204;0;0;0;1;0;0;0;2;0;0;649;0;0;0;1;2;0;0;0;0;0;0;0;9286;0;0;33045;0;649;0;0;0;0;109127;1;0;0;2;1;0;0;0;12089;0;0;95;1052;0;0;0;146;0;0;329506;0;0;232;0;0;0;0;0;0;0
0;328777;0;0;0;0;0;0;327506;0;0;3;0;0;0;0;0;0;0;0;108288;0;0;0;0;0;0;0;0;168;0;0;0;1;0;0;0;51759;0;0;0;0;8410;0;0;0;0;9;0;0;0;32;0;0;649;0;0;0;0;0;0;0;0;231;0;291;662;0;0;0;0;662;46048417;0;0;662;0;0;649;89;7;0;0;0;1;48128;0;0;0;0;662;0;51;0;0;1;0;0;0;0;0;0;0;0;2;0;0;0;337036;74;0;2;0;0;108287;0;0;0;0;0;0;586;0;0;0;0;0;0;14;0;12062;0;0;0;0;0;0;0;12095;0;0;0;108287;0;0;0;1;0;0;0;2;0;0;649;0;0;0;1;2;0;0;0;0;0;0;0;9287;0;0;33046;0;649;0;0;0;0;109211;1;0;0;2;1;0;0;0;12089;0;0;95;1053;0;0;0;146;0;0;329758;0;0;232;0;0;0;0;0;0;0
0;329029;0;0;0;0;0;0;327757;0;0;3;0;0;0;0;0;0;0;0;108372;0;0;0;0;0;0;0;0;168;0;0;0;1;0;0;0;51759;0;0;0;0;8410;0;0;0;0;9;0;0;0;32;0;0;650;0;0;0;0;0;0;0;0;231;0;291;662;0;0;0;0;662;47049441;0;0;662;0;0;650;89;7;0;0;0;1;48128;0;0;0;0;662;0;51;0;0;1;0;0;0;0;0;0;0;0;2;0;0;0;337288;74;0;2;0;0;108371;0;0;0;0;0;0;586;0;0;0;0;0;0;14;0;12062;0;0;0;0;0;0;0;12095;0;0;0;108371;0;0;0;1;0;0;0;2;0;0;650;0;0;0;1;2;0;0;0;0;0;0;0;9287;0;0;33046;0;650;0;0;0;0;109294;1;0;0;2;1;0;0;0;12089;0;0;95;1053;0;0;0;146;0;0;330009;0;0;232;0;0;0;0;0;0;0
0;329280;0;0;0;0;0;0;328007;0;0;3;0;0;0;0;0;0;0;0;108455;0;0;0;0;0;0;0;0;168;0;0;0;1;0;0;0;51760;0;0;0;0;8410;0;0;0;0;9;0;0;0;32;0;0;650;0;0;0;0;0;0;0;0;231;0;291;663;0;0;0;0;663;48050472;0;0;663;0;0;650;89;7;0;0;0;1;48129;0;0;0;0;663;0;51;0;0;1;0;0;0;0;0;0;0;0;2;0;0;0;337541;74;0;2;0;0;108454;0;0;0;0;0;0;586;0;0;0;0;0;0;14;0;12062;0;0;0;0;0;0;0;12095;0;0;0;108454;0;0;0;1;0;0;0;2;0;0;650;0;0;0;1;2;0;0;0;0;0;0;0;9288;0;0;33047;0;650;0;0;0;0;109377;1;0;0;2;1;0;0;0;12089;0;0;95;1053;0;0;0;146;0;0;330260;0;0;232;0;0;0;0;0;0;0
0;329531;0;0;0;0;0;0;328257;0;0;3;0;0;0;0;0;0;0;0;108538;0;0;0;0;0;0;0;0;168;0;0;0;1;0;0;0;51760;0;0;0;0;8410;0;0;0;0;9;0;0;0;32;0;0;651;0;0;0;0;0;0;0;0;231;0;291;663;0;0;0;0;663;49051499;0;0;663;0;0;651;89;7;0;0;0;1;48129;0;0;0;0;663;0;51;0;0;1;0;0;0;0;0;0;0;0;2;0;0;0;337794;74;0;2;0;0;108537;0;0;0;0;0;0;586;0;0;0;0;0;0;14;0;12062;0;0;0;0;0;0;0;12095;0;0;0;108537;0;0;0;1;0;0;0;2;0;0;651;0;0;0;1;2;0;0;0;0;0;0;0;9288;0;0;33047;0;651;0;0;0;0;109461;1;0;0;2;1;0;0;0;12089;0;0;95;1053;0;0;0;146;0;0;330511;0;0;232;0;0;0;0;0;0;0
0;329782;0;0;0;0;0;0;328508;0;0;3;0;0;0;0;0;0;0;0;108622;0;0;0;0;0;0;0;0;168;0;0;0;1;0;0;0;51761;0;0;0;0;8410;0;0;0;0;9;0;0;0;32;0;0;651;0;0;0;0;0;0;0;0;231;0;291;664;0;0;0;0;664;50052524;0;0;664;0;0;651;89;7;0;0;0;1;48130;0;0;0;0;664;0;51;0;0;1;0;0;0;0;0;0;0;0;2;0;0;0;338047;74;0;2;0;0;108621;0;0;0;0;0;0;586;0;0;0;0;0;0;14;0;12062;0;0;0;0;0;0;0;12095;0;0;0;108621;0;0;0;1;0;0;0;2;0;0;651;0;0;0;1;2;0;0;0;0;0;0;0;9289;0;0;33048;0;651;0;0;0;0;109544;1;0;0;2;1;0;0;0;12089;0;0;95;1053;0;0;0;146;0;0;330763;0;0;232;0;0;0;0;0;0;0
0;330034;0;0;0;0;0;0;328758;0;0;3;0;0;0;0;0;0;0;0;108705;0;0;0;0;0;0;0;0;168;0;0;0;1;0;0;0;51761;0;0;0;0;8410;0;0;0;0;9;0;0;0;32;0;0;652;0;0;0;0;0;0;0;0;231;0;291;664;0;0;0;0;664;51053555;0;0;664;0;0;652;89;7;0;0;0;1;48130;0;0;0;0;664;0;51;0;0;1;0;0;0;0;0;0;0;0;2;0;0;0;338300;74;0;2;0;0;108704;0;0;0;0;0;0;586;0;0;0;0;0;0;14;0;12062;0;0;0;0;0;0;0;12095;0;0;0;108704;0;0;0;1;0;0;0;2;0;0;652;0;0;0;1;2;0;0;0;0;0;0;0;9289;0;0;33048;0;652;0;0;0;0;109628;1;0;0;2;1;0;0;0;12089;0;0;95;1053;0;0;0;146;0;0;331014;0;0;232;0;0;0;0;0;0;0
0;330285;0;0;0;0;0;0;329008;0;0;3;0;0;0;0;0;0;0;0;108789;0;0;0;0;0;0;0;0;168;0;0;0;1;0;0;0;51762;0;0;0;0;8410;0;0;0;0;9;0;0;0;32;0;0;652;0;0;0;0;0;0;0;0;231;0;291;665;0;0;0;0;665;52054583;0;0;665;0;0;652;89;7;0;0;0;1;48131;0;0;0;0;665;0;51;0;0;1;0;0;0;0;0;0;0;0;2;0;0;0;338552;74;0;2;0;0;108788;0;0;0;0;0;0;586;0;0;0;0;0;0;14;0;12062;0;0;0;0;0;0;0;12095;0;0;0;108788;0;0;0;1;0;0;0;2;0;0;652;0;0;0;1;2;0;0;0;0;0;0;0;9290;0;0;33049;0;652;0;0;0;0;109711;1;0;0;2;1;0;0;0;12089;0;0;95;1053;0;0;0;146;0;0;331265;0;0;232;0;0;0;0;0;0;0
0;330536;0;0;0;0;0;0;329258;0;0;3;0;0;0;0;0;0;0;0;108872;0;0;0;0;0;0;0;0;168;0;0;0;1;0;0;0;51762;0;0;0;0;8410;0;0;0;0;9;0;0;0;32;0;0;653;0;0;0;0;0;0;0;0;231;0;291;665;0;0;0;0;665;53055618;0;0;665;0;0;653;89;7;0;0;0;1;48131;0;0;0;0;665;0;51;0;0;1;0;0;0;0;0;0;0;0;2;0;0;0;338805;74;0;2;0;0;108871;0;0;0;0;0;0;586;0;0;0;0;0;0;14;0;12062;0;0;0;0;0;0;0;12095;0;0;0;108871;0;0;0;1;0;0;0;2;0;0;653;0;0;0;1;2;0;0;0;0;0;0;0;9290;0;0;33049;0;653;0;0;0;0;109795;1;0;0;2;1;0;0;0;12089;0;0;95;1054;0;0;0;146;0;0;331516;0;0;232;0;0;0;0;0;0;0
0;330787;0;0;0;0;0;0;329509;0;0;3;0;0;0;0;0;0;0;0;108956;0;0;0;0;0;0;0;0;168;0;0;0;1;0;0;0;51763;0;0;0;0;8410;0;0;0;0;9;0;0;0;32;0;0;653;0;0;0;0;0;0;0;0;231;0;291;666;0;0;0;0;666;54056651;0;0;666;0;0;653;89;7;0;0;0;1;48132;0;0;0;0;666;0;51;0;0;1;0;0;0;0;0;0;0;0;2;0;0;0;339058;74;0;2;0;0;108954;0;0;0;0;0;0;586;0;0;0;0;0;0;14;0;12062;0;0;0;0;0;0;0;12095;0;0;0;108955;0;0;0;1;0;0;0;2;0;0;653;0;0;0;1;2;0;0;0;0;0;0;0;9291;0;0;33050;0;653;0;0;0;0;109878;1;0;0;2;1;0;0;0;12089;0;0;95;1054;0;0;0;146;0;0;331768;0;0;232;0;0;0;0;0;0;0
0;331039;0;0;0;0;0;0;329759;0;0;3;0;0;0;0;0;0;0;0;109039;0;0;0;0;0;0;0;0;168;0;0;0;1;0;0;0;51763;0;0;0;0;8410;0;0;0;0;9;0;0;0;32;0;0;654;0;0;0;0;0;0;0;0;231;0;291;666;0;0;0;0;666;55057676;0;0;666;0;0;654;89;7;0;0;0;1;48132;0;0;0;0;666;0;51;0;0;1;0;0;0;0;0;0;0;0;2;0;0;0;339310;74;0;2;0;0;109038;0;0;0;0;0;0;586;0;0;0;0;0;0;14;0;12062;0;0;0;0;0;0;0;12095;0;0;0;109038;0;0;0;1;0;0;0;2;0;0;654;0;0;0;1;2;0;0;0;0;0;0;0;9291;0;0;33050;0;654;0;0;0;0;109961;1;0;0;2;1;0;0;0;12089;0;0;95;1054;0;0;0;146;0;0;332019;0;0;232;0;0;0;0;0;0;0
0;331290;0;0;0;0;0;0;330009;0;0;3;0;0;0;0;0;0;0;0;109122;0;0;0;0;0;0;0;0;168;0;0;0;1;0;0;0;51764;0;0;0;0;8410;0;0;0;0;9;0;0;0;32;0;0;654;0;0;0;0;0;0;0;0;231;0;291;667;0;0;0;0;667;56058703;0;0;667;0;0;654;89;7;0;0;0;1;48133;0;0;0;0;667;0;51;0;0;1;0;0;0;0;0;0;0;0;2;0;0;0;339562;74;0;2;0;0;109121;0;0;0;0;0;0;586;0;0;0;0;0;0;14;0;12062;0;0;0;0;0;0;0;12095;0;0;0;109121;0;0;0;1;0;0;0;2;0;0;654;0;0;0;1;2;0;0;0;0;0;0;0;9292;0;0;33051;0;654;0;0;0;0;110045;1;0;0;2;1;0;0;0;12089;0;0;95;1054;0;0;0;146;0;0;332270;0;0;232;0;0;0;0;0;0;0
0;331541;0;0;0;0;0;0;330259;0;0;3;0;0;0;0;0;0;0;0;109206;0;0;0;0;0;0;0;0;168;0;0;0;1;0;0;0;51764;0;0;0;0;8410;0;0;0;0;9;0;0;0;32;0;0;655;0;0;0;0;0;0;0;0;231;0;291;667;0;0;0;0;667;57059734;0;0;667;0;0;655;89;7;0;0;0;1;48133;0;0;0;0;667;0;51;0;0;1;0;0;0;0;0;0;0;0;2;0;0;0;339816;74;0;2;0;0;109205;0;0;0;0;0;0;586;0;0;0;0;0;0;14;0;12062;0;0;0;0;0;0;0;12095;0;0;0;109205;0;0;0;1;0;0;0;2;0;0;655;0;0;0;1;2;0;0;0;0;0;0;0;9292;0;0;33051;0;655;0;0;0;0;110128;1;0;0;2;1;0;0;0;12089;0;0;95;1054;0;0;0;146;0;0;332521;0;0;232;0;0;0;0;0;0;0
0;331792;0;0;0;0;0;0;330510;0;0;3;0;0;0;0;0;0;0;0;109289;0;0;0;0;0;0;0;0;168;0;0;0;1;0;0;0;51765;0;0;0;0;8410;0;0;0;0;9;0;0;0;32;0;0;655;0;0;0;0;0;0;0;0;231;0;291;668;0;0;0;0;668;58060771;0;0;668;0;0;655;89;7;0;0;0;1;48134;0;0;0;0;668;0;51;0;0;1;0;0;0;0;0;0;0;0;2;0;0;0;340068;74;0;2;0;0;109288;0;0;0;0;0;0;586;0;0;0;0;0;0;14;0;12062;0;0;0;0;0;0;0;12095;0;0;0;109288;0;0;0;1;0;0;0;2;0;0;655;0;0;0;1;2;0;0;0;0;0;0;0;9293;0;0;33052;0;655;0;0;0;0;110212;1;0;0;2;1;0;0;0;12089;0;0;95;1054;0;0;0;146;0;0;332773;0;0;232;0;0;0;0;0;0;0
0;332044;0;0;0;0;0;0;330760;0;0;3;0;0;0;0;0;0;0;0;109373;0;0;0;0;0;0;0;0;168;0;0;0;1;0;0;0;51765;0;0;0;0;8410;0;0;0;0;9;0;0;0;32;0;0;656;0;0;0;0;0;0;0;0;231;0;291;668;0;0;0;0;668;59061802;0;0;668;0;0;656;89;7;0;0;0;1;48134;0;0;0;0;668;0;51;0;0;1;0;0;0;0;0;0;0;0;2;0;0;0;340321;74;0;2;0;0;109372;0;0;0;0;0;0;586;0;0;0;0;0;0;14;0;12062;0;0;0;0;0;0;0;12095;0;0;0;109372;0;0;0;1;0;0;0;2;0;0;656;0;0;0;1;2;0;0;0;0;0;0;0;9293;0;0;33052;0;656;0;0;0;0;110295;1;0;0;2;1;0;0;0;12089;0;0;95;1054;0;0;0;146;0;0;333024;0;0;232;0;0;0;0;0;0;0
0;332295;0;0;0;0;0;0;331010;0;0;3;0;0;0;0;0;0;0;0;109456;0;0;0;0;0;0;0;0;168;0;0;0;1;0;0;0;51766;0;0;0;0;8410;0;0;0;0;9;0;0;0;32;0;0;656;0;0;0;0;0;0;0;0;231;0;291;669;0;0;0;0;669;60062840;0;0;669;0;0;656;89;7;0;0;0;1;48135;0;0;0;0;669;0;51;0;0;1;0;0;0;0;0;0;0;0;2;0;0;0;340574;74;0;2;0;0;109455;0;0;0;0;0;0;586;0;0;0;0;0;0;14;0;12062;0;0;0;0;0;0;0;12095;0;0;0;109455;0;0;0;1;0;0;0;2;0;0;656;0;0;0;1;2;0;0;0;0;0;0;0;9294;0;0;33053;0;656;0;0;0;0;110379;1;0;0;2;1;0;0;0;12089;0;0;95;1054;0;0;0;146;0;0;333275;0;0;232;0;0;0;0;0;0;0
0;332546;0;0;0;0;0;0;331260;0;0;3;0;0;0;0;0;0;0;0;109539;0;0;0;0;0;0;0;0;168;0;0;0;1;0;0;0;51766;0;0;0;0;8410;0;0;0;0;9;0;0;0;32;0;0;657;0;0;0;0;0;0;0;0;231;0;291;669;0;0;0;0;669;61063864;0;0;669;0;0;657;89;7;0;0;0;1;48135;0;0;0;0;669;0;51;0;0;1;0;0;0;0;0;0;0;0;2;0;0;0;340827;74;0;2;0;0;109538;0;0;0;0;0;0;586;0;0;0;0;0;0;14;0;12062;0;0;0;0;0;0;0;12095;0;0;0;109538;0;0;0;1;0;0;0;2;0;0;657;0;0;0;1;2;0;0;0;0;0;0;0;9294;0;0;33053;0;657;0;0;0;0;110462;1;0;0;2;1;0;0;0;12089;0;0;95;1055;0;0;0;146;0;0;333526;0;0;232;0;0;0;0;0;0;0
0;332797;0;0;0;0;0;0;331511;0;0;3;0;0;0;0;0;0;0;0;109623;0;0;0;0;0;0;0;0;168;0;0;0;1;0;0;0;51767;0;0;0;0;8410;0;0;0;0;9;0;0;0;32;0;0;657;0;0;0;0;0;0;0;0;231;0;291;670;0;0;0;0;670;62064891;0;0;670;0;0;657;89;7;0;0;0;1;48136;0;0;0;0;670;0;51;0;0;1;0;0;0;0;0;0;0;0;2;0;0;0;341079;74;0;2;0;0;109622;0;0;0;0;0;0;586;0;0;0;0;0;0;14;0;12062;0;0;0;0;0;0;0;12095;0;0;0;109622;0;0;0;1;0;0;0;2;0;0;657;0;0;0;1;2;0;0;0;0;0;0;0;9295;0;0;33054;0;657;0;0;0;0;110546;1;0;0;2;1;0;0;0;12089;0;0;95;1055;0;0;0;146;0;0;333778;0;0;232;0;0;0;0;0;0;0
0;333049;0;0;0;0;0;0;331761;0;0;3;0;0;0;0;0;0;0;0;109706;0;0;0;0;0;0;0;0;168;0;0;0;1;0;0;0;51767;0;0;0;0;8410;0;0;0;0;9;0;0;0;32;0;0;658;0;0;0;0;0;0;0;0;231;0;291;670;0;0;0;0;670;63065924;0;0;670;0;0;658;89;7;0;0;0;1;48136;0;0;0;0;670;0;51;0;0;1;0;0;0;0;0;0;0;0;2;0;0;0;341332;74;0;2;0;0;109705;0;0;0;0;0;0;586;0;0;0;0;0;0;14;0;12062;0;0;0;0;0;0;0;12095;0;0;0;109705;0;0;0;1;0;0;0;2;0;0;658;0;0;0;1;2;0;0;0;0;0;0;0;9295;0;0;33054;0;658;0;0;0;0;110629;1;0;0;2;1;0;0;0;12089;0;0;95;1055;0;0;0;146;0;0;334029;0;0;232;0;0;0;0;0;0;0
0;333300;0;0;0;0;0;0;332011;0;0;3;0;0;0;0;0;0;0;0;109790;0;0;0;0;0;0;0;0;168;0;0;0;1;0;0;0;51768;0;0;0;0;8410;0;0;0;0;9;0;0;0;32;0;0;658;0;0;0;0;0;0;0;0;231;0;291;671;0;0;0;0;671;64066957;0;0;671;0;0;658;89;7;0;0;0;1;48137;0;0;0;0;671;0;51;0;0;1;0;0;0;0;0;0;0;0;2;0;0;0;341584;74;0;2;0;0;109789;0;0;0;0;0;0;586;0;0;0;0;0;0;14;0;12062;0;0;0;0;0;0;0;12095;0;0;0;109789;0;0;0;1;0;0;0;2;0;0;658;0;0;0;1;2;0;0;0;0;0;0;0;9296;0;0;33055;0;658;0;0;0;0;110713;1;0;0;2;1;0;0;0;12089;0;0;95;1055;0;0;0;146;0;0;334280;0;0;232;0;0;0;0;0;0;0
0;333551;0;0;0;0;0;0;332261;0;0;3;0;0;0;0;0;0;0;0;109873;0;0;0;0;0;0;0;0;168;0;0;0;1;0;0;0;51768;0;0;0;0;8410;0;0;0;0;9;0;0;0;32;0;0;659;0;0;0;0;0;0;0;0;231;0;291;671;0;0;0;0;671;65067984;0;0;671;0;0;659;89;7;0;0;0;1;48137;0;0;0;0;671;0;51;0;0;1;0;0;0;0;0;0;0;0;2;0;0;0;341837;74;0;2;0;0;109872;0;0;0;0;0;0;586;0;0;0;0;0;0;14;0;12062;0;0;0;0;0;0;0;12095;0;0;0;109872;0;0;0;1;0;0;0;2;0;0;659;0;0;0;1;2;0;0;0;0;0;0;0;9296;0;0;33055;0;659;0;0;0;0;110796;1;0;0;2;1;0;0;0;12089;0;0;95;1055;0;0;0;146;0;0;334531;0;0;232;0;0;0;0;0;0;0
0;333803;0;0;0;0;0;0;332512;0;0;3;0;0;0;0;0;0;0;0;109957;0;0;0;0;0;0;0;0;168;0;0;0;1;0;0;0;51769;0;0;0;0;8410;0;0;0;0;9;0;0;0;32;0;0;659;0;0;0;0;0;0;0;0;231;0;291;672;0;0;0;0;672;66069014;0;0;672;0;0;659;89;7;0;0;0;1;48138;0;0;0;0;672;0;51;0;0;1;0;0;0;0;0;0;0;0;2;0;0;0;342090;74;0;2;0;0;109956;0;0;0;0;0;0;586;0;0;0;0;0;0;14;0;12062;0;0;0;0;0;0;0;12095;0;0;0;109956;0;0;0;1;0;0;0;2;0;0;659;0;0;0;1;2;0;0;0;0;0;0;0;9297;0;0;33056;0;659;0;0;0;0;110879;1;0;0;2;1;0;0;0;12089;0;0;95;1055;0;0;0;146;0;0;334783;0;0;232;0;0;0;0;0;0;0
0;334054;0;0;0;0;0;0;332762;0;0;3;0;0;0;0;0;0;0;0;110040;0;0;0;0;0;0;0;0;168;0;0;0;1;0;0;0;51769;0;0;0;0;8410;0;0;0;0;9;0;0;0;32;0;0;660;0;0;0;0;0;0;0;0;231;0;291;672;0;0;0;0;672;67070036;0;0;672;0;0;660;89;7;0;0;0;1;48138;0;0;0;0;672;0;51;0;0;1;0;0;0;0;0;0;0;0;2;0;0;0;342342;74;0;2;0;0;110039;0;0;0;0;0;0;586;0;0;0;0;0;0;14;0;12062;0;0;0;0;0;0;0;12095;0;0;0;110039;0;0;0;1;0;0;0;2;0;0;660;0;0;0;1;2;0;0;0;0;0;0;0;9297;0;0;33056;0;660;0;0;0;0;110963;1;0;0;2;1;0;0;0;12089;0;0;95;1055;0;0;0;146;0;0;335034;0;0;232;0;0;0;0;0;0;0
0;334305;0;0;0;0;0;0;333012;0;0;3;0;0;0;0;0;0;0;0;110123;0;0;0;0;0;0;0;0;168;0;0;0;1;0;0;0;51770;0;0;0;0;8410;0;0;0;0;9;0;0;0;32;0;0;660;0;0;0;0;0;0;0;0;231;0;291;673;0;0;0;0;673;68071065;0;0;673;0;0;660;89;7;0;0;0;1;48139;0;0;0;0;673;0;51;0;0;1;0;0;0;0;0;0;0;0;2;0;0;0;342594;74;0;2;0;0;110122;0;0;0;0;0;0;586;0;0;0;0;0;0;14;0;12062;0;0;0;0;0;0;0;12095;0;0;0;110122;0;0;0;1;0;0;0;2;0;0;660;0;0;0;1;2;0;0;0;0;0;0;0;9298;0;0;33057;0;660;0;0;0;0;111046;1;0;0;2;1;0;0;0;12089;0;0;95;1056;0;0;0;146;0;0;335285;0;0;232;0;0;0;0;0;0;0
0;334556;0;0;0;0;0;0;333262;0;0;3;0;0;0;0;0;0;0;0;110207;0;0;0;0;0;0;0;0;168;0;0;0;1;0;0;0;51770;0;0;0;0;8410;0;0;0;0;9;0;0;0;32;0;0;661;0;0;0;0;0;0;0;0;231;0;291;673;0;0;0;0;673;69072109;0;0;673;0;0;661;89;7;0;0;0;1;48139;0;0;0;0;673;0;51;0;0;1;0;0;0;0;0;0;0;0;2;0;0;0;342849;74;0;2;0;0;110206;0;0;0;0;0;0;586;0;0;0;0;0;0;14;0;12062;0;0;0;0;0;0;0;12095;0;0;0;110206;0;0;0;1;0;0;0;2;0;0;661;0;0;0;1;2;0;0;0;0;0;0;0;9298;0;0;33057;0;661;0;0;0;0;111130;1;0;0;2;1;0;0;0;12089;0;0;95;1056;0;0;0;146;0;0;335537;0;0;232;0;0;0;0;0;0;0
0;334808;0;0;0;0;0;0;333513;0;0;3;0;0;0;0;0;0;0;0;110290;0;0;0;0;0;0;0;0;168;0;0;0;1;0;0;0;51771;0;0;0;0;8411;0;0;0;0;9;0;0;0;32;0;0;662;0;0;0;0;0;0;0;0;231;0;291;675;0;0;0;0;675;70073143;0;0;675;0;0;662;90;7;0;0;0;1;48142;0;0;0;0;675;0;51;0;0;1;0;0;0;0;0;0;0;0;2;0;0;0;343102;74;0;2;0;0;110289;0;0;0;0;0;0;586;0;0;0;0;0;0;14;0;12062;0;0;0;0;0;0;0;12095;0;0;0;110289;0;0;0;1;0;0;0;2;0;0;662;0;0;0;1;2;0;0;0;0;0;0;0;9299;0;0;33059;0;662;0;0;0;0;111213;1;0;0;2;1;0;0;0;12089;0;0;96;1056;0;0;0;146;0;0;335788;0;0;232;0;0;0;0;0;0;0
0;335059;0;0;0;0;0;0;333763;0;0;3;0;0;0;0;0;0;0;0;110374;0;0;0;0;0;0;0;0;168;0;0;0;1;0;0;0;51771;0;0;0;0;8413;0;0;0;0;9;0;0;0;32;0;0;665;0;0;0;0;0;0;0;0;231;0;291;675;0;0;0;0;675;71074174;0;0;675;0;0;665;91;7;0;0;0;1;48142;0;0;0;0;675;0;51;0;0;1;0;0;0;0;0;0;0;0;2;0;0;0;343355;74;0;2;0;0;110373;0;0;0;0;0;0;586;0;0;0;0;0;0;14;0;12062;0;0;0;0;0;0;0;12095;0;0;0;110373;0;0;0;1;0;0;0;2;0;0;665;0;0;0;1;2;0;0;0;0;0;0;0;9299;0;0;33059;0;665;0;0;0;0;111296;1;0;0;2;1;0;0;0;12089;0;0;96;1056;0;0;0;146;0;0;336039;0;0;232;0;0;0;0;0;0;0
0;335310;0;0;0;0;0;0;334013;0;0;3;0;0;0;0;0;0;0;0;110457;0;0;0;0;0;0;0;0;168;0;0;0;1;0;0;0;51772;0;0;0;0;8414;0;0;0;0;9;0;0;0;32;0;0;665;0;0;0;0;0;0;0;0;231;0;291;678;0;0;0;0;678;72075205;0;0;678;0;0;665;91;7;0;0;0;1;48143;0;0;0;0;678;0;51;0;0;1;0;0;0;0;0;0;0;0;2;0;0;0;343609;74;0;2;0;0;110456;0;0;0;0;0;0;586;0;0;0;0;0;0;14;0;12062;0;0;0;0;0;0;0;12095;0;0;0;110456;0;0;0;1;0;0;0;2;0;0;665;0;0;0;1;2;0;0;0;0;0;0;0;9300;0;0;33060;0;665;0;0;0;0;111380;1;0;0;2;1;0;0;0;12089;0;0;97;1056;0;0;0;146;0;0;336290;0;0;232;0;0;0;0;0;0;0
0;335561;0;0;0;0;0;0;334263;0;0;3;0;0;0;0;0;0;0;0;110541;0;0;0;0;0;0;0;0;168;0;0;0;1;0;0;0;51772;0;0;0;0;8417;0;0;0;0;9;0;0;0;32;0;0;666;0;0;0;0;0;0;0;0;231;0;291;678;0;0;0;0;678;73076240;0;0;678;0;0;666;91;7;0;0;0;1;48149;0;0;0;0;678;0;51;0;0;1;0;0;0;0;0;0;0;0;2;0;0;0;343862;74;0;2;0;0;110539;0;0;0;0;0;0;586;0;0;0;0;0;0;14;0;12062;0;0;0;0;0;0;0;12095;0;0;0;110539;0;0;0;1;0;0;0;2;0;0;666;0;0;0;1;2;0;0;0;0;0;0;0;9307;0;0;33060;0;666;0;0;0;0;111463;1;0;0;2;1;0;0;0;12089;0;0;97;1057;0;0;0;146;0;0;336542;0;0;232;0;0;0;0;0;0;0
