PMI_Performance_monitoring_interrupts_CPU1;HRE_Hyper-V_reenlightenment_interrupts_CPU0;DFR_Deferred_Error_APIC_interrupts_CPU0;9_IO-APIC_9-fasteoi_acpi_CPU1;HRE_Hyper-V_reenlightenment_interrupts_CPU2;34_PCI-MSI_32770-edge_virtio0-output.0_CPU0;HYP_Hypervisor_callback_interrupts_CPU1;14_IO-APIC_14-edge_ata_piix_CPU0;HYP_Hypervisor_callback_interrupts_CPU0;HVS_Hyper-V_stimer0_interrupts_CPU0;NPI_Nested_posted-interrupt_event_CPU0;15_IO-APIC_15-edge_ata_piix_CPU0;33_PCI-MSI_32769-edge_virtio0-input.0_CPU2;TLB_TLB_shootdowns_CPU2;12_IO-APIC_12-edge_i8042_CPU1;TLB_TLB_shootdowns_CPU0;MCP_Machine_check_polls_CPU1;NPI_Nested_posted-interrupt_event_CPU2;timestamp_us;HVS_Hyper-V_stimer0_interrupts_CPU2;CAL_Function_call_interrupts_CPU2;CAL_Function_call_interrupts_CPU0;MCE_Machine_check_exceptions_CPU0;8_IO-APIC_8-edge_rtc0_CPU2;CAL_Function_call_interrupts_CPU1;PMI_Performance_monitoring_interrupts_CPU2;IWI_IRQ_work_interrupts_CPU0;RTR_APIC_ICR_read_retries_CPU2;PIN_Posted-interrupt_notification_event_CPU2;24_PCI-MSI_49152-edge_igb_uio_CPU2;PIW_Posted-interrupt_wakeup_event_CPU0;PIW_Posted-interrupt_wakeup_event_CPU2;RES_Rescheduling_interrupts_CPU1;15_IO-APIC_15-edge_ata_piix_CPU2;25_PCI-MSI_65536-edge_igb_uio_CPU0;PIW_Posted-interrupt_wakeup_event_CPU1;RTR_APIC_ICR_read_retries_CPU0;9_IO-APIC_9-fasteoi_acpi_CPU2;1_IO-APIC_1-edge_i8042_CPU2;SPU_Spurious_interrupts_CPU2;6_IO-APIC_6-edge_floppy_CPU1;6_IO-APIC_6-edge_floppy_CPU0;SPU_Spurious_interrupts_CPU0;8_IO-APIC_8-edge_rtc0_CPU1;TRM_Thermal_event_interrupts_CPU0;LOC_Local_timer_interrupts_CPU0;THR_Threshold_APIC_interrupts_CPU1;NMI_Non-maskable_interrupts_CPU1;6_IO-APIC_6-edge_floppy_CPU2;NMI_Non-maskable_interrupts_CPU2;15_IO-APIC_15-edge_ata_piix_CPU1;32_PCI-MSI_32768-edge_virtio0-config_CPU2;TRM_Thermal_event_interrupts_CPU2;12_IO-APIC_12-edge_i8042_CPU0;1_IO-APIC_1-edge_i8042_CPU0;DFR_Deferred_Error_APIC_interrupts_CPU2;25_PCI-MSI_65536-edge_igb_uio_CPU2;PIN_Posted-interrupt_notification_event_CPU1;14_IO-APIC_14-edge_ata_piix_CPU1;TRM_Thermal_event_interrupts_CPU1;NMI_Non-maskable_interrupts_CPU0;LOC_Local_timer_interrupts_CPU2;31_PCI-MSI_81921-edge_virtio1-virtqueues_CPU2;MCP_Machine_check_polls_CPU2;34_PCI-MSI_32770-edge_virtio0-output.0_CPU2;MIS_CPU0;33_PCI-MSI_32769-edge_virtio0-input.0_CPU0;SPU_Spurious_interrupts_CPU1;25_PCI-MSI_65536-edge_igb_uio_CPU1;24_PCI-MSI_49152-edge_igb_uio_CPU0;IWI_IRQ_work_interrupts_CPU1;DFR_Deferred_Error_APIC_interrupts_CPU1;14_IO-APIC_14-edge_ata_piix_CPU2;HVS_Hyper-V_stimer0_interrupts_CPU1;NPI_Nested_posted-interrupt_event_CPU1;10_IO-APIC_10-fasteoi_virtio2_CPU2;30_PCI-MSI_81920-edge_virtio1-config_CPU0;33_PCI-MSI_32769-edge_virtio0-input.0_CPU1;ERR_CPU0;32_PCI-MSI_32768-edge_virtio0-config_CPU1;HYP_Hypervisor_callback_interrupts_CPU2;PMI_Performance_monitoring_interrupts_CPU0;PIN_Posted-interrupt_notification_event_CPU0;34_PCI-MSI_32770-edge_virtio0-output.0_CPU1;LOC_Local_timer_interrupts_CPU1;RTR_APIC_ICR_read_retries_CPU1;32_PCI-MSI_32768-edge_virtio0-config_CPU0;31_PCI-MSI_81921-edge_virtio1-virtqueues_CPU1;30_PCI-MSI_81920-edge_virtio1-config_CPU2;TLB_TLB_shootdowns_CPU1;IWI_IRQ_work_interrupts_CPU2;10_IO-APIC_10-fasteoi_virtio2_CPU0;8_IO-APIC_8-edge_rtc0_CPU0;RES_Rescheduling_interrupts_CPU0;HRE_Hyper-V_reenlightenment_interrupts_CPU1;9_IO-APIC_9-fasteoi_acpi_CPU0;THR_Threshold_APIC_interrupts_CPU0;24_PCI-MSI_49152-edge_igb_uio_CPU1;MCE_Machine_check_exceptions_CPU1;10_IO-APIC_10-fasteoi_virtio2_CPU1;30_PCI-MSI_81920-edge_virtio1-config_CPU1;THR_Threshold_APIC_interrupts_CPU2;31_PCI-MSI_81921-edge_virtio1-virtqueues_CPU0;12_IO-APIC_12-edge_i8042_CPU2;MCE_Machine_check_exceptions_CPU2;1_IO-APIC_1-edge_i8042_CPU1;RES_Rescheduling_interrupts_CPU2;MCP_Machine_check_polls_CPU0
0;0;0;0;0;1;0;0;0;0;0;0;0;0;0;0;1;0;102;0;9206;0;0;0;9207;0;0;0;0;;0;0;222;0;;0;0;0;0;0;0;2;0;0;0;823280;0;0;0;0;0;0;0;15;9;0;;0;0;0;0;819964;0;1;0;0;46522;0;;;0;0;0;0;0;0;0;0;0;0;0;0;0;0;2301416;0;0;0;0;0;0;0;0;61795;0;0;0;;0;0;0;0;3;0;0;0;10;1
0;0;0;0;0;1;0;0;0;0;0;0;0;0;0;0;1;0;1001760;0;9206;0;0;0;9207;0;0;0;0;;0;0;222;0;;0;0;0;0;0;0;2;0;0;0;823533;0;0;0;0;0;0;0;15;9;0;;0;0;0;0;820215;0;1;0;0;46522;0;;;0;0;0;0;0;0;0;0;0;0;0;0;0;0;2301667;0;0;0;0;0;0;0;0;61795;0;0;0;;0;0;0;0;3;0;0;0;10;1
0;0;0;0;0;1;0;0;0;0;0;0;0;0;0;0;1;0;2002775;0;9206;0;0;0;9207;0;0;0;0;;0;0;222;0;;0;0;0;0;0;0;2;0;0;0;823785;0;0;0;0;0;0;0;15;9;0;;0;0;0;0;820467;0;1;0;0;46522;0;;;0;0;0;0;0;0;0;0;0;0;0;0;0;0;2301917;0;0;0;0;0;0;0;0;61796;0;0;0;;0;0;0;0;3;0;0;0;10;1
0;0;0;0;0;1;0;0;0;0;0;0;0;0;0;0;1;0;3003814;0;9206;0;0;0;9207;0;0;0;0;;0;0;225;0;;0;0;0;0;0;0;2;0;0;0;824036;0;0;0;0;0;0;0;15;9;0;;0;0;0;0;820718;0;1;0;0;46522;0;;;0;0;0;0;0;0;0;0;0;0;0;0;0;0;2302167;0;0;0;0;0;0;0;0;61820;0;0;0;;0;0;0;0;3;0;0;0;10;1
0;0;0;0;0;1;0;0;0;0;0;0;0;0;0;0;1;0;4004841;0;9206;0;0;0;9207;0;0;0;0;0;0;0;225;0;0;0;0;0;0;0;0;2;0;0;0;824288;0;0;0;0;0;0;0;15;9;0;0;0;0;0;0;820969;0;1;0;0;46522;0;0;0;0;0;0;0;0;0;0;0;0;0;0;0;0;0;2303039;0;0;0;0;0;0;0;0;61820;0;0;0;0;0;0;0;0;3;0;0;0;10;1
0;0;0;0;0;1;0;0;0;0;0;0;0;0;0;0;1;0;5005865;0;9206;0;0;0;9207;0;0;0;0;0;0;0;225;0;2;0;0;0;0;0;0;2;0;0;0;824540;0;0;0;0;0;0;0;15;9;0;0;0;0;0;0;821220;0;1;0;0;46522;0;0;2;0;0;0;0;0;0;0;0;0;0;0;0;0;0;2304194;0;0;0;0;0;0;0;0;61820;0;0;0;0;0;0;0;0;3;0;0;0;10;1
0;0;0;0;0;1;0;0;0;0;0;0;0;0;0;0;1;0;6006889;0;9206;0;0;0;9207;0;0;0;0;0;0;0;225;0;2;0;0;0;0;0;0;2;0;0;0;824791;0;0;0;0;0;0;0;15;9;0;0;0;0;0;0;821472;0;1;0;0;46522;0;0;2;0;0;0;0;0;0;0;0;0;0;0;0;0;0;2305386;0;0;0;0;0;0;0;0;61820;0;0;0;0;0;0;0;0;3;0;0;0;10;1
0;0;0;0;0;1;0;0;0;0;0;0;0;0;0;0;1;0;7007909;0;9206;0;0;0;9207;0;0;0;0;0;0;0;225;0;2;0;0;0;0;0;0;2;0;0;0;825042;0;0;0;0;0;0;0;15;9;0;0;0;0;0;0;821723;0;1;0;0;46522;0;0;2;0;0;0;0;0;0;0;0;0;0;0;0;0;0;2306579;0;0;0;0;0;0;0;0;61820;0;0;0;0;0;0;0;0;3;0;0;0;10;1
0;0;0;0;0;1;0;0;0;0;0;0;0;0;0;0;1;0;8008942;0;9206;0;0;0;9207;0;0;0;0;0;0;0;225;0;2;0;0;0;0;0;0;2;0;0;0;825294;0;0;0;0;0;0;0;15;9;0;0;0;0;0;0;821974;0;1;0;0;46527;0;0;2;0;0;0;0;0;0;0;0;0;0;0;0;0;0;2307771;0;0;0;0;0;0;0;0;61850;0;0;0;0;0;0;0;0;3;0;0;0;10;1
0;0;0;0;0;1;0;0;0;0;0;0;0;0;0;0;1;0;9009971;0;9206;0;0;0;9207;0;0;0;0;0;0;0;225;0;4;0;0;0;0;0;0;2;0;0;0;825547;0;0;0;0;0;0;0;15;9;0;0;0;0;0;0;822225;0;1;0;0;46530;0;0;3;0;0;0;0;0;0;0;0;0;0;0;0;0;0;2308965;0;0;0;0;0;0;0;0;61881;0;0;0;0;0;0;0;0;3;0;0;0;10;1
0;0;0;0;0;1;0;0;0;0;0;0;0;0;0;0;1;0;10010995;0;9206;0;0;0;9207;0;0;0;0;0;0;0;225;0;5;0;0;0;0;0;0;2;0;0;0;825797;0;0;0;0;0;0;0;15;9;0;0;0;0;0;0;822477;0;1;0;0;46530;0;0;4;0;0;0;0;0;0;0;0;0;0;0;0;0;0;2310160;0;0;0;0;0;0;0;0;61881;0;0;0;0;0;0;0;0;3;0;0;0;10;1
0;0;0;0;0;1;0;0;0;0;0;0;0;0;0;0;1;0;11012024;0;9206;0;0;0;9207;0;0;0;0;0;0;0;225;0;5;0;0;0;0;0;0;2;0;0;0;826049;0;0;0;0;0;0;0;15;9;0;0;0;0;0;0;822728;0;1;0;0;46530;0;0;5;0;0;0;0;0;0;0;0;0;0;0;0;0;0;2311353;0;0;0;0;0;0;0;0;61881;0;0;0;0;0;0;0;0;3;0;0;0;10;1
0;0;0;0;0;1;0;0;0;0;0;0;0;0;0;0;1;0;12013048;0;9206;0;0;0;9207;0;0;0;0;0;0;0;226;0;6;0;0;0;0;0;0;2;0;0;0;826301;0;0;0;0;0;0;0;15;9;0;0;0;0;0;0;822979;0;1;0;0;46530;0;0;5;0;0;0;0;0;0;0;0;0;0;0;0;0;0;2312545;0;0;0;0;0;0;0;0;61881;0;0;0;0;0;0;0;0;3;0;0;0;10;1
0;0;0;0;0;1;0;0;0;0;0;0;0;0;0;0;1;0;13014073;0;9206;0;0;0;9207;0;0;0;0;0;0;0;226;0;6;0;0;0;0;0;0;2;0;0;0;826552;0;0;0;0;0;0;0;15;9;0;0;0;0;0;0;823230;0;1;0;0;46530;0;0;6;0;0;0;0;0;0;0;0;0;0;0;0;0;0;2313738;0;0;0;0;0;0;0;0;61881;0;0;0;0;0;0;0;0;3;0;0;0;10;1
0;0;0;0;0;1;0;0;0;0;0;0;0;0;0;0;1;0;14015088;0;9206;0;0;0;9207;0;0;0;0;0;0;0;226;0;6;0;0;0;0;0;0;2;0;0;0;826803;0;0;0;0;0;0;0;15;9;0;0;0;0;0;0;823482;0;1;0;0;46530;0;0;6;0;0;0;0;0;0;0;0;0;0;0;0;0;0;2314930;0;0;0;0;0;0;0;0;61881;0;0;0;0;0;0;0;0;3;0;0;0;10;1
0;0;0;0;0;1;0;0;0;0;0;0;0;0;0;0;1;0;15016112;0;9206;0;0;0;9207;0;0;0;0;0;0;0;226;0;6;0;0;0;0;0;0;2;0;0;0;827054;0;0;0;0;0;0;0;15;9;0;0;0;0;0;0;823733;0;1;0;0;46530;0;0;6;0;0;0;0;0;0;0;0;0;0;0;0;0;0;2316122;0;0;0;0;0;0;0;0;61881;0;0;0;0;0;0;0;0;3;0;0;0;10;1
0;0;0;0;0;1;0;0;0;0;0;0;0;0;0;0;1;0;16017132;0;9206;0;0;0;9207;0;0;0;0;0;0;0;226;0;6;0;0;0;0;0;0;2;0;0;0;827306;0;0;0;0;0;0;0;15;9;0;0;0;0;0;0;823984;0;1;0;0;46530;0;0;6;0;0;0;0;0;0;0;0;0;0;0;0;0;0;2317314;0;0;0;0;0;0;0;0;61881;0;0;0;0;0;0;0;0;3;0;0;0;10;1
0;0;0;0;0;1;0;0;0;0;0;0;0;0;0;0;1;0;17018153;0;9206;0;0;0;9207;0;0;0;0;0;0;0;226;0;6;0;0;0;0;0;0;2;0;0;0;827557;0;0;0;0;0;0;0;15;9;0;0;0;0;0;0;824235;0;1;0;0;46530;0;0;6;0;0;0;0;0;0;0;0;0;0;0;0;0;0;2318508;0;0;0;0;0;0;0;0;61881;0;0;0;0;0;0;0;0;3;0;0;0;10;1
0;0;0;0;0;1;0;0;0;0;0;0;0;0;0;0;1;0;18019178;0;9206;0;0;0;9207;0;0;0;0;0;0;0;226;0;6;0;0;0;0;0;0;2;0;0;0;827808;0;0;0;0;0;0;0;15;9;0;0;0;0;0;0;824487;0;1;0;0;46530;0;0;6;0;0;0;0;0;0;0;0;0;0;0;0;0;0;2319699;0;0;0;0;0;0;0;0;61881;0;0;0;0;0;0;0;0;3;0;0;0;10;1
0;0;0;0;0;1;0;0;0;0;0;0;0;0;0;0;1;0;19020206;0;9206;0;0;0;9207;0;0;0;0;0;0;0;226;0;6;0;0;0;0;0;0;2;0;0;0;828059;0;0;0;0;0;0;0;15;9;0;0;0;0;0;0;824738;0;1;0;0;46530;0;0;6;0;0;0;0;0;0;0;0;0;0;0;0;0;0;2320891;0;0;0;0;0;0;0;0;61881;0;0;0;0;0;0;0;0;3;0;0;0;10;1
0;0;0;0;0;1;0;0;0;0;0;0;0;0;0;0;1;0;20021227;0;9206;0;0;0;9207;0;0;0;0;0;0;0;226;0;6;0;0;0;0;0;0;2;0;0;0;828312;0;0;0;0;0;0;0;15;9;0;0;0;0;0;0;824989;0;1;0;0;46530;0;0;6;0;0;0;0;0;0;0;0;0;0;0;0;0;0;2322083;0;0;0;0;0;0;0;0;61881;0;0;0;0;0;0;0;0;3;0;0;0;10;1
0;0;0;0;0;1;0;0;0;0;0;0;0;0;0;0;1;0;21022255;0;9206;0;0;0;9207;0;0;0;0;0;0;0;226;0;6;0;0;0;0;0;0;2;0;0;0;828564;0;0;0;0;0;0;0;15;9;0;0;0;0;0;0;825240;0;1;0;0;46530;0;0;6;0;0;0;0;0;0;0;0;0;0;0;0;0;0;2323277;0;0;0;0;0;0;0;0;61881;0;0;0;0;0;0;0;0;3;0;0;0;10;1
0;0;0;0;0;1;0;0;0;0;0;0;0;0;0;0;1;0;22023274;0;9206;0;0;0;9207;0;0;0;0;0;0;0;226;0;6;0;0;0;0;0;0;2;0;0;0;828815;0;0;0;0;0;0;0;15;9;0;0;0;0;0;0;825492;0;1;0;0;46530;0;0;6;0;0;0;0;0;0;0;0;0;0;0;0;0;0;2324470;0;0;0;0;0;0;0;0;61881;0;0;0;0;0;0;0;0;3;0;0;0;10;1
0;0;0;0;0;1;0;0;0;0;0;0;0;0;0;0;1;0;23024295;0;9206;0;0;0;9207;0;0;0;0;0;0;0;226;0;6;0;0;0;0;0;0;2;0;0;0;829066;0;0;0;0;0;0;0;15;9;0;0;0;0;0;0;825743;0;1;0;0;46530;0;0;6;0;0;0;0;0;0;0;0;0;0;0;0;0;0;2325662;0;0;0;0;0;0;0;0;61881;0;0;0;0;0;0;0;0;3;0;0;0;10;1
0;0;0;0;0;1;0;0;0;0;0;0;0;0;0;0;1;0;24025331;0;9206;0;0;0;9207;0;0;0;0;0;0;0;226;0;6;0;0;0;0;0;0;2;0;0;0;829318;0;0;0;0;0;0;0;15;9;0;0;0;0;0;0;825994;0;1;0;0;46532;0;0;6;0;0;0;0;0;0;0;0;0;0;0;0;0;0;2326855;0;0;0;0;0;0;0;0;61883;0;0;0;0;0;0;0;0;3;0;0;0;10;1
0;0;0;0;0;1;0;0;0;0;0;0;0;0;0;0;1;0;25026358;0;9206;0;0;0;9207;0;0;0;0;0;0;0;226;0;6;0;0;0;0;0;0;2;0;0;0;829569;0;0;0;0;0;0;0;15;9;0;0;0;0;0;0;826246;0;1;0;0;46535;0;0;6;0;0;0;0;0;0;0;0;0;0;0;0;0;0;2328048;0;0;0;0;0;0;0;0;61914;0;0;0;0;0;0;0;0;3;0;0;0;10;1
0;0;0;0;0;1;0;0;0;0;0;0;0;0;0;0;1;0;26027372;0;9206;0;0;0;9207;0;0;0;0;0;0;0;226;0;6;0;0;0;0;0;0;2;0;0;0;829820;0;0;0;0;0;0;0;15;9;0;0;0;0;0;0;826497;0;1;0;0;46535;0;0;6;0;0;0;0;0;0;0;0;0;0;0;0;0;0;2329241;0;0;0;0;0;0;0;0;61914;0;0;0;0;0;0;0;0;3;0;0;0;10;1
0;0;0;0;0;1;0;0;0;0;0;0;0;0;0;0;1;0;27028398;0;9206;0;0;0;9207;0;0;0;0;0;0;0;226;0;6;0;0;0;0;0;0;2;0;0;0;830071;0;0;0;0;0;0;0;15;9;0;0;0;0;0;0;826748;0;1;0;0;46535;0;0;6;0;0;0;0;0;0;0;0;0;0;0;0;0;0;2330433;0;0;0;0;0;0;0;0;61914;0;0;0;0;0;0;0;0;3;0;0;0;10;1
0;0;0;0;0;1;0;0;0;0;0;0;0;0;0;0;1;0;28029416;0;9206;0;0;0;9207;0;0;0;0;0;0;0;226;0;6;0;0;0;0;0;0;2;0;0;0;830323;0;0;0;0;0;0;0;15;9;0;0;0;0;0;0;826999;0;1;0;0;46535;0;0;6;0;0;0;0;0;0;0;0;0;0;0;0;0;0;2331625;0;0;0;0;0;0;0;0;61914;0;0;0;0;0;0;0;0;3;0;0;0;10;1
0;0;0;0;0;1;0;0;0;0;0;0;0;0;0;0;1;0;29030458;0;9206;0;0;0;9207;0;0;0;0;0;0;0;226;0;6;0;0;0;0;0;0;2;0;0;0;830574;0;0;0;0;0;0;0;15;9;0;0;0;0;0;0;827251;0;1;0;0;46535;0;0;6;0;0;0;0;0;0;0;0;0;0;0;0;0;0;2332816;0;0;0;0;0;0;0;0;61914;0;0;0;0;0;0;0;0;3;0;0;0;10;1
0;0;0;0;0;1;0;0;0;0;0;0;0;0;0;0;1;0;30031481;0;9206;0;0;0;9207;0;0;0;0;0;0;0;226;0;6;0;0;0;0;0;0;2;0;0;0;830825;0;0;0;0;0;0;0;15;9;0;0;0;0;0;0;827502;0;1;0;0;46535;0;0;6;0;0;0;0;0;0;0;0;0;0;0;0;0;0;2334007;0;0;0;0;0;0;0;0;61914;0;0;0;0;0;0;0;0;3;0;0;0;10;1
0;0;0;0;0;1;0;0;0;0;0;0;0;0;0;0;1;0;31032505;0;9206;0;0;0;9207;0;0;0;0;0;0;0;226;0;6;0;0;0;0;0;0;2;0;0;0;831077;0;0;0;0;0;0;0;15;9;0;0;0;0;0;0;827753;0;1;0;0;46535;0;0;6;0;0;0;0;0;0;0;0;0;0;0;0;0;0;2335199;0;0;0;0;0;0;0;0;61914;0;0;0;0;0;0;0;0;3;0;0;0;10;1
0;0;0;0;0;1;0;0;0;0;0;0;0;0;0;0;1;0;32033540;0;9206;0;0;0;9207;0;0;0;0;0;0;0;226;0;6;0;0;0;0;0;0;2;0;0;0;831329;0;0;0;0;0;0;0;15;9;0;0;0;0;0;0;828004;0;1;0;0;46537;0;0;6;0;0;0;0;0;0;0;0;0;0;0;0;0;0;2336391;0;0;0;0;0;0;0;0;61914;0;0;0;0;0;0;0;0;3;0;0;0;10;1
0;0;0;0;0;1;0;0;0;0;0;0;0;0;0;0;1;0;33034570;0;9206;0;0;0;9207;0;0;0;0;0;0;0;226;0;6;0;0;0;0;0;0;2;0;0;0;831580;0;0;0;0;0;0;0;15;9;0;0;0;0;0;0;828256;0;1;0;0;46537;0;0;6;0;0;0;0;0;0;0;0;0;0;0;0;0;0;2337583;0;0;0;0;0;0;0;0;61916;0;0;0;0;0;0;0;0;3;0;0;0;10;1
0;0;0;0;0;1;0;0;0;0;0;0;0;0;0;0;1;0;34035595;0;9206;0;0;0;9207;0;0;0;0;0;0;0;226;0;6;0;0;0;0;0;0;2;0;0;0;831831;0;0;0;0;0;0;0;15;9;0;0;0;0;0;0;828507;0;1;0;0;46540;0;0;6;0;0;0;0;0;0;0;0;0;0;0;0;0;0;2338777;0;0;0;0;0;0;0;0;61946;0;0;0;0;0;0;0;0;3;0;0;0;10;1
0;0;0;0;0;1;0;0;0;0;0;0;0;0;0;0;1;0;35036607;0;9206;0;0;0;9207;0;0;0;0;0;0;0;226;0;6;0;0;0;0;0;0;2;0;0;0;832082;0;0;0;0;0;0;0;15;9;0;0;0;0;0;0;828758;0;1;0;0;46540;0;0;6;0;0;0;0;0;0;0;0;0;0;0;0;0;0;2339968;0;0;0;0;0;0;0;0;61946;0;0;0;0;0;0;0;0;3;0;0;0;10;1
0;0;0;0;0;1;0;0;0;0;0;0;0;0;0;0;1;0;36037634;0;9206;0;0;0;9207;0;0;0;0;0;0;0;226;0;6;0;0;0;0;0;0;2;0;0;0;832334;0;0;0;0;0;0;0;15;9;0;0;0;0;0;0;829009;0;1;0;0;46540;0;0;6;0;0;0;0;0;0;0;0;0;0;0;0;0;0;2341159;0;0;0;0;0;0;0;0;61946;0;0;0;0;0;0;0;0;3;0;0;0;10;1
0;0;0;0;0;1;0;0;0;0;0;0;0;0;0;0;1;0;37038652;0;9206;0;0;0;9207;0;0;0;0;0;0;0;226;0;6;0;0;0;0;0;0;2;0;0;0;832585;0;0;0;0;0;0;0;15;9;0;0;0;0;0;0;829261;0;1;0;0;46540;0;0;6;0;0;0;0;0;0;0;0;0;0;0;0;0;0;2342350;0;0;0;0;0;0;0;0;61946;0;0;0;0;0;0;0;0;3;0;0;0;10;1
0;0;0;0;0;1;0;0;0;0;0;0;0;0;0;0;1;0;38039670;0;9206;0;0;0;9207;0;0;0;0;0;0;0;226;0;6;0;0;0;0;0;0;2;0;0;0;832835;0;0;0;0;0;0;0;15;9;0;0;0;0;0;0;829512;0;1;0;0;46540;0;0;6;0;0;0;0;0;0;0;0;0;0;0;0;0;0;2343544;0;0;0;0;0;0;0;0;61946;0;0;0;0;0;0;0;0;3;0;0;0;10;1
0;0;0;0;0;1;0;0;0;0;0;0;0;0;0;0;1;0;39040696;0;9206;0;0;0;9207;0;0;0;0;0;0;0;226;0;6;0;0;0;0;0;0;2;0;0;0;833086;0;0;0;0;0;0;0;15;9;0;0;0;0;0;0;829763;0;1;0;0;46540;0;0;6;0;0;0;0;0;0;0;0;0;0;0;0;0;0;2344737;0;0;0;0;0;0;0;0;61946;0;0;0;0;0;0;0;0;3;0;0;0;10;1
0;0;0;0;0;1;0;0;0;0;0;0;0;0;0;0;1;0;40041714;0;9206;0;0;0;9207;0;0;0;0;0;0;0;226;0;6;0;0;0;0;0;0;2;0;0;0;833338;0;0;0;0;0;0;0;15;9;0;0;0;0;0;0;830014;0;1;0;0;46540;0;0;6;0;0;0;0;0;0;0;0;0;0;0;0;0;0;2345930;0;0;0;0;0;0;0;0;61946;0;0;0;0;0;0;0;0;3;0;0;0;10;1
0;0;0;0;0;1;0;0;0;0;0;0;0;0;0;0;1;0;41042740;0;9206;0;0;0;9207;0;0;0;0;0;0;0;226;0;6;0;0;0;0;0;0;2;0;0;0;833590;0;0;0;0;0;0;0;15;9;0;0;0;0;0;0;830266;0;1;0;0;46540;0;0;6;0;0;0;0;0;0;0;0;0;0;0;0;0;0;2347118;0;0;0;0;0;0;0;0;61946;0;0;0;0;0;0;0;0;3;0;0;0;10;1
0;0;0;0;0;1;0;0;0;0;0;0;0;0;0;0;1;0;42043771;0;9206;0;0;0;9207;0;0;0;0;0;0;0;226;0;6;0;0;0;0;0;0;2;0;0;0;833843;0;0;0;0;0;0;0;15;9;0;0;0;0;0;0;830517;0;1;0;0;46542;0;0;6;0;0;0;0;0;0;0;0;0;0;0;0;0;0;2348245;0;0;0;0;0;0;0;0;61946;0;0;0;0;0;0;0;0;3;0;0;0;10;1
0;0;0;0;0;1;0;0;0;0;0;0;0;0;0;0;1;0;43044790;0;9206;0;0;0;9207;0;0;0;0;0;0;0;226;0;6;0;0;0;0;0;0;2;0;0;0;834096;0;0;0;0;0;0;0;15;9;0;0;0;0;0;0;830768;0;1;0;0;46542;0;0;6;0;0;0;0;0;0;0;0;0;0;0;0;0;0;2349370;0;0;0;0;0;0;0;0;61946;0;0;0;0;0;0;0;0;3;0;0;0;10;1
0;0;0;0;0;1;0;0;0;0;0;0;0;0;0;0;1;0;44045810;0;9206;0;0;0;9207;0;0;0;0;0;0;0;226;0;6;0;0;0;0;0;0;2;0;0;0;834348;0;0;0;0;0;0;0;15;9;0;0;0;0;0;0;831019;0;1;0;0;46542;0;0;6;0;0;0;0;0;0;0;0;0;0;0;0;0;0;2350498;0;0;0;0;0;0;0;0;61946;0;0;0;0;0;0;0;0;3;0;0;0;10;1
0;0;0;0;0;1;0;0;0;0;0;0;0;0;0;0;1;0;45046835;0;9206;0;0;0;9207;0;0;0;0;0;0;0;226;0;6;0;0;0;0;0;0;2;0;0;0;834599;0;0;0;0;0;0;0;15;9;0;0;0;0;0;0;831271;0;1;0;0;46542;0;0;6;0;0;0;0;0;0;0;0;0;0;0;0;0;0;2351623;0;0;0;0;0;0;0;0;61946;0;0;0;0;0;0;0;0;3;0;0;0;10;1
0;0;0;0;0;1;0;0;0;0;0;0;0;0;0;0;1;0;46047851;0;9206;0;0;0;9207;0;0;0;0;0;0;0;226;0;6;0;0;0;0;0;0;2;0;0;0;834850;0;0;0;0;0;0;0;15;9;0;0;0;0;0;0;831522;0;1;0;0;46542;0;0;6;0;0;0;0;0;0;0;0;0;0;0;0;0;0;2352750;0;0;0;0;0;0;0;0;61946;0;0;0;0;0;0;0;0;3;0;0;0;10;1
0;0;0;0;0;1;0;0;0;0;0;0;0;0;0;0;1;0;47048872;0;9206;0;0;0;9207;0;0;0;0;0;0;0;226;0;6;0;0;0;0;0;0;2;0;0;0;835101;0;0;0;0;0;0;0;15;9;0;0;0;0;0;0;831773;0;1;0;0;46542;0;0;6;0;0;0;0;0;0;0;0;0;0;0;0;0;0;2353875;0;0;0;0;0;0;0;0;61946;0;0;0;0;0;0;0;0;3;0;0;0;10;1
0;0;0;0;0;1;0;0;0;0;0;0;0;0;0;0;1;0;48049901;0;9206;0;0;0;9207;0;0;0;0;0;0;0;226;0;6;0;0;0;0;0;0;2;0;0;0;835353;0;0;0;0;0;0;0;15;9;0;0;0;0;0;0;832024;0;1;0;0;46542;0;0;6;0;0;0;0;0;0;0;0;0;0;0;0;0;0;2355002;0;0;0;0;0;0;0;0;61946;0;0;0;0;0;0;0;0;3;0;0;0;10;1
0;0;0;0;0;1;0;0;0;0;0;0;0;0;0;0;1;0;49050918;0;9206;0;0;0;9207;0;0;0;0;0;0;0;226;0;6;0;0;0;0;0;0;2;0;0;0;835604;0;0;0;0;0;0;0;15;9;0;0;0;0;0;0;832276;0;1;0;0;46542;0;0;6;0;0;0;0;0;0;0;0;0;0;0;0;0;0;2356128;0;0;0;0;0;0;0;0;61946;0;0;0;0;0;0;0;0;3;0;0;0;10;1
0;0;0;0;0;1;0;0;0;0;0;0;0;0;0;0;1;0;50051942;0;9206;0;0;0;9207;0;0;0;0;0;0;0;226;0;6;0;0;0;0;0;0;2;0;0;0;835855;0;0;0;0;0;0;0;15;9;0;0;0;0;0;0;832527;0;1;0;0;46542;0;0;6;0;0;0;0;0;0;0;0;0;0;0;0;0;0;2357254;0;0;0;0;0;0;0;0;61946;0;0;0;0;0;0;0;0;3;0;0;0;10;1
0;0;0;0;0;1;0;0;0;0;0;0;0;0;0;0;1;0;51052972;0;9206;0;0;0;9207;0;0;0;0;0;0;0;226;0;6;0;0;0;0;0;0;2;0;0;0;836107;0;0;0;0;0;0;0;15;9;0;0;0;0;0;0;832778;0;1;0;0;46542;0;0;6;0;0;0;0;0;0;0;0;0;0;0;0;0;0;2358380;0;0;0;0;0;0;0;0;61946;0;0;0;0;0;0;0;0;3;0;0;0;10;1
0;0;0;0;0;1;0;0;0;0;0;0;0;0;0;0;1;0;52054001;0;9206;0;0;0;9207;0;0;0;0;0;0;0;226;0;6;0;0;0;0;0;0;2;0;0;0;836360;0;0;0;0;0;0;0;15;9;0;0;0;0;0;0;833029;0;1;0;0;46543;0;0;6;0;0;0;0;0;0;0;0;0;0;0;0;0;0;2359507;0;0;0;0;0;0;0;0;61946;0;0;0;0;0;0;0;0;3;0;0;0;10;1
0;0;0;0;0;1;0;0;0;0;0;0;0;0;0;0;1;0;53055015;0;9206;0;0;0;9207;0;0;0;0;0;0;0;226;0;6;0;0;0;0;0;0;2;0;0;0;836612;0;0;0;0;0;0;0;15;9;0;0;0;0;0;0;833281;0;1;0;0;46543;0;0;6;0;0;0;0;0;0;0;0;0;0;0;0;0;0;2360633;0;0;0;0;0;0;0;0;61946;0;0;0;0;0;0;0;0;3;0;0;0;10;1
0;0;0;0;0;1;0;0;0;0;0;0;0;0;0;0;1;0;54056038;0;9206;0;0;0;9207;0;0;0;0;0;0;0;226;0;6;0;0;0;0;0;0;2;0;0;0;836863;0;0;0;0;0;0;0;15;9;0;0;0;0;0;0;833532;0;1;0;0;46543;0;0;6;0;0;0;0;0;0;0;0;0;0;0;0;0;0;2361758;0;0;0;0;0;0;0;0;61946;0;0;0;0;0;0;0;0;3;0;0;0;10;1
0;0;0;0;0;1;0;0;0;0;0;0;0;0;0;0;1;0;55057059;0;9206;0;0;0;9207;0;0;0;0;0;0;0;226;0;6;0;0;0;0;0;0;2;0;0;0;837115;0;0;0;0;0;0;0;15;9;0;0;0;0;0;0;833783;0;1;0;0;46543;0;0;6;0;0;0;0;0;0;0;0;0;0;0;0;0;0;2362885;0;0;0;0;0;0;0;0;61946;0;0;0;0;0;0;0;0;3;0;0;0;10;1
0;0;0;0;0;1;0;0;0;0;0;0;0;0;0;0;1;0;56058080;0;9206;0;0;0;9207;0;0;0;0;0;0;0;226;0;6;0;0;0;0;0;0;2;0;0;0;837367;0;0;0;0;0;0;0;15;9;0;0;0;0;0;0;834034;0;1;0;0;46543;0;0;6;0;0;0;0;0;0;0;0;0;0;0;0;0;0;2364011;0;0;0;0;0;0;0;0;61946;0;0;0;0;0;0;0;0;3;0;0;0;10;1
0;0;0;0;0;1;0;0;0;0;0;0;0;0;0;0;1;0;57059105;0;9206;0;0;0;9207;0;0;0;0;0;0;0;226;0;6;0;0;0;0;0;0;2;0;0;0;837618;0;0;0;0;0;0;0;15;9;0;0;0;0;0;0;834286;0;1;0;0;46543;0;0;6;0;0;0;0;0;0;0;0;0;0;0;0;0;0;2365137;0;0;0;0;0;0;0;0;61946;0;0;0;0;0;0;0;0;3;0;0;0;10;1
0;0;0;0;0;1;0;0;0;0;0;0;0;0;0;0;1;0;58060123;0;9206;0;0;0;9207;0;0;0;0;0;0;0;226;0;6;0;0;0;0;0;0;2;0;0;0;837869;0;0;0;0;0;0;0;15;9;0;0;0;0;0;0;834537;0;1;0;0;46543;0;0;6;0;0;0;0;0;0;0;0;0;0;0;0;0;0;2366263;0;0;0;0;0;0;0;0;61946;0;0;0;0;0;0;0;0;3;0;0;0;10;1
0;0;0;0;0;1;0;0;0;0;0;0;0;0;0;0;1;0;59061144;0;9206;0;0;0;9207;0;0;0;0;0;0;0;226;0;6;0;0;0;0;0;0;2;0;0;0;838121;0;0;0;0;0;0;0;15;9;0;0;0;0;0;0;834788;0;1;0;0;46543;0;0;6;0;0;0;0;0;0;0;0;0;0;0;0;0;0;2367389;0;0;0;0;0;0;0;0;61946;0;0;0;0;0;0;0;0;3;0;0;0;10;1
0;0;0;0;0;1;0;0;0;0;0;0;0;0;0;0;1;0;60062171;0;9206;0;0;0;9207;0;0;0;0;0;0;0;226;0;6;0;0;0;0;0;0;2;0;0;0;838372;0;0;0;0;0;0;0;15;9;0;0;0;0;0;0;835039;0;1;0;0;46543;0;0;6;0;0;0;0;0;0;0;0;0;0;0;0;0;0;2368516;0;0;0;0;0;0;0;0;61946;0;0;0;0;0;0;0;0;3;0;0;0;10;1
0;0;0;0;0;1;0;0;0;0;0;0;0;0;0;0;1;0;61063195;0;9206;0;0;0;9207;0;0;0;0;0;0;0;226;0;6;0;0;0;0;0;0;2;0;0;0;838624;0;0;0;0;0;0;0;15;9;0;0;0;0;0;0;835291;0;1;0;0;46543;0;0;6;0;0;0;0;0;0;0;0;0;0;0;0;0;0;2369642;0;0;0;0;0;0;0;0;61946;0;0;0;0;0;0;0;0;3;0;0;0;10;1
0;0;0;0;0;1;0;0;0;0;0;0;0;0;0;0;1;0;62064214;0;9206;0;0;0;9207;0;0;0;0;0;0;0;226;0;6;0;0;0;0;0;0;2;0;0;0;838875;0;0;0;0;0;0;0;15;9;0;0;0;0;0;0;835542;0;1;0;0;46543;0;0;6;0;0;0;0;0;0;0;0;0;0;0;0;0;0;2370768;0;0;0;0;0;0;0;0;61946;0;0;0;0;0;0;0;0;3;0;0;0;10;1
0;0;0;0;0;1;0;0;0;0;0;0;0;0;0;0;1;0;63065246;0;9206;0;0;0;9207;0;0;0;0;0;0;0;226;0;6;0;0;0;0;0;0;2;0;0;0;839129;0;0;0;0;0;0;0;15;9;0;0;0;0;0;0;835793;0;1;0;0;46543;0;0;6;0;0;0;0;0;0;0;0;0;0;0;0;0;0;2371895;0;0;0;0;0;0;0;0;61946;0;0;0;0;0;0;0;0;3;0;0;0;10;1
0;0;0;0;0;1;0;0;0;0;0;0;0;0;0;0;1;0;64066261;0;9206;0;0;0;9207;0;0;0;0;0;0;0;226;0;6;0;0;0;0;0;0;2;0;0;0;839380;0;0;0;0;0;0;0;15;9;0;0;0;0;0;0;836044;0;1;0;0;46543;0;0;6;0;0;0;0;0;0;0;0;0;0;0;0;0;0;2373021;0;0;0;0;0;0;0;0;61946;0;0;0;0;0;0;0;0;3;0;0;0;10;1
0;0;0;0;0;1;0;0;0;0;0;0;0;0;0;0;1;0;65067282;0;9206;0;0;0;9207;0;0;0;0;0;0;0;226;0;6;0;0;0;0;0;0;2;0;0;0;839631;0;0;0;0;0;0;0;15;9;0;0;0;0;0;0;836296;0;1;0;0;46543;0;0;6;0;0;0;0;0;0;0;0;0;0;0;0;0;0;2374147;0;0;0;0;0;0;0;0;61946;0;0;0;0;0;0;0;0;3;0;0;0;10;1
0;0;0;0;0;1;0;0;0;0;0;0;0;0;0;0;1;0;66068309;0;9206;0;0;0;9207;0;0;0;0;0;0;0;226;0;6;0;0;0;0;0;0;2;0;0;0;839882;0;0;0;0;0;0;0;15;9;0;0;0;0;0;0;836547;0;1;0;0;46543;0;0;6;0;0;0;0;0;0;0;0;0;0;0;0;0;0;2375273;0;0;0;0;0;0;0;0;61946;0;0;0;0;0;0;0;0;3;0;0;0;10;1
0;0;0;0;0;1;0;0;0;0;0;0;0;0;0;0;1;0;67069327;0;9206;0;0;0;9207;0;0;0;0;0;0;0;226;0;6;0;0;0;0;0;0;2;0;0;0;840134;0;0;0;0;0;0;0;15;9;0;0;0;0;0;0;836798;0;1;0;0;46543;0;0;6;0;0;0;0;0;0;0;0;0;0;0;0;0;0;2376399;0;0;0;0;0;0;0;0;61946;0;0;0;0;0;0;0;0;3;0;0;0;10;1
0;0;0;0;0;1;0;0;0;0;0;0;0;0;0;0;1;0;68070347;0;9206;0;0;0;9207;0;0;0;0;0;0;0;226;0;6;0;0;0;0;0;0;2;0;0;0;840385;0;0;0;0;0;0;0;15;9;0;0;0;0;0;0;837049;0;1;0;0;46543;0;0;6;0;0;0;0;0;0;0;0;0;0;0;0;0;0;2377526;0;0;0;0;0;0;0;0;61946;0;0;0;0;0;0;0;0;3;0;0;0;10;1
0;0;0;0;0;1;0;0;0;0;0;0;0;0;0;0;1;0;69071371;0;9206;0;0;0;9207;0;0;0;0;0;0;0;226;0;6;0;0;0;0;0;0;2;0;0;0;840636;0;0;0;0;0;0;0;15;9;0;0;0;0;0;0;837301;0;1;0;0;46543;0;0;6;0;0;0;0;0;0;0;0;0;0;0;0;0;0;2378652;0;0;0;0;0;0;0;0;61946;0;0;0;0;0;0;0;0;3;0;0;0;10;1
0;0;0;0;0;1;0;0;0;0;0;0;0;0;0;0;1;0;70072390;0;9206;0;0;0;9207;0;0;0;0;0;0;0;226;0;6;0;0;0;0;0;0;2;0;0;0;840887;0;0;0;0;0;0;0;15;9;0;0;0;0;0;0;837552;0;1;0;0;46543;0;0;6;0;0;0;0;0;0;0;0;0;0;0;0;0;0;2379778;0;0;0;0;0;0;0;0;61946;0;0;0;0;0;0;0;0;3;0;0;0;10;1
0;0;0;0;0;1;0;0;0;0;0;0;0;0;0;0;1;0;71073416;0;9206;0;0;0;9207;0;0;0;0;0;0;0;226;0;6;0;0;0;0;0;0;2;0;0;0;841140;0;0;0;0;0;0;0;15;9;0;0;0;0;0;0;837803;0;1;0;0;46543;0;0;6;0;0;0;0;0;0;0;0;0;0;0;0;0;0;2380937;0;0;0;0;0;0;0;0;61946;0;0;0;0;0;0;0;0;3;0;0;0;10;1
0;0;0;0;0;1;0;0;0;0;0;0;0;0;0;0;1;0;72074457;0;9206;0;0;0;9207;0;0;0;0;0;0;0;226;0;6;0;0;0;0;0;0;2;0;0;0;841391;0;0;0;0;0;0;0;15;9;0;0;0;0;0;0;838055;0;1;0;0;46543;0;0;6;0;0;0;0;0;0;0;0;0;0;0;0;0;0;2382130;0;0;0;0;0;0;0;0;61946;0;0;0;0;0;0;0;0;3;0;0;0;10;1
0;0;0;0;0;1;0;0;0;0;0;0;0;0;0;0;1;0;73075473;0;9206;0;0;0;9207;0;0;0;0;0;0;0;226;0;6;0;0;0;0;0;0;2;0;0;0;841642;0;0;0;0;0;0;0;15;9;0;0;0;0;0;0;838306;0;1;0;0;46543;0;0;6;0;0;0;0;0;0;0;0;0;0;0;0;0;0;2383322;0;0;0;0;0;0;0;0;61946;0;0;0;0;0;0;0;0;3;0;0;0;10;1
0;0;0;0;0;1;0;0;0;0;0;0;0;0;0;0;1;0;74076492;0;9206;0;0;0;9207;0;0;0;0;0;0;0;226;0;6;0;0;0;0;0;0;2;0;0;0;841893;0;0;0;0;0;0;0;15;9;0;0;0;0;0;0;838557;0;1;0;0;46543;0;0;6;0;0;0;0;0;0;0;0;0;0;0;0;0;0;2384515;0;0;0;0;0;0;0;0;61946;0;0;0;0;0;0;0;0;3;0;0;0;10;1
0;0;0;0;0;1;0;0;0;0;0;0;0;0;0;0;1;0;75077527;0;9206;0;0;0;9207;0;0;0;0;0;0;0;226;0;7;0;0;0;0;0;0;2;0;0;0;842145;0;0;0;0;0;0;0;15;9;0;0;0;0;0;0;838808;0;1;0;0;46543;0;0;7;0;0;0;0;0;0;0;0;0;0;0;0;0;0;2385706;0;0;0;0;0;0;0;0;61946;0;0;0;0;0;0;0;0;3;0;0;0;10;1
0;0;0;0;0;1;0;0;0;0;0;0;0;0;0;0;1;0;76078554;0;9206;0;0;0;9207;0;0;0;0;0;0;0;226;0;8;0;0;0;0;0;0;2;0;0;0;842395;0;0;0;0;0;0;0;15;9;0;0;0;0;0;0;839060;0;1;0;0;46543;0;0;8;0;0;0;0;0;0;0;0;0;0;0;0;0;0;2386899;0;0;0;0;0;0;0;0;61946;0;0;0;0;0;0;0;0;3;0;0;0;10;1
0;0;0;0;0;1;0;0;0;0;0;0;0;0;0;0;1;0;77079583;0;9206;0;0;0;9207;0;0;0;0;0;0;0;226;0;8;0;0;0;0;0;0;2;0;0;0;842646;0;0;0;0;0;0;0;15;9;0;0;0;0;0;0;839311;0;1;0;0;46545;0;0;8;0;0;0;0;0;0;0;0;0;0;0;0;0;0;2388090;0;0;0;0;0;0;0;0;61948;0;0;0;0;0;0;0;0;3;0;0;0;10;1
0;0;0;0;0;1;0;0;0;0;0;0;0;0;0;0;1;0;78080611;0;9206;0;0;0;9207;0;0;0;0;0;0;0;226;0;8;0;0;0;0;0;0;2;0;0;0;842898;0;0;0;0;0;0;0;15;9;0;0;0;0;0;0;839562;0;1;0;0;46545;0;0;8;0;0;0;0;0;0;0;0;0;0;0;0;0;0;2389282;0;0;0;0;0;0;0;0;61953;0;0;0;0;0;0;0;0;3;0;0;0;10;1
0;0;0;0;0;1;0;0;0;0;0;0;0;0;0;0;1;0;79081635;0;9206;0;0;0;9207;0;0;0;0;;0;0;228;0;;0;0;0;0;0;0;2;0;0;0;843147;0;0;0;0;0;0;0;15;9;0;;0;0;0;0;839813;0;1;0;0;46562;0;;;0;0;0;0;0;0;0;0;0;0;0;0;0;0;2389917;0;0;0;0;0;0;0;0;61992;0;0;0;;0;0;0;0;3;0;0;0;10;1
