38_IR-PCI-MSI_1576960-edge_ioat-msix_CPU1;RTR_APIC_ICR_read_retries_CPU2;86_IR-PCI-MSI_2097155-edge_eno7-TxRx-3_CPU2;9_IR-IO-APIC_9-fasteoi_acpi_CPU3;92_IR-PCI-MSI_2099202-edge_eno8-TxRx-2_CPU0;91_IR-PCI-MSI_2099201-edge_eno8-TxRx-1_CPU2;26_IR-PCI-MSI_3670016-edge_eno1_CPU2;75_IR-PCI-MSI_2097153-edge_eno7-TxRx-1_CPU3;86_IR-PCI-MSI_2097155-edge_eno7-TxRx-3_CPU3;61_IR-PCI-MSI_524291-edge_nvme0q3_CPU0;HRE_Hyper-V_reenlightenment_interrupts_CPU2;61_IR-PCI-MSI_524291-edge_nvme0q3_CPU3;59_IR-PCI-MSI_524289-edge_nvme0q1_CPU1;PMI_Performance_monitoring_interrupts_CPU2;92_IR-PCI-MSI_2099202-edge_eno8-TxRx-2_CPU1;NPI_Nested_posted-interrupt_event_CPU2;74_IR-PCI-MSI_2097152-edge_eno7-TxRx-0_CPU3;28_IR-PCI-MSI_3670018-edge_eno1-TxRx-1_CPU3;18_IR-IO-APIC_18-fasteoi_ehci_hcd:usb2,_ehci_hcd:usb4,_i801_smbus_CPU3;90_IR-PCI-MSI_2099200-edge_eno8-TxRx-0_CPU3;HYP_Hypervisor_callback_interrupts_CPU2;72_IR-PCI-MSI_2359296-edge_vfio-msix[0](0000:04:10.0)_CPU0;THR_Threshold_APIC_interrupts_CPU3;32_IR-PCI-MSI_327680-edge_xhci_hcd_CPU3;87_IR-PCI-MSI_2097156-edge_eno7_CPU2;72_IR-PCI-MSI_2359296-edge_vfio-msix[0](0000:04:10.0)_CPU3;HRE_Hyper-V_reenlightenment_interrupts_CPU3;93_IR-PCI-MSI_2099203-edge_eno8-TxRx-3_CPU0;24_DMAR-MSI_0-edge_dmar0_CPU0;59_IR-PCI-MSI_524289-edge_nvme0q1_CPU2;CAL_Function_call_interrupts_CPU2;SPU_Spurious_interrupts_CPU3;75_IR-PCI-MSI_2097153-edge_eno7-TxRx-1_CPU2;73_IR-PCI-MSI_2361344-edge_vfio-msix[0](0000:04:10.1)_CPU1;IWI_IRQ_work_interrupts_CPU2;DFR_Deferred_Error_APIC_interrupts_CPU2;RTR_APIC_ICR_read_retries_CPU0;31_IR-PCI-MSI_1574912-edge_ioat-msix_CPU2;HVS_Hyper-V_stimer0_interrupts_CPU3;PMI_Performance_monitoring_interrupts_CPU1;39_IR-PCI-MSI_524288-edge_nvme0q0_CPU2;87_IR-PCI-MSI_2097156-edge_eno7_CPU1;25_IR-PCI-MSI_1572864-edge_ioat-msix_CPU2;29_IR-PCI-MSI_3670019-edge_eno1-TxRx-2_CPU1;MCE_Machine_check_exceptions_CPU1;87_IR-PCI-MSI_2097156-edge_eno7_CPU3;9_IR-IO-APIC_9-fasteoi_acpi_CPU1;74_IR-PCI-MSI_2097152-edge_eno7-TxRx-0_CPU2;PMI_Performance_monitoring_interrupts_CPU0;39_IR-PCI-MSI_524288-edge_nvme0q0_CPU0;38_IR-PCI-MSI_1576960-edge_ioat-msix_CPU2;TRM_Thermal_event_interrupts_CPU0;27_IR-PCI-MSI_3670017-edge_eno1-TxRx-0_CPU1;TLB_TLB_shootdowns_CPU2;DFR_Deferred_Error_APIC_interrupts_CPU0;59_IR-PCI-MSI_524289-edge_nvme0q1_CPU0;30_IR-PCI-MSI_3670020-edge_eno1-TxRx-3_CPU2;9_IR-IO-APIC_9-fasteoi_acpi_CPU2;73_IR-PCI-MSI_2361344-edge_vfio-msix[0](0000:04:10.1)_CPU3;39_IR-PCI-MSI_524288-edge_nvme0q0_CPU1;PIN_Posted-interrupt_notification_event_CPU3;HYP_Hypervisor_callback_interrupts_CPU1;94_IR-PCI-MSI_2099204-edge_eno8_CPU0;25_IR-PCI-MSI_1572864-edge_ioat-msix_CPU3;MCP_Machine_check_polls_CPU1;76_IR-PCI-MSI_2097154-edge_eno7-TxRx-2_CPU3;73_IR-PCI-MSI_2361344-edge_vfio-msix[0](0000:04:10.1)_CPU2;60_IR-PCI-MSI_524290-edge_nvme0q2_CPU0;76_IR-PCI-MSI_2097154-edge_eno7-TxRx-2_CPU0;LOC_Local_timer_interrupts_CPU3;HRE_Hyper-V_reenlightenment_interrupts_CPU1;18_IR-IO-APIC_18-fasteoi_ehci_hcd:usb2,_ehci_hcd:usb4,_i801_smbus_CPU0;MCP_Machine_check_polls_CPU3;91_IR-PCI-MSI_2099201-edge_eno8-TxRx-1_CPU3;LOC_Local_timer_interrupts_CPU1;93_IR-PCI-MSI_2099203-edge_eno8-TxRx-3_CPU1;HYP_Hypervisor_callback_interrupts_CPU3;31_IR-PCI-MSI_1574912-edge_ioat-msix_CPU1;58_IR-PCI-MSI_1579008-edge_ioat-msix_CPU0;27_IR-PCI-MSI_3670017-edge_eno1-TxRx-0_CPU3;PIW_Posted-interrupt_wakeup_event_CPU0;RES_Rescheduling_interrupts_CPU2;PMI_Performance_monitoring_interrupts_CPU3;39_IR-PCI-MSI_524288-edge_nvme0q0_CPU3;25_IR-PCI-MSI_1572864-edge_ioat-msix_CPU1;RTR_APIC_ICR_read_retries_CPU1;27_IR-PCI-MSI_3670017-edge_eno1-TxRx-0_CPU2;58_IR-PCI-MSI_1579008-edge_ioat-msix_CPU3;91_IR-PCI-MSI_2099201-edge_eno8-TxRx-1_CPU0;NPI_Nested_posted-interrupt_event_CPU3;62_IR-PCI-MSI_524292-edge_nvme0q4_CPU2;LOC_Local_timer_interrupts_CPU2;NPI_Nested_posted-interrupt_event_CPU0;59_IR-PCI-MSI_524289-edge_nvme0q1_CPU3;NMI_Non-maskable_interrupts_CPU0;TLB_TLB_shootdowns_CPU0;IWI_IRQ_work_interrupts_CPU1;8_IR-IO-APIC_8-edge_rtc0_CPU2;NMI_Non-maskable_interrupts_CPU1;94_IR-PCI-MSI_2099204-edge_eno8_CPU3;26_IR-PCI-MSI_3670016-edge_eno1_CPU0;72_IR-PCI-MSI_2359296-edge_vfio-msix[0](0000:04:10.0)_CPU2;91_IR-PCI-MSI_2099201-edge_eno8-TxRx-1_CPU1;18_IR-IO-APIC_18-fasteoi_ehci_hcd:usb2,_ehci_hcd:usb4,_i801_smbus_CPU2;60_IR-PCI-MSI_524290-edge_nvme0q2_CPU3;HRE_Hyper-V_reenlightenment_interrupts_CPU0;26_IR-PCI-MSI_3670016-edge_eno1_CPU1;28_IR-PCI-MSI_3670018-edge_eno1-TxRx-1_CPU2;92_IR-PCI-MSI_2099202-edge_eno8-TxRx-2_CPU2;32_IR-PCI-MSI_327680-edge_xhci_hcd_CPU1;87_IR-PCI-MSI_2097156-edge_eno7_CPU0;MCP_Machine_check_polls_CPU0;28_IR-PCI-MSI_3670018-edge_eno1-TxRx-1_CPU1;MCE_Machine_check_exceptions_CPU3;TLB_TLB_shootdowns_CPU3;86_IR-PCI-MSI_2097155-edge_eno7-TxRx-3_CPU0;25_IR-PCI-MSI_1572864-edge_ioat-msix_CPU0;29_IR-PCI-MSI_3670019-edge_eno1-TxRx-2_CPU0;76_IR-PCI-MSI_2097154-edge_eno7-TxRx-2_CPU1;58_IR-PCI-MSI_1579008-edge_ioat-msix_CPU2;29_IR-PCI-MSI_3670019-edge_eno1-TxRx-2_CPU2;31_IR-PCI-MSI_1574912-edge_ioat-msix_CPU0;29_IR-PCI-MSI_3670019-edge_eno1-TxRx-2_CPU3;PIN_Posted-interrupt_notification_event_CPU2;28_IR-PCI-MSI_3670018-edge_eno1-TxRx-1_CPU0;NMI_Non-maskable_interrupts_CPU3;90_IR-PCI-MSI_2099200-edge_eno8-TxRx-0_CPU2;HVS_Hyper-V_stimer0_interrupts_CPU2;24_DMAR-MSI_0-edge_dmar0_CPU2;ERR_CPU0;61_IR-PCI-MSI_524291-edge_nvme0q3_CPU2;HVS_Hyper-V_stimer0_interrupts_CPU0;75_IR-PCI-MSI_2097153-edge_eno7-TxRx-1_CPU0;SPU_Spurious_interrupts_CPU1;PIW_Posted-interrupt_wakeup_event_CPU1;86_IR-PCI-MSI_2097155-edge_eno7-TxRx-3_CPU1;TRM_Thermal_event_interrupts_CPU2;RES_Rescheduling_interrupts_CPU0;MCE_Machine_check_exceptions_CPU0;62_IR-PCI-MSI_524292-edge_nvme0q4_CPU3;30_IR-PCI-MSI_3670020-edge_eno1-TxRx-3_CPU3;TLB_TLB_shootdowns_CPU1;DFR_Deferred_Error_APIC_interrupts_CPU1;94_IR-PCI-MSI_2099204-edge_eno8_CPU1;76_IR-PCI-MSI_2097154-edge_eno7-TxRx-2_CPU2;90_IR-PCI-MSI_2099200-edge_eno8-TxRx-0_CPU0;93_IR-PCI-MSI_2099203-edge_eno8-TxRx-3_CPU3;CAL_Function_call_interrupts_CPU3;THR_Threshold_APIC_interrupts_CPU2;61_IR-PCI-MSI_524291-edge_nvme0q3_CPU1;62_IR-PCI-MSI_524292-edge_nvme0q4_CPU1;94_IR-PCI-MSI_2099204-edge_eno8_CPU2;PIW_Posted-interrupt_wakeup_event_CPU2;NPI_Nested_posted-interrupt_event_CPU1;73_IR-PCI-MSI_2361344-edge_vfio-msix[0](0000:04:10.1)_CPU0;SPU_Spurious_interrupts_CPU0;PIN_Posted-interrupt_notification_event_CPU1;THR_Threshold_APIC_interrupts_CPU1;90_IR-PCI-MSI_2099200-edge_eno8-TxRx-0_CPU1;8_IR-IO-APIC_8-edge_rtc0_CPU1;DFR_Deferred_Error_APIC_interrupts_CPU3;26_IR-PCI-MSI_3670016-edge_eno1_CPU3;75_IR-PCI-MSI_2097153-edge_eno7-TxRx-1_CPU1;38_IR-PCI-MSI_1576960-edge_ioat-msix_CPU3;NMI_Non-maskable_interrupts_CPU2;IWI_IRQ_work_interrupts_CPU0;MCE_Machine_check_exceptions_CPU2;MCP_Machine_check_polls_CPU2;RTR_APIC_ICR_read_retries_CPU3;74_IR-PCI-MSI_2097152-edge_eno7-TxRx-0_CPU0;32_IR-PCI-MSI_327680-edge_xhci_hcd_CPU2;72_IR-PCI-MSI_2359296-edge_vfio-msix[0](0000:04:10.0)_CPU1;60_IR-PCI-MSI_524290-edge_nvme0q2_CPU1;62_IR-PCI-MSI_524292-edge_nvme0q4_CPU0;CAL_Function_call_interrupts_CPU1;30_IR-PCI-MSI_3670020-edge_eno1-TxRx-3_CPU0;THR_Threshold_APIC_interrupts_CPU0;CAL_Function_call_interrupts_CPU0;MIS_CPU0;27_IR-PCI-MSI_3670017-edge_eno1-TxRx-0_CPU0;31_IR-PCI-MSI_1574912-edge_ioat-msix_CPU3;58_IR-PCI-MSI_1579008-edge_ioat-msix_CPU1;30_IR-PCI-MSI_3670020-edge_eno1-TxRx-3_CPU1;PIN_Posted-interrupt_notification_event_CPU0;PIW_Posted-interrupt_wakeup_event_CPU3;93_IR-PCI-MSI_2099203-edge_eno8-TxRx-3_CPU2;LOC_Local_timer_interrupts_CPU0;HYP_Hypervisor_callback_interrupts_CPU0;74_IR-PCI-MSI_2097152-edge_eno7-TxRx-0_CPU1;32_IR-PCI-MSI_327680-edge_xhci_hcd_CPU0;TRM_Thermal_event_interrupts_CPU1;92_IR-PCI-MSI_2099202-edge_eno8-TxRx-2_CPU3;TRM_Thermal_event_interrupts_CPU3;IWI_IRQ_work_interrupts_CPU3;RES_Rescheduling_interrupts_CPU1;18_IR-IO-APIC_18-fasteoi_ehci_hcd:usb2,_ehci_hcd:usb4,_i801_smbus_CPU1;24_DMAR-MSI_0-edge_dmar0_CPU1;8_IR-IO-APIC_8-edge_rtc0_CPU0;RES_Rescheduling_interrupts_CPU3;timestamp_us;SPU_Spurious_interrupts_CPU2;60_IR-PCI-MSI_524290-edge_nvme0q2_CPU2;9_IR-IO-APIC_9-fasteoi_acpi_CPU0;HVS_Hyper-V_stimer0_interrupts_CPU1;38_IR-PCI-MSI_1576960-edge_ioat-msix_CPU0;8_IR-IO-APIC_8-edge_rtc0_CPU3;24_DMAR-MSI_0-edge_dmar0_CPU3
0;0;0;0;924;0;0;0;0;0;0;0;0;0;0;0;0;0;0;0;0;;0;0;0;;0;924;0;0;12059;0;0;;153556;0;1;0;0;0;0;0;0;0;0;0;0;0;0;14;0;0;0;188;0;51;0;0;;0;24;0;76;0;1;0;;0;922;465122;0;31;1;0;466091;0;0;0;2;0;0;466;0;0;0;0;0;0;924;0;0;463309;0;0;0;0;153558;0;0;0;1;;0;0;0;0;0;0;0;0;75;1;0;0;188;922;2;7447;0;0;0;2;0;18;23389;0;0;0;0;0;0;0;922;0;0;0;0;7828;0;0;0;245;0;0;0;924;0;12052;0;0;0;0;0;0;;0;937;0;0;0;0;0;0;0;0;154508;0;1;0;922;0;;0;0;12024;78220;0;3;0;62546;0;0;0;0;0;0;475078;0;0;146;0;0;0;153556;1120;0;0;1;159;71;0;0;1;0;2;0;0
0;0;0;0;925;0;0;0;0;0;0;0;0;0;0;0;0;0;0;0;0;;0;0;0;;0;925;0;0;12059;0;0;;153639;0;1;0;0;0;0;0;0;0;0;0;0;0;0;14;0;0;0;188;0;51;0;0;;0;24;0;76;0;1;0;;0;922;465373;0;31;1;0;466343;0;0;0;2;0;0;466;0;0;0;0;0;0;925;0;0;463559;0;0;0;0;153641;0;0;0;1;;0;0;0;0;0;0;0;0;75;1;0;0;188;922;2;7448;0;0;0;2;0;18;23390;0;0;0;0;0;0;0;922;0;0;0;0;7828;0;0;0;245;0;0;0;925;0;12052;0;0;0;0;0;0;;0;937;0;0;0;0;0;0;0;0;154592;0;1;0;922;0;;0;0;12024;78221;0;3;0;62547;0;0;0;0;0;0;475333;0;0;146;0;0;0;153639;1120;0;0;1;159;1001932;0;0;1;0;2;0;0
0;0;0;0;925;0;0;0;0;0;0;0;0;0;0;0;0;0;0;0;0;;0;0;0;;0;925;0;0;12059;0;0;;153723;0;1;0;0;0;0;0;0;0;0;0;0;0;0;14;0;0;0;188;0;51;0;0;;0;24;0;76;0;1;0;;0;923;465625;0;31;1;0;466594;0;0;0;2;0;0;466;0;0;0;0;0;0;925;0;0;463810;0;0;0;0;153725;0;0;0;1;;0;0;0;0;0;0;0;0;75;1;0;0;188;923;2;7448;0;0;0;2;0;18;23390;0;0;0;0;0;0;0;923;0;0;0;0;7829;0;0;0;245;0;0;0;925;0;12052;0;0;0;0;0;0;;0;937;0;0;0;0;0;0;0;0;154675;0;1;0;923;0;;0;0;12024;78221;0;3;0;62547;0;0;0;0;0;0;475586;0;0;146;0;0;0;153723;1120;0;0;1;159;2002969;0;0;1;0;2;0;0
0;0;0;0;926;0;0;0;0;0;0;0;0;0;0;0;0;0;0;0;0;;0;0;0;;0;926;0;0;12059;0;0;;153806;0;1;0;0;0;0;0;0;0;0;0;0;0;0;14;0;0;0;188;0;51;0;0;;0;24;0;76;0;1;0;;0;923;465876;0;31;1;0;466845;0;0;0;2;0;0;467;0;0;0;0;0;0;926;0;0;464060;0;0;0;0;153808;0;0;0;1;;0;0;0;0;0;0;0;0;75;1;0;0;188;923;2;7449;0;0;0;2;0;18;23391;0;0;0;0;0;0;0;923;0;0;0;0;7859;0;0;0;245;0;0;0;926;0;12052;0;0;0;0;0;0;;0;937;0;0;0;0;0;0;0;0;154759;0;1;0;923;0;;0;0;12024;78225;0;3;0;62553;0;0;0;0;0;0;475838;0;0;146;0;0;0;153806;1121;0;0;1;161;3004004;0;0;1;0;2;0;0
0;0;0;0;926;0;0;0;0;0;0;0;0;0;0;0;0;0;0;0;0;0;0;0;0;0;0;926;0;0;12079;0;0;0;153890;0;1;0;0;0;0;0;0;0;0;0;0;0;0;14;0;0;0;208;0;51;0;0;0;0;24;0;80;0;1;0;0;0;924;466127;0;31;1;0;467096;0;0;0;2;0;0;467;0;0;0;0;0;0;926;0;0;464310;0;0;0;0;153891;0;0;0;1;0;0;0;0;0;0;0;0;0;79;1;0;0;208;924;2;7449;0;0;0;2;0;18;23391;0;0;0;0;0;0;0;924;0;0;0;0;7859;0;0;0;265;0;0;0;926;0;12072;0;0;0;0;0;0;0;0;937;0;0;0;0;0;0;0;0;154844;0;1;0;924;0;0;0;0;12044;78225;0;3;0;62553;0;0;0;0;0;0;476107;0;0;146;0;0;0;153890;1127;0;0;1;161;4005048;0;0;1;0;2;0;0
0;0;0;0;927;0;0;0;0;0;0;0;0;0;0;0;0;0;0;0;0;0;0;0;0;0;0;927;0;0;12079;0;0;0;153973;0;1;0;0;0;0;0;0;0;0;0;0;0;0;14;0;0;0;208;0;51;0;0;0;0;24;0;87;0;1;0;0;0;924;466378;0;31;1;0;467348;0;0;0;2;0;0;468;0;0;0;0;0;0;927;0;0;464561;0;0;0;0;153975;0;0;0;1;0;0;0;0;0;0;0;0;0;86;1;0;0;208;924;2;7450;0;0;0;2;0;18;23392;0;0;0;0;0;0;0;924;0;0;0;0;7859;0;0;0;265;0;0;0;927;0;12072;0;0;0;0;0;0;0;0;937;0;0;0;0;0;0;0;0;154927;0;1;0;924;0;0;0;0;12044;78226;0;3;0;62554;0;0;0;0;0;0;476360;0;0;146;0;0;0;153973;1131;0;0;1;161;5006091;0;0;1;0;2;0;0
0;0;0;0;927;0;0;0;0;0;0;0;0;0;0;0;0;0;0;0;0;0;0;0;0;0;0;927;0;0;12079;0;0;0;154057;0;1;0;0;0;0;0;0;0;0;0;0;0;0;14;0;0;0;208;0;51;0;0;0;0;24;0;87;0;1;0;0;0;925;466630;0;31;1;0;467599;0;0;0;2;0;0;468;0;0;0;0;0;0;927;0;0;464811;0;0;0;0;154058;0;0;0;1;0;0;0;0;0;0;0;0;0;86;1;0;0;208;925;2;7450;0;0;0;2;0;18;23392;0;0;0;0;0;0;0;925;0;0;0;0;7859;0;0;0;265;0;0;0;927;0;12072;0;0;0;0;0;0;0;0;937;0;0;0;0;0;0;0;0;155011;0;1;0;925;0;0;0;0;12044;78226;0;3;0;62554;0;0;0;0;0;0;476613;0;0;146;0;0;0;154057;1132;0;0;1;161;6007130;0;0;1;0;2;0;0
0;0;0;0;928;0;0;0;0;0;0;0;0;0;0;0;0;0;0;0;0;0;0;0;0;0;0;928;0;0;12079;0;0;0;154140;0;1;0;0;0;0;0;0;0;0;0;0;0;0;14;0;0;0;208;0;51;0;0;0;0;24;0;87;0;1;0;0;0;925;466881;0;31;1;0;467850;0;0;0;2;0;0;468;0;0;0;0;0;0;928;0;0;465061;0;0;0;0;154142;0;0;0;1;0;0;0;0;0;0;0;0;0;86;1;0;0;208;925;2;7451;0;0;0;2;0;18;23393;0;0;0;0;0;0;0;925;0;0;0;0;7859;0;0;0;265;0;0;0;928;0;12072;0;0;0;0;0;0;0;0;937;0;0;0;0;0;0;0;0;155094;0;1;0;925;0;0;0;0;12044;78227;0;3;0;62555;0;0;0;0;0;0;476867;0;0;146;0;0;0;154140;1132;0;0;1;161;7008153;0;0;1;0;2;0;0
0;0;0;0;928;0;0;0;0;0;0;0;0;0;0;0;0;0;0;0;0;0;0;0;0;0;0;928;0;0;12079;0;0;0;154223;0;1;0;0;0;0;0;0;0;0;0;0;0;0;14;0;0;0;208;0;51;0;0;0;0;24;0;87;0;1;0;0;0;926;467132;0;31;1;0;468101;0;0;0;2;0;0;468;0;0;0;0;0;0;928;0;0;465311;0;0;0;0;154225;0;0;0;1;0;0;0;0;0;0;0;0;0;86;1;0;0;208;926;2;7451;0;0;0;2;0;18;23398;0;0;0;0;0;0;0;926;0;0;0;0;7862;0;0;0;265;0;0;0;928;0;12072;0;0;0;0;0;0;0;0;938;0;0;0;0;0;0;0;0;155178;0;1;0;926;0;0;0;0;12044;78239;0;3;0;62560;0;0;0;0;0;0;477120;0;0;146;0;0;0;154223;1132;0;0;1;161;8009196;0;0;1;0;2;0;0
0;0;0;0;930;0;0;0;0;0;0;0;0;0;0;0;0;0;0;0;0;0;0;0;0;0;0;930;0;0;12079;0;0;0;154307;0;1;0;0;0;0;0;0;0;0;0;0;0;0;14;0;0;0;208;0;51;0;0;0;0;24;0;88;0;1;0;0;0;927;467383;0;31;1;0;468353;0;0;0;2;0;0;468;0;0;0;0;0;0;930;0;0;465562;0;0;0;0;154309;0;0;0;1;0;0;0;0;0;0;0;0;0;87;1;0;0;208;927;2;7457;0;0;0;2;0;18;23404;0;0;0;0;0;0;0;927;0;0;0;0;7894;0;0;0;265;0;0;0;930;0;12072;0;0;0;0;0;0;0;0;938;0;0;0;0;0;0;0;0;155260;0;1;0;927;0;0;0;0;12044;78248;0;3;0;62561;0;0;0;0;0;0;477373;0;0;146;0;0;0;154307;1132;0;0;1;161;9010230;0;0;1;0;2;0;0
0;0;0;0;930;0;0;0;0;0;0;0;0;0;0;0;0;0;0;0;0;0;0;0;0;0;0;930;0;0;12079;0;0;0;154390;0;1;0;0;0;0;0;0;0;0;0;0;0;0;14;0;0;0;208;0;51;0;0;0;0;24;0;88;0;1;0;0;0;929;467635;0;31;1;0;468604;0;0;0;2;0;0;468;0;0;0;0;0;0;930;0;0;465812;0;0;0;0;154392;0;0;0;1;0;0;0;0;0;0;0;0;0;88;1;0;0;208;929;2;7457;0;0;0;2;0;18;23404;0;0;0;0;0;0;0;929;0;0;0;0;7895;0;0;0;265;0;0;0;930;0;12072;0;0;0;0;0;0;0;0;938;0;0;0;0;0;0;0;0;155343;0;1;0;929;0;0;0;0;12044;78248;0;3;0;62561;0;0;0;0;0;0;477627;0;0;146;0;0;0;154390;1132;0;0;1;161;10011284;0;0;1;0;2;0;0
0;0;0;0;933;0;0;0;0;0;0;0;0;0;0;0;0;0;0;0;0;0;0;0;0;0;0;933;0;0;12079;0;0;0;154474;0;1;0;0;0;0;0;0;0;0;0;0;0;0;14;0;0;0;208;0;51;0;0;0;0;24;0;89;0;1;0;0;0;931;467886;0;31;1;0;468855;0;0;0;2;0;0;468;0;0;0;0;0;0;933;0;0;466062;0;0;0;0;154475;0;0;0;1;0;0;0;0;0;0;0;0;0;89;1;0;0;208;931;2;7458;0;0;0;2;0;18;23405;0;0;0;0;0;0;0;931;0;0;0;0;7897;0;0;0;265;0;0;0;933;0;12072;0;0;0;0;0;0;0;0;938;0;0;0;0;0;0;0;0;155426;0;1;0;931;0;0;0;0;12044;78249;0;3;0;62562;0;0;0;0;0;0;477881;0;0;146;0;0;0;154474;1132;0;0;1;161;11012310;0;0;1;0;2;0;0
0;0;0;0;933;0;0;0;0;0;0;0;0;0;0;0;0;0;0;0;0;0;0;0;0;0;0;933;0;0;12079;0;0;0;154557;0;1;0;0;0;0;0;0;0;0;0;0;0;0;14;0;0;0;208;0;51;0;0;0;0;24;0;89;0;1;0;0;0;931;468137;0;31;1;0;469106;0;0;0;2;0;0;468;0;0;0;0;0;0;933;0;0;466312;0;0;0;0;154559;0;0;0;1;0;0;0;0;0;0;0;0;0;89;1;0;0;208;931;2;7458;0;0;0;2;0;18;23405;0;0;0;0;0;0;0;931;0;0;0;0;7897;0;0;0;265;0;0;0;933;0;12072;0;0;0;0;0;0;0;0;938;0;0;0;0;0;0;0;0;155510;0;1;0;931;0;0;0;0;12044;78249;0;3;0;62562;0;0;0;0;0;0;478135;0;0;146;0;0;0;154557;1132;0;0;1;161;12013349;0;0;1;0;2;0;0
0;0;0;0;934;0;0;0;0;0;0;0;0;0;0;0;0;0;0;0;0;0;0;0;0;0;0;934;0;0;12079;0;0;0;154641;0;1;0;0;0;0;0;0;0;0;0;0;0;0;14;0;0;0;208;0;51;0;0;0;0;24;0;89;0;1;0;0;0;934;468388;0;31;1;0;469358;0;0;0;2;0;0;468;0;0;0;0;0;0;934;0;0;466563;0;0;0;0;154642;0;0;0;1;0;0;0;0;0;0;0;0;0;90;1;0;0;208;934;2;7459;0;0;0;2;0;18;23406;0;0;0;0;0;0;0;934;0;0;0;0;7898;0;0;0;265;0;0;0;934;0;12072;0;0;0;0;0;0;0;0;938;0;0;0;0;0;0;0;0;155593;0;1;0;934;0;0;0;0;12044;78250;0;3;0;62563;0;0;0;0;0;0;478389;0;0;146;0;0;0;154640;1132;0;0;1;161;13014381;0;0;1;0;2;0;0
0;0;0;0;934;0;0;0;0;0;0;0;0;0;0;0;0;0;0;0;0;0;0;0;0;0;0;934;0;0;12079;0;0;0;154724;0;1;0;0;0;0;0;0;0;0;0;0;0;0;14;0;0;0;208;0;51;0;0;0;0;24;0;89;0;1;0;0;0;934;468640;0;31;1;0;469609;0;0;0;2;0;0;468;0;0;0;0;0;0;934;0;0;466813;0;0;0;0;154726;0;0;0;1;0;0;0;0;0;0;0;0;0;90;1;0;0;208;934;2;7459;0;0;0;2;0;18;23406;0;0;0;0;0;0;0;934;0;0;0;0;7898;0;0;0;265;0;0;0;934;0;12072;0;0;0;0;0;0;0;0;938;0;0;0;0;0;0;0;0;155676;0;1;0;934;0;0;0;0;12044;78250;0;3;0;62563;0;0;0;0;0;0;478641;0;0;146;0;0;0;154724;1133;0;0;1;161;14015401;0;0;1;0;2;0;0
0;0;0;0;935;0;0;0;0;0;0;0;0;0;0;0;0;0;0;0;0;0;0;0;0;0;0;935;0;0;12079;0;0;0;154807;0;1;0;0;0;0;0;0;0;0;0;0;0;0;14;0;0;0;208;0;51;0;0;0;0;24;0;89;0;1;0;0;0;935;468891;0;31;1;0;469860;0;0;0;2;0;0;468;0;0;0;0;0;0;935;0;0;467063;0;0;0;0;154809;0;0;0;1;0;0;0;0;0;0;0;0;0;90;1;0;0;208;935;2;7460;0;0;0;2;0;18;23407;0;0;0;0;0;0;0;935;0;0;0;0;7898;0;0;0;265;0;0;0;935;0;12072;0;0;0;0;0;0;0;0;938;0;0;0;0;0;0;0;0;155760;0;1;0;935;0;0;0;0;12044;78251;0;3;0;62564;0;0;0;0;0;0;478893;0;0;146;0;0;0;154807;1133;0;0;1;161;15016427;0;0;1;0;2;0;0
0;0;0;0;935;0;0;0;0;0;0;0;0;0;0;0;0;0;0;0;0;0;0;0;0;0;0;935;0;0;12079;0;0;0;154891;0;1;0;0;0;0;0;0;0;0;0;0;0;0;14;0;0;0;208;0;51;0;0;0;0;24;0;89;0;1;0;0;0;935;469142;0;31;1;0;470112;0;0;0;2;0;0;468;0;0;0;0;0;0;935;0;0;467313;0;0;0;0;154893;0;0;0;1;0;0;0;0;0;0;0;0;0;90;1;0;0;208;935;2;7460;0;0;0;2;0;18;23407;0;0;0;0;0;0;0;935;0;0;0;0;7898;0;0;0;265;0;0;0;935;0;12072;0;0;0;0;0;0;0;0;938;0;0;0;0;0;0;0;0;155843;0;1;0;935;0;0;0;0;12044;78251;0;3;0;62564;0;0;0;0;0;0;479147;0;0;146;0;0;0;154891;1133;0;0;1;161;16017460;0;0;1;0;2;0;0
0;0;0;0;936;0;0;0;0;0;0;0;0;0;0;0;0;0;0;0;0;0;0;0;0;0;0;936;0;0;12079;0;0;0;154974;0;1;0;0;0;0;0;0;0;0;0;0;0;0;14;0;0;0;208;0;51;0;0;0;0;24;0;89;0;1;0;0;0;936;469394;0;31;1;0;470363;0;0;0;2;0;0;468;0;0;0;0;0;0;936;0;0;467564;0;0;0;0;154976;0;0;0;1;0;0;0;0;0;0;0;0;0;90;1;0;0;208;936;2;7461;0;0;0;2;0;18;23408;0;0;0;0;0;0;0;936;0;0;0;0;7898;0;0;0;265;0;0;0;936;0;12072;0;0;0;0;0;0;0;0;938;0;0;0;0;0;0;0;0;155927;0;1;0;936;0;0;0;0;12044;78252;0;3;0;62565;0;0;0;0;0;0;479399;0;0;146;0;0;0;154974;1133;0;0;1;161;17018484;0;0;1;0;2;0;0
0;0;0;0;936;0;0;0;0;0;0;0;0;0;0;0;0;0;0;0;0;0;0;0;0;0;0;936;0;0;12079;0;0;0;155058;0;1;0;0;0;0;0;0;0;0;0;0;0;0;14;0;0;0;208;0;51;0;0;0;0;24;0;89;0;1;0;0;0;936;469645;0;31;1;0;470614;0;0;0;2;0;0;468;0;0;0;0;0;0;936;0;0;467814;0;0;0;0;155059;0;0;0;1;0;0;0;0;0;0;0;0;0;90;1;0;0;208;936;2;7461;0;0;0;2;0;18;23408;0;0;0;0;0;0;0;936;0;0;0;0;7898;0;0;0;265;0;0;0;936;0;12072;0;0;0;0;0;0;0;0;938;0;0;0;0;0;0;0;0;156010;0;1;0;936;0;0;0;0;12044;78252;0;3;0;62565;0;0;0;0;0;0;479651;0;0;146;0;0;0;155058;1133;0;0;1;161;18019510;0;0;1;0;2;0;0
0;0;0;0;937;0;0;0;0;0;0;0;0;0;0;0;0;0;0;0;0;0;0;0;0;0;0;937;0;0;12079;0;0;0;155141;0;1;0;0;0;0;0;0;0;0;0;0;0;0;14;0;0;0;208;0;51;0;0;0;0;24;0;89;0;1;0;0;0;937;469896;0;31;1;0;470865;0;0;0;2;0;0;468;0;0;0;0;0;0;937;0;0;468064;0;0;0;0;155143;0;0;0;1;0;0;0;0;0;0;0;0;0;90;1;0;0;208;937;2;7462;0;0;0;2;0;18;23409;0;0;0;0;0;0;0;937;0;0;0;0;7898;0;0;0;265;0;0;0;937;0;12072;0;0;0;0;0;0;0;0;938;0;0;0;0;0;0;0;0;156094;0;1;0;937;0;0;0;0;12044;78254;0;3;0;62567;0;0;0;0;0;0;479906;0;0;146;0;0;0;155141;1133;0;0;1;161;19020561;0;0;1;0;2;0;0
0;0;0;0;937;0;0;0;0;0;0;0;0;0;0;0;0;0;0;0;0;0;0;0;0;0;0;937;0;0;12079;0;0;0;155224;0;1;0;0;0;0;0;0;0;0;0;0;0;0;14;0;0;0;208;0;51;0;0;0;0;24;0;89;0;1;0;0;0;937;470147;0;31;1;0;471117;0;0;0;2;0;0;468;0;0;0;0;0;0;937;0;0;468314;0;0;0;0;155226;0;0;0;1;0;0;0;0;0;0;0;0;0;90;1;0;0;208;937;2;7462;0;0;0;2;0;18;23409;0;0;0;0;0;0;0;937;0;0;0;0;7898;0;0;0;265;0;0;0;937;0;12072;0;0;0;0;0;0;0;0;938;0;0;0;0;0;0;0;0;156177;0;1;0;937;0;0;0;0;12044;78254;0;3;0;62567;0;0;0;0;0;0;480159;0;0;146;0;0;0;155224;1133;0;0;1;161;20021581;0;0;1;0;2;0;0
0;0;0;0;938;0;0;0;0;0;0;0;0;0;0;0;0;0;0;0;0;0;0;0;0;0;0;938;0;0;12079;0;0;0;155308;0;1;0;0;0;0;0;0;0;0;0;0;0;0;14;0;0;0;208;0;51;0;0;0;0;24;0;89;0;1;0;0;0;938;470399;0;31;1;0;471368;0;0;0;2;0;0;468;0;0;0;0;0;0;938;0;0;468565;0;0;0;0;155310;0;0;0;1;0;0;0;0;0;0;0;0;0;90;1;0;0;208;938;2;7463;0;0;0;2;0;18;23410;0;0;0;0;0;0;0;938;0;0;0;0;7898;0;0;0;265;0;0;0;938;0;12072;0;0;0;0;0;0;0;0;938;0;0;0;0;0;0;0;0;156261;0;1;0;938;0;0;0;0;12044;78255;0;3;0;62568;0;0;0;0;0;0;480412;0;0;146;0;0;0;155308;1134;0;0;1;161;21022612;0;0;1;0;2;0;0
0;0;0;0;938;0;0;0;0;0;0;0;0;0;0;0;0;0;0;0;0;0;0;0;0;0;0;938;0;0;12079;0;0;0;155391;0;1;0;0;0;0;0;0;0;0;0;0;0;0;14;0;0;0;208;0;51;0;0;0;0;24;0;89;0;1;0;0;0;938;470650;0;31;1;0;471619;0;0;0;2;0;0;468;0;0;0;0;0;0;938;0;0;468815;0;0;0;0;155393;0;0;0;1;0;0;0;0;0;0;0;0;0;90;1;0;0;208;938;2;7463;0;0;0;2;0;18;23410;0;0;0;0;0;0;0;938;0;0;0;0;7898;0;0;0;265;0;0;0;938;0;12072;0;0;0;0;0;0;0;0;938;0;0;0;0;0;0;0;0;156344;0;1;0;938;0;0;0;0;12044;78255;0;3;0;62568;0;0;0;0;0;0;480665;0;0;146;0;0;0;155391;1134;0;0;1;161;22023641;0;0;1;0;2;0;0
0;0;0;0;939;0;0;0;0;0;0;0;0;0;0;0;0;0;0;0;0;0;0;0;0;0;0;939;0;0;12079;0;0;0;155475;0;1;0;0;0;0;0;0;0;0;0;0;0;0;14;0;0;0;208;0;51;0;0;0;0;24;0;89;0;1;0;0;0;939;470901;0;31;1;0;471870;0;0;0;2;0;0;468;0;0;0;0;0;0;939;0;0;469065;0;0;0;0;155476;0;0;0;1;0;0;0;0;0;0;0;0;0;90;1;0;0;208;939;2;7464;0;0;0;2;0;18;23411;0;0;0;0;0;0;0;939;0;0;0;0;7898;0;0;0;265;0;0;0;939;0;12072;0;0;0;0;0;0;0;0;938;0;0;0;0;0;0;0;0;156428;0;1;0;939;0;0;0;0;12044;78256;0;3;0;62569;0;0;0;0;0;0;480917;0;0;146;0;0;0;155475;1134;0;0;1;161;23024677;0;0;1;0;2;0;0
0;0;0;0;939;0;0;0;0;0;0;0;0;0;0;0;0;0;0;0;0;0;0;0;0;0;0;939;0;0;12079;0;0;0;155558;0;1;0;0;0;0;0;0;0;0;0;0;0;0;14;0;0;0;208;0;51;0;0;0;0;24;0;89;0;1;0;0;0;939;471152;0;31;1;0;472122;0;0;0;2;0;0;468;0;0;0;0;0;0;939;0;0;469315;0;0;0;0;155560;0;0;0;1;0;0;0;0;0;0;0;0;0;90;1;0;0;208;939;2;7466;0;0;0;2;0;18;23415;0;0;0;0;0;0;0;939;0;0;0;0;7900;0;0;0;265;0;0;0;939;0;12072;0;0;0;0;0;0;0;0;938;0;0;0;0;0;0;0;0;156511;0;1;0;939;0;0;0;0;12044;78261;0;3;0;62569;0;0;0;0;0;0;481170;0;0;146;0;0;0;155558;1134;0;0;1;161;24025716;0;0;1;0;2;0;0
0;0;0;0;940;0;0;0;0;0;0;0;0;0;0;0;0;0;0;0;0;0;0;0;0;0;0;940;0;0;12079;0;0;0;155642;0;1;0;0;0;0;0;0;0;0;0;0;0;0;14;0;0;0;208;0;51;0;0;0;0;24;0;89;0;1;0;0;0;940;471404;0;31;1;0;472373;0;0;0;2;0;0;468;0;0;0;0;0;0;940;0;0;469566;0;0;0;0;155643;0;0;0;1;0;0;0;0;0;0;0;0;0;90;1;0;0;208;940;2;7477;0;0;0;2;0;18;23419;0;0;0;0;0;0;0;940;0;0;0;0;7931;0;0;0;265;0;0;0;940;0;12072;0;0;0;0;0;0;0;0;938;0;0;0;0;0;0;0;0;156595;0;1;0;940;0;0;0;0;12044;78262;0;3;0;62573;0;0;0;0;0;0;481424;0;0;146;0;0;0;155642;1134;0;0;1;161;25026748;0;0;1;0;2;0;0
0;0;0;0;940;0;0;0;0;0;0;0;0;0;0;0;0;0;0;0;0;0;0;0;0;0;0;940;0;0;12079;0;0;0;155725;0;1;0;0;0;0;0;0;0;0;0;0;0;0;14;0;0;0;208;0;51;0;0;0;0;24;0;89;0;1;0;0;0;940;471655;0;31;1;0;472624;0;0;0;2;0;0;468;0;0;0;0;0;0;940;0;0;469816;0;0;0;0;155727;0;0;0;1;0;0;0;0;0;0;0;0;0;90;1;0;0;208;940;2;7477;0;0;0;2;0;18;23419;0;0;0;0;0;0;0;940;0;0;0;0;7931;0;0;0;265;0;0;0;940;0;12072;0;0;0;0;0;0;0;0;938;0;0;0;0;0;0;0;0;156678;0;1;0;940;0;0;0;0;12044;78262;0;3;0;62573;0;0;0;0;0;0;481676;0;0;146;0;0;0;155725;1134;0;0;1;161;26027769;0;0;1;0;2;0;0
0;0;0;0;941;0;0;0;0;0;0;0;0;0;0;0;0;0;0;0;0;0;0;0;0;0;0;941;0;0;12079;0;0;0;155808;0;1;0;0;0;0;0;0;0;0;0;0;0;0;14;0;0;0;208;0;51;0;0;0;0;24;0;89;0;1;0;0;0;941;471906;0;31;1;0;472874;0;0;0;2;0;0;468;0;0;0;0;0;0;941;0;0;470066;0;0;0;0;155810;0;0;0;1;0;0;0;0;0;0;0;0;0;90;1;0;0;208;941;2;7478;0;0;0;2;0;18;23420;0;0;0;0;0;0;0;941;0;0;0;0;7931;0;0;0;265;0;0;0;941;0;12072;0;0;0;0;0;0;0;0;938;0;0;0;0;0;0;0;0;156762;0;1;0;941;0;0;0;0;12044;78263;0;3;0;62574;0;0;0;0;0;0;481928;0;0;146;0;0;0;155808;1134;0;0;1;161;27028805;0;0;1;0;2;0;0
0;0;0;0;941;0;0;0;0;0;0;0;0;0;0;0;0;0;0;0;0;0;0;0;0;0;0;941;0;0;12079;0;0;0;155892;0;1;0;0;0;0;0;0;0;0;0;0;0;0;14;0;0;0;208;0;51;0;0;0;0;24;0;89;0;1;0;0;0;941;472157;0;31;1;0;473126;0;0;0;2;0;0;468;0;0;0;0;0;0;941;0;0;470316;0;0;0;0;155894;0;0;0;1;0;0;0;0;0;0;0;0;0;90;1;0;0;208;941;2;7478;0;0;0;2;0;18;23420;0;0;0;0;0;0;0;941;0;0;0;0;7931;0;0;0;265;0;0;0;941;0;12072;0;0;0;0;0;0;0;0;938;0;0;0;0;0;0;0;0;156845;0;1;0;941;0;0;0;0;12044;78263;0;3;0;62574;0;0;0;0;0;0;482182;0;0;146;0;0;0;155892;1136;0;0;1;161;28029837;0;0;1;0;2;0;0
0;0;0;0;942;0;0;0;0;0;0;0;0;0;0;0;0;0;0;0;0;0;0;0;0;0;0;942;0;0;12079;0;0;0;155975;0;1;0;0;0;0;0;0;0;0;0;0;0;0;14;0;0;0;208;0;51;0;0;0;0;24;0;89;0;1;0;0;0;942;472409;0;31;1;0;473377;0;0;0;2;0;0;468;0;0;0;0;0;0;942;0;0;470567;0;0;0;0;155977;0;0;0;1;0;0;0;0;0;0;0;0;0;90;1;0;0;208;942;2;7479;0;0;0;2;0;18;23421;0;0;0;0;0;0;0;942;0;0;0;0;7931;0;0;0;265;0;0;0;942;0;12072;0;0;0;0;0;0;0;0;938;0;0;0;0;0;0;0;0;156928;0;1;0;942;0;0;0;0;12044;78264;0;3;0;62575;0;0;0;0;0;0;482435;0;0;146;0;0;0;155975;1136;0;0;1;161;29030891;0;0;1;0;2;0;0
0;0;0;0;942;0;0;0;0;0;0;0;0;0;0;0;0;0;0;0;0;0;0;0;0;0;0;942;0;0;12079;0;0;0;156059;0;1;0;0;0;0;0;0;0;0;0;0;0;0;14;0;0;0;208;0;51;0;0;0;0;24;0;89;0;1;0;0;0;942;472660;0;31;1;0;473628;0;0;0;2;0;0;468;0;0;0;0;0;0;942;0;0;470817;0;0;0;0;156060;0;0;0;1;0;0;0;0;0;0;0;0;0;90;1;0;0;208;942;2;7479;0;0;0;2;0;18;23421;0;0;0;0;0;0;0;942;0;0;0;0;7931;0;0;0;265;0;0;0;942;0;12072;0;0;0;0;0;0;0;0;938;0;0;0;0;0;0;0;0;157012;0;1;0;942;0;0;0;0;12044;78264;0;3;0;62575;0;0;0;0;0;0;482688;0;0;146;0;0;0;156059;1137;0;0;1;161;30031909;0;0;1;0;2;0;0
0;0;0;0;943;0;0;0;0;0;0;0;0;0;0;0;0;0;0;0;0;0;0;0;0;0;0;943;0;0;12079;0;0;0;156142;0;1;0;0;0;0;0;0;0;0;0;0;0;0;14;0;0;0;208;0;51;0;0;0;0;24;0;89;0;1;0;0;0;943;472911;0;31;1;0;473879;0;0;0;2;0;0;468;0;0;0;0;0;0;943;0;0;471067;0;0;0;0;156144;0;0;0;1;0;0;0;0;0;0;0;0;0;90;1;0;0;208;943;2;7480;0;0;0;2;0;18;23422;0;0;0;0;0;0;0;943;0;0;0;0;7931;0;0;0;265;0;0;0;943;0;12072;0;0;0;0;0;0;0;0;938;0;0;0;0;0;0;0;0;157096;0;1;0;943;0;0;0;0;12044;78265;0;3;0;62576;0;0;0;0;0;0;482943;0;0;146;0;0;0;156142;1137;0;0;1;161;31032949;0;0;1;0;2;0;0
0;0;0;0;943;0;0;0;0;0;0;0;0;0;0;0;0;0;0;0;0;0;0;0;0;0;0;943;0;0;12079;0;0;0;156226;0;1;0;0;0;0;0;0;0;0;0;0;0;0;14;0;0;0;208;0;51;0;0;0;0;24;0;89;0;1;0;0;0;943;473162;0;31;1;0;474131;0;0;0;2;0;0;468;0;0;0;0;0;0;943;0;0;471318;0;0;0;0;156227;0;0;0;1;0;0;0;0;0;0;0;0;0;90;1;0;0;208;943;2;7489;0;0;0;2;0;18;23424;0;0;0;0;0;0;0;943;0;0;0;0;7933;0;0;0;265;0;0;0;943;0;12072;0;0;0;0;0;0;0;0;938;0;0;0;0;0;0;0;0;157179;0;1;0;943;0;0;0;0;12044;78265;0;3;0;62578;0;0;0;0;0;0;483195;0;0;146;0;0;0;156225;1138;0;0;1;161;32034002;0;0;1;0;2;0;0
0;0;0;0;944;0;0;0;0;0;0;0;0;0;0;0;0;0;0;0;0;0;0;0;0;0;0;944;0;0;12079;0;0;0;156309;0;1;0;0;0;0;0;0;0;0;0;0;0;0;14;0;0;0;208;0;51;0;0;0;0;24;0;89;0;1;0;0;0;944;473413;0;31;1;0;474382;0;0;0;2;0;0;468;0;0;0;0;0;0;944;0;0;471568;0;0;0;0;156311;0;0;0;1;0;0;0;0;0;0;0;0;0;90;1;0;0;208;944;2;7490;0;0;0;2;0;18;23425;0;0;0;0;0;0;0;944;0;0;0;0;7939;0;0;0;265;0;0;0;944;0;12072;0;0;0;0;0;0;0;0;938;0;0;0;0;0;0;0;0;157262;0;1;0;944;0;0;0;0;12044;78266;0;3;0;62579;0;0;0;0;0;0;483448;0;0;146;0;0;0;156309;1138;0;0;1;161;33035011;0;0;1;0;2;0;0
0;0;0;0;944;0;0;0;0;0;0;0;0;0;0;0;0;0;0;0;0;0;0;0;0;0;0;944;0;0;12079;0;0;0;156392;0;1;0;0;0;0;0;0;0;0;0;0;0;0;14;0;0;0;208;0;51;0;0;0;0;24;0;89;0;1;0;0;0;944;473665;0;31;1;0;474633;0;0;0;2;0;0;468;0;0;0;0;0;0;944;0;0;471818;0;0;0;0;156394;0;0;0;1;0;0;0;0;0;0;0;0;0;90;1;0;0;208;944;2;7501;0;0;0;2;0;18;23428;0;0;0;0;0;0;0;944;0;0;0;0;7965;0;0;0;265;0;0;0;944;0;12072;0;0;0;0;0;0;0;0;938;0;0;0;0;0;0;0;0;157346;0;1;0;944;0;0;0;0;12044;78266;0;3;0;62579;0;0;0;0;0;0;483701;0;0;146;0;0;0;156392;1138;0;0;1;161;34036060;0;0;1;0;2;0;0
0;0;0;0;945;0;0;0;0;0;0;0;0;0;0;0;0;0;0;0;0;0;0;0;0;0;0;945;0;0;12079;0;0;0;156476;0;1;0;0;0;0;0;0;0;0;0;0;0;0;14;0;0;0;208;0;51;0;0;0;0;24;0;89;0;1;0;0;0;945;473916;0;31;1;0;474884;0;0;0;2;0;0;468;0;0;0;0;0;0;945;0;0;472068;0;0;0;0;156477;0;0;0;1;0;0;0;0;0;0;0;0;0;90;1;0;0;208;945;2;7502;0;0;0;2;0;18;23429;0;0;0;0;0;0;0;945;0;0;0;0;7965;0;0;0;265;0;0;0;945;0;12072;0;0;0;0;0;0;0;0;938;0;0;0;0;0;0;0;0;157430;0;1;0;945;0;0;0;0;12044;78267;0;3;0;62580;0;0;0;0;0;0;483955;0;0;146;0;0;0;156476;1138;0;0;1;161;35037089;0;0;1;0;2;0;0
0;0;0;0;945;0;0;0;0;0;0;0;0;0;0;0;0;0;0;0;0;0;0;0;0;0;0;945;0;0;12079;0;0;0;156559;0;1;0;0;0;0;0;0;0;0;0;0;0;0;14;0;0;0;208;0;51;0;0;0;0;24;0;89;0;1;0;0;0;945;474167;0;31;1;0;475136;0;0;0;2;0;0;468;0;0;0;0;0;0;945;0;0;472319;0;0;0;0;156561;0;0;0;1;0;0;0;0;0;0;0;0;0;90;1;0;0;208;945;2;7502;0;0;0;2;0;18;23429;0;0;0;0;0;0;0;945;0;0;0;0;7965;0;0;0;265;0;0;0;945;0;12072;0;0;0;0;0;0;0;0;938;0;0;0;0;0;0;0;0;157513;0;1;0;945;0;0;0;0;12044;78267;0;3;0;62580;0;0;0;0;0;0;484207;0;0;146;0;0;0;156559;1138;0;0;1;161;36038115;0;0;1;0;2;0;0
0;0;0;0;946;0;0;0;0;0;0;0;0;0;0;0;0;0;0;0;0;0;0;0;0;0;0;946;0;0;12079;0;0;0;156643;0;1;0;0;0;0;0;0;0;0;0;0;0;0;14;0;0;0;208;0;51;0;0;0;0;24;0;89;0;1;0;0;0;946;474419;0;31;1;0;475387;0;0;0;2;0;0;468;0;0;0;0;0;0;946;0;0;472569;0;0;0;0;156644;0;0;0;1;0;0;0;0;0;0;0;0;0;90;1;0;0;208;946;2;7503;0;0;0;2;0;18;23430;0;0;0;0;0;0;0;946;0;0;0;0;7965;0;0;0;265;0;0;0;946;0;12072;0;0;0;0;0;0;0;0;938;0;0;0;0;0;0;0;0;157596;0;1;0;946;0;0;0;0;12044;78268;0;3;0;62581;0;0;0;0;0;0;484460;0;0;146;0;0;0;156643;1138;0;0;1;161;37039148;0;0;1;0;2;0;0
0;0;0;0;946;0;0;0;0;0;0;0;0;0;0;0;0;0;0;0;0;0;0;0;0;0;0;946;0;0;12079;0;0;0;156726;0;1;0;0;0;0;0;0;0;0;0;0;0;0;14;0;0;0;208;0;51;0;0;0;0;24;0;89;0;1;0;0;0;946;474670;0;31;1;0;475638;0;0;0;2;0;0;468;0;0;0;0;0;0;946;0;0;472819;0;0;0;0;156728;0;0;0;1;0;0;0;0;0;0;0;0;0;90;1;0;0;208;946;2;7503;0;0;0;2;0;18;23430;0;0;0;0;0;0;0;946;0;0;0;0;7965;0;0;0;265;0;0;0;946;0;12072;0;0;0;0;0;0;0;0;938;0;0;0;0;0;0;0;0;157680;0;1;0;946;0;0;0;0;12044;78268;0;3;0;62581;0;0;0;0;0;0;484712;0;0;146;0;0;0;156726;1138;0;0;1;161;38040170;0;0;1;0;2;0;0
0;0;0;0;947;0;0;0;0;0;0;0;0;0;0;0;0;0;0;0;0;0;0;0;0;0;0;947;0;0;12079;0;0;0;156809;0;1;0;0;0;0;0;0;0;0;0;0;0;0;14;0;0;0;208;0;51;0;0;0;0;24;0;89;0;1;0;0;0;947;474921;0;31;1;0;475889;0;0;0;2;0;0;468;0;0;0;0;0;0;947;0;0;473069;0;0;0;0;156811;0;0;0;1;0;0;0;0;0;0;0;0;0;90;1;0;0;208;947;2;7504;0;0;0;2;0;18;23431;0;0;0;0;0;0;0;947;0;0;0;0;7965;0;0;0;265;0;0;0;947;0;12072;0;0;0;0;0;0;0;0;938;0;0;0;0;0;0;0;0;157763;0;1;0;947;0;0;0;0;12044;78269;0;3;0;62582;0;0;0;0;0;0;484965;0;0;146;0;0;0;156809;1143;0;0;1;161;39041200;0;0;1;0;2;0;0
0;0;0;0;947;0;0;0;0;0;0;0;0;0;0;0;0;0;0;0;0;0;0;0;0;0;0;947;0;0;12079;0;0;0;156893;0;1;0;0;0;0;0;0;0;0;0;0;0;0;14;0;0;0;208;0;51;0;0;0;0;24;0;89;0;1;0;0;0;947;475172;0;31;1;0;476141;0;0;0;2;0;0;468;0;0;0;0;0;0;947;0;0;473320;0;0;0;0;156895;0;0;0;1;0;0;0;0;0;0;0;0;0;90;1;0;0;208;947;2;7504;0;0;0;2;0;18;23431;0;0;0;0;0;0;0;947;0;0;0;0;7965;0;0;0;265;0;0;0;947;0;12072;0;0;0;0;0;0;0;0;938;0;0;0;0;0;0;0;0;157847;0;1;0;947;0;0;0;0;12044;78269;0;3;0;62582;0;0;0;0;0;0;485218;0;0;146;0;0;0;156893;1143;0;0;1;161;40042235;0;0;1;0;2;0;0
0;0;0;0;948;0;0;0;0;0;0;0;0;0;0;0;0;0;0;0;0;0;0;0;0;0;0;948;0;0;12079;0;0;0;156976;0;1;0;0;0;0;0;0;0;0;0;0;0;0;14;0;0;0;208;0;51;0;0;0;0;24;0;89;0;1;0;0;0;948;475424;0;31;1;0;476392;0;0;0;2;0;0;468;0;0;0;0;0;0;948;0;0;473570;0;0;0;0;156978;0;0;0;1;0;0;0;0;0;0;0;0;0;90;1;0;0;208;948;2;7505;0;0;0;2;0;18;23432;0;0;0;0;0;0;0;948;0;0;0;0;7965;0;0;0;265;0;0;0;948;0;12072;0;0;0;0;0;0;0;0;938;0;0;0;0;0;0;0;0;157930;0;1;0;948;0;0;0;0;12044;78270;0;3;0;62583;0;0;0;0;0;0;485471;0;0;146;0;0;0;156976;1144;0;0;1;161;41043265;0;0;1;0;2;0;0
0;0;0;0;948;0;0;0;0;0;0;0;0;0;0;0;0;0;0;0;0;0;0;0;0;0;0;948;0;0;12079;0;0;0;157060;0;1;0;0;0;0;0;0;0;0;0;0;0;0;14;0;0;0;208;0;51;0;0;0;0;24;0;89;0;1;0;0;0;948;475675;0;31;1;0;476643;0;0;0;2;0;0;468;0;0;0;0;0;0;948;0;0;473820;0;0;0;0;157061;0;0;0;1;0;0;0;0;0;0;0;0;0;90;1;0;0;208;948;2;7505;0;0;0;2;0;18;23432;0;0;0;0;0;0;0;948;0;0;0;0;7965;0;0;0;265;0;0;0;948;0;12072;0;0;0;0;0;0;0;0;938;0;0;0;0;0;0;0;0;158014;0;1;0;948;0;0;0;0;12044;78270;0;3;0;62583;0;0;0;0;0;0;485723;0;0;146;0;0;0;157060;1144;0;0;1;161;42044298;0;0;1;0;2;0;0
0;0;0;0;949;0;0;0;0;0;0;0;0;0;0;0;0;0;0;0;0;0;0;0;0;0;0;949;0;0;12079;0;0;0;157143;0;1;0;0;0;0;0;0;0;0;0;0;0;0;14;0;0;0;208;0;51;0;0;0;0;24;0;89;0;1;0;0;0;949;475926;0;31;1;0;476894;0;0;0;2;0;0;468;0;0;0;0;0;0;949;0;0;474070;0;0;0;0;157145;0;0;0;1;0;0;0;0;0;0;0;0;0;90;1;0;0;208;949;2;7506;0;0;0;2;0;18;23433;0;0;0;0;0;0;0;949;0;0;0;0;7965;0;0;0;265;0;0;0;949;0;12072;0;0;0;0;0;0;0;0;938;0;0;0;0;0;0;0;0;158097;0;1;0;949;0;0;0;0;12044;78271;0;3;0;62584;0;0;0;0;0;0;485977;0;0;146;0;0;0;157143;1144;0;0;1;161;43045333;0;0;1;0;2;0;0
0;0;0;0;949;0;0;0;0;0;0;0;0;0;0;0;0;0;0;0;0;0;0;0;0;0;0;949;0;0;12079;0;0;0;157227;0;1;0;0;0;0;0;0;0;0;0;0;0;0;14;0;0;0;208;0;51;0;0;0;0;24;0;89;0;1;0;0;0;949;476177;0;31;1;0;477146;0;0;0;2;0;0;468;0;0;0;0;0;0;949;0;0;474321;0;0;0;0;157228;0;0;0;1;0;0;0;0;0;0;0;0;0;90;1;0;0;208;949;2;7506;0;0;0;2;0;18;23433;0;0;0;0;0;0;0;949;0;0;0;0;7965;0;0;0;265;0;0;0;949;0;12072;0;0;0;0;0;0;0;0;938;0;0;0;0;0;0;0;0;158180;0;1;0;949;0;0;0;0;12044;78271;0;3;0;62584;0;0;0;0;0;0;486229;0;0;146;0;0;0;157226;1144;0;0;1;161;44046354;0;0;1;0;2;0;0
0;0;0;0;950;0;0;0;0;0;0;0;0;0;0;0;0;0;0;0;0;0;0;0;0;0;0;950;0;0;12079;0;0;0;157310;0;1;0;0;0;0;0;0;0;0;0;0;0;0;14;0;0;0;208;0;51;0;0;0;0;24;0;89;0;1;0;0;0;950;476429;0;31;1;0;477397;0;0;0;2;0;0;468;0;0;0;0;0;0;950;0;0;474571;0;0;0;0;157312;0;0;0;1;0;0;0;0;0;0;0;0;0;90;1;0;0;208;950;2;7507;0;0;0;2;0;18;23434;0;0;0;0;0;0;0;950;0;0;0;0;7965;0;0;0;265;0;0;0;950;0;12072;0;0;0;0;0;0;0;0;938;0;0;0;0;0;0;0;0;158264;0;1;0;950;0;0;0;0;12044;78272;0;3;0;62585;0;0;0;0;0;0;486481;0;0;146;0;0;0;157310;1144;0;0;1;161;45047381;0;0;1;0;2;0;0
0;0;0;0;950;0;0;0;0;0;0;0;0;0;0;0;0;0;0;0;0;0;0;0;0;0;0;950;0;0;12079;0;0;0;157393;0;1;0;0;0;0;0;0;0;0;0;0;0;0;14;0;0;0;208;0;51;0;0;0;0;24;0;89;0;1;0;0;0;950;476680;0;31;1;0;477648;0;0;0;2;0;0;468;0;0;0;0;0;0;950;0;0;474821;0;0;0;0;157395;0;0;0;1;0;0;0;0;0;0;0;0;0;90;1;0;0;208;950;2;7507;0;0;0;2;0;18;23434;0;0;0;0;0;0;0;950;0;0;0;0;7965;0;0;0;265;0;0;0;950;0;12072;0;0;0;0;0;0;0;0;938;0;0;0;0;0;0;0;0;158347;0;1;0;950;0;0;0;0;12044;78272;0;3;0;62585;0;0;0;0;0;0;486734;0;0;146;0;0;0;157393;1144;0;0;1;161;46048413;0;0;1;0;2;0;0
0;0;0;0;951;0;0;0;0;0;0;0;0;0;0;0;0;0;0;0;0;0;0;0;0;0;0;951;0;0;12079;0;0;0;157477;0;1;0;0;0;0;0;0;0;0;0;0;0;0;14;0;0;0;208;0;51;0;0;0;0;24;0;89;0;1;0;0;0;951;476931;0;31;1;0;477900;0;0;0;2;0;0;468;0;0;0;0;0;0;951;0;0;475071;0;0;0;0;157479;0;0;0;1;0;0;0;0;0;0;0;0;0;90;1;0;0;208;951;2;7508;0;0;0;2;0;18;23435;0;0;0;0;0;0;0;951;0;0;0;0;7965;0;0;0;265;0;0;0;951;0;12072;0;0;0;0;0;0;0;0;938;0;0;0;0;0;0;0;0;158431;0;1;0;951;0;0;0;0;12044;78273;0;3;0;62586;0;0;0;0;0;0;486987;0;0;146;0;0;0;157477;1144;0;0;1;161;47049446;0;0;1;0;2;0;0
0;0;0;0;951;0;0;0;0;0;0;0;0;0;0;0;0;0;0;0;0;0;0;0;0;0;0;951;0;0;12079;0;0;0;157560;0;1;0;0;0;0;0;0;0;0;0;0;0;0;14;0;0;0;208;0;51;0;0;0;0;24;0;89;0;1;0;0;0;951;477183;0;31;1;0;478151;0;0;0;2;0;0;468;0;0;0;0;0;0;951;0;0;475322;0;0;0;0;157562;0;0;0;1;0;0;0;0;0;0;0;0;0;90;1;0;0;208;951;2;7508;0;0;0;2;0;18;23435;0;0;0;0;0;0;0;951;0;0;0;0;7965;0;0;0;265;0;0;0;951;0;12072;0;0;0;0;0;0;0;0;938;0;0;0;0;0;0;0;0;158514;0;1;0;951;0;0;0;0;12044;78273;0;3;0;62586;0;0;0;0;0;0;487239;0;0;146;0;0;0;157560;1144;0;0;1;161;48050473;0;0;1;0;2;0;0
0;0;0;0;952;0;0;0;0;0;0;0;0;0;0;0;0;0;0;0;0;0;0;0;0;0;0;952;0;0;12079;0;0;0;157644;0;1;0;0;0;0;0;0;0;0;0;0;0;0;14;0;0;0;208;0;51;0;0;0;0;24;0;89;0;1;0;0;0;952;477434;0;31;1;0;478402;0;0;0;2;0;0;468;0;0;0;0;0;0;952;0;0;475572;0;0;0;0;157645;0;0;0;1;0;0;0;0;0;0;0;0;0;90;1;0;0;208;952;2;7509;0;0;0;2;0;18;23436;0;0;0;0;0;0;0;952;0;0;0;0;7965;0;0;0;265;0;0;0;952;0;12072;0;0;0;0;0;0;0;0;938;0;0;0;0;0;0;0;0;158597;0;1;0;952;0;0;0;0;12044;78274;0;3;0;62587;0;0;0;0;0;0;487492;0;0;146;0;0;0;157644;1144;0;0;1;161;49051506;0;0;1;0;2;0;0
0;0;0;0;952;0;0;0;0;0;0;0;0;0;0;0;0;0;0;0;0;0;0;0;0;0;0;952;0;0;12079;0;0;0;157727;0;1;0;0;0;0;0;0;0;0;0;0;0;0;14;0;0;0;208;0;51;0;0;0;0;24;0;89;0;1;0;0;0;952;477685;0;31;1;0;478653;0;0;0;2;0;0;468;0;0;0;0;0;0;952;0;0;475822;0;0;0;0;157729;0;0;0;1;0;0;0;0;0;0;0;0;0;90;1;0;0;208;952;2;7509;0;0;0;2;0;18;23436;0;0;0;0;0;0;0;952;0;0;0;0;7965;0;0;0;265;0;0;0;952;0;12072;0;0;0;0;0;0;0;0;938;0;0;0;0;0;0;0;0;158681;0;1;0;952;0;0;0;0;12044;78274;0;3;0;62587;0;0;0;0;0;0;487744;0;0;146;0;0;0;157727;1144;0;0;1;161;50052533;0;0;1;0;2;0;0
0;0;0;0;953;0;0;0;0;0;0;0;0;0;0;0;0;0;0;0;0;0;0;0;0;0;0;953;0;0;12079;0;0;0;157810;0;1;0;0;0;0;0;0;0;0;0;0;0;0;14;0;0;0;208;0;51;0;0;0;0;24;0;89;0;1;0;0;0;953;477936;0;31;1;0;478905;0;0;0;2;0;0;468;0;0;0;0;0;0;953;0;0;476072;0;0;0;0;157812;0;0;0;1;0;0;0;0;0;0;0;0;0;90;1;0;0;208;953;2;7510;0;0;0;2;0;18;23437;0;0;0;0;0;0;0;953;0;0;0;0;7965;0;0;0;265;0;0;0;953;0;12072;0;0;0;0;0;0;0;0;938;0;0;0;0;0;0;0;0;158764;0;1;0;953;0;0;0;0;12044;78275;0;3;0;62588;0;0;0;0;0;0;487998;0;0;146;0;0;0;157810;1144;0;0;1;161;51053564;0;0;1;0;2;0;0
0;0;0;0;953;0;0;0;0;0;0;0;0;0;0;0;0;0;0;0;0;0;0;0;0;0;0;953;0;0;12079;0;0;0;157894;0;1;0;0;0;0;0;0;0;0;0;0;0;0;14;0;0;0;208;0;51;0;0;0;0;24;0;89;0;1;0;0;0;953;478188;0;31;1;0;479156;0;0;0;2;0;0;468;0;0;0;0;0;0;953;0;0;476323;0;0;0;0;157896;0;0;0;1;0;0;0;0;0;0;0;0;0;90;1;0;0;208;953;2;7510;0;0;0;2;0;18;23437;0;0;0;0;0;0;0;953;0;0;0;0;7965;0;0;0;265;0;0;0;953;0;12072;0;0;0;0;0;0;0;0;938;0;0;0;0;0;0;0;0;158848;0;1;0;953;0;0;0;0;12044;78275;0;3;0;62588;0;0;0;0;0;0;488251;0;0;146;0;0;0;157894;1144;0;0;1;161;52054595;0;0;1;0;2;0;0
0;0;0;0;954;0;0;0;0;0;0;0;0;0;0;0;0;0;0;0;0;0;0;0;0;0;0;954;0;0;12079;0;0;0;157977;0;1;0;0;0;0;0;0;0;0;0;0;0;0;14;0;0;0;208;0;51;0;0;0;0;24;0;89;0;1;0;0;0;954;478439;0;31;1;0;479407;0;0;0;2;0;0;468;0;0;0;0;0;0;954;0;0;476573;0;0;0;0;157979;0;0;0;1;0;0;0;0;0;0;0;0;0;90;1;0;0;208;954;2;7511;0;0;0;2;0;18;23438;0;0;0;0;0;0;0;954;0;0;0;0;7965;0;0;0;265;0;0;0;954;0;12072;0;0;0;0;0;0;0;0;938;0;0;0;0;0;0;0;0;158931;0;1;0;954;0;0;0;0;12044;78276;0;3;0;62589;0;0;0;0;0;0;488503;0;0;146;0;0;0;157977;1144;0;0;1;161;53055618;0;0;1;0;2;0;0
0;0;0;0;954;0;0;0;0;0;0;0;0;0;0;0;0;0;0;0;0;0;0;0;0;0;0;954;0;0;12079;0;0;0;158061;0;1;0;0;0;0;0;0;0;0;0;0;0;0;14;0;0;0;208;0;51;0;0;0;0;24;0;89;0;1;0;0;0;954;478690;0;31;1;0;479658;0;0;0;2;0;0;468;0;0;0;0;0;0;954;0;0;476823;0;0;0;0;158062;0;0;0;1;0;0;0;0;0;0;0;0;0;90;1;0;0;208;954;2;7511;0;0;0;2;0;18;23438;0;0;0;0;0;0;0;954;0;0;0;0;7965;0;0;0;265;0;0;0;954;0;12072;0;0;0;0;0;0;0;0;938;0;0;0;0;0;0;0;0;159015;0;1;0;954;0;0;0;0;12044;78276;0;3;0;62589;0;0;0;0;0;0;488755;0;0;146;0;0;0;158061;1145;0;0;1;161;54056655;0;0;1;0;2;0;0
0;0;0;0;955;0;0;0;0;0;0;0;0;0;0;0;0;0;0;0;0;0;0;0;0;0;0;955;0;0;12079;0;0;0;158144;0;1;0;0;0;0;0;0;0;0;0;0;0;0;14;0;0;0;208;0;51;0;0;0;0;24;0;89;0;1;0;0;0;955;478941;0;31;1;0;479910;0;0;0;2;0;0;468;0;0;0;0;0;0;955;0;0;477073;0;0;0;0;158146;0;0;0;1;0;0;0;0;0;0;0;0;0;90;1;0;0;208;955;2;7512;0;0;0;2;0;18;23439;0;0;0;0;0;0;0;955;0;0;0;0;7965;0;0;0;265;0;0;0;955;0;12072;0;0;0;0;0;0;0;0;938;0;0;0;0;0;0;0;0;159098;0;1;0;955;0;0;0;0;12044;78277;0;3;0;62590;0;0;0;0;0;0;489009;0;0;146;0;0;0;158144;1145;0;0;1;161;55057688;0;0;1;0;2;0;0
0;0;0;0;955;0;0;0;0;0;0;0;0;0;0;0;0;0;0;0;0;0;0;0;0;0;0;955;0;0;12079;0;0;0;158228;0;1;0;0;0;0;0;0;0;0;0;0;0;0;14;0;0;0;208;0;51;0;0;0;0;24;0;89;0;1;0;0;0;955;479193;0;31;1;0;480161;0;0;0;2;0;0;468;0;0;0;0;0;0;955;0;0;477324;0;0;0;0;158229;0;0;0;1;0;0;0;0;0;0;0;0;0;90;1;0;0;208;955;2;7512;0;0;0;2;0;18;23439;0;0;0;0;0;0;0;955;0;0;0;0;7965;0;0;0;265;0;0;0;955;0;12072;0;0;0;0;0;0;0;0;938;0;0;0;0;0;0;0;0;159181;0;1;0;955;0;0;0;0;12044;78277;0;3;0;62590;0;0;0;0;0;0;489261;0;0;146;0;0;0;158228;1145;0;0;1;161;56058713;0;0;1;0;2;0;0
0;0;0;0;956;0;0;0;0;0;0;0;0;0;0;0;0;0;0;0;0;0;0;0;0;0;0;956;0;0;12079;0;0;0;158311;0;1;0;0;0;0;0;0;0;0;0;0;0;0;14;0;0;0;208;0;51;0;0;0;0;24;0;89;0;1;0;0;0;956;479444;0;31;1;0;480412;0;0;0;2;0;0;468;0;0;0;0;0;0;956;0;0;477574;0;0;0;0;158313;0;0;0;1;0;0;0;0;0;0;0;0;0;90;1;0;0;208;956;2;7513;0;0;0;2;0;18;23440;0;0;0;0;0;0;0;956;0;0;0;0;7965;0;0;0;265;0;0;0;956;0;12072;0;0;0;0;0;0;0;0;938;0;0;0;0;0;0;0;0;159265;0;1;0;956;0;0;0;0;12044;78278;0;3;0;62592;0;0;0;0;0;0;489513;0;0;146;0;0;0;158311;1145;0;0;1;161;57059744;0;0;1;0;2;0;0
0;0;0;0;956;0;0;0;0;0;0;0;0;0;0;0;0;0;0;0;0;0;0;0;0;0;0;956;0;0;12079;0;0;0;158394;0;1;0;0;0;0;0;0;0;0;0;0;0;0;14;0;0;0;208;0;51;0;0;0;0;24;0;89;0;1;0;0;0;956;479695;0;31;1;0;480663;0;0;0;2;0;0;468;0;0;0;0;0;0;956;0;0;477824;0;0;0;0;158396;0;0;0;1;0;0;0;0;0;0;0;0;0;90;1;0;0;208;956;2;7513;0;0;0;2;0;18;23440;0;0;0;0;0;0;0;956;0;0;0;0;7965;0;0;0;265;0;0;0;956;0;12072;0;0;0;0;0;0;0;0;938;0;0;0;0;0;0;0;0;159348;0;1;0;956;0;0;0;0;12044;78278;0;3;0;62592;0;0;0;0;0;0;489766;0;0;146;0;0;0;158394;1145;0;0;1;161;58060775;0;0;1;0;2;0;0
0;0;0;0;957;0;0;0;0;0;0;0;0;0;0;0;0;0;0;0;0;0;0;0;0;0;0;957;0;0;12079;0;0;0;158478;0;1;0;0;0;0;0;0;0;0;0;0;0;0;14;0;0;0;208;0;51;0;0;0;0;24;0;89;0;1;0;0;0;957;479946;0;31;1;0;480915;0;0;0;2;0;0;468;0;0;0;0;0;0;957;0;0;478074;0;0;0;0;158480;0;0;0;1;0;0;0;0;0;0;0;0;0;90;1;0;0;208;957;2;7514;0;0;0;2;0;18;23441;0;0;0;0;0;0;0;957;0;0;0;0;7965;0;0;0;265;0;0;0;957;0;12072;0;0;0;0;0;0;0;0;938;0;0;0;0;0;0;0;0;159432;0;1;0;957;0;0;0;0;12044;78279;0;3;0;62593;0;0;0;0;0;0;490019;0;0;146;0;0;0;158478;1145;0;0;1;161;59061810;0;0;1;0;2;0;0
0;0;0;0;957;0;0;0;0;0;0;0;0;0;0;0;0;0;0;0;0;0;0;0;0;0;0;957;0;0;12079;0;0;0;158561;0;1;0;0;0;0;0;0;0;0;0;0;0;0;14;0;0;0;208;0;51;0;0;0;0;24;0;89;0;1;0;0;0;957;480198;0;31;1;0;481166;0;0;0;2;0;0;468;0;0;0;0;0;0;957;0;0;478325;0;0;0;0;158563;0;0;0;1;0;0;0;0;0;0;0;0;0;90;1;0;0;208;957;2;7514;0;0;0;2;0;18;23441;0;0;0;0;0;0;0;957;0;0;0;0;7965;0;0;0;265;0;0;0;957;0;12072;0;0;0;0;0;0;0;0;938;0;0;0;0;0;0;0;0;159515;0;1;0;957;0;0;0;0;12044;78279;0;3;0;62593;0;0;0;0;0;0;490271;0;0;146;0;0;0;158561;1145;0;0;1;161;60062837;0;0;1;0;2;0;0
0;0;0;0;958;0;0;0;0;0;0;0;0;0;0;0;0;0;0;0;0;0;0;0;0;0;0;958;0;0;12079;0;0;0;158645;0;1;0;0;0;0;0;0;0;0;0;0;0;0;14;0;0;0;208;0;51;0;0;0;0;24;0;89;0;1;0;0;0;958;480449;0;31;1;0;481417;0;0;0;2;0;0;468;0;0;0;0;0;0;958;0;0;478575;0;0;0;0;158646;0;0;0;1;0;0;0;0;0;0;0;0;0;90;1;0;0;208;958;2;7515;0;0;0;2;0;18;23442;0;0;0;0;0;0;0;958;0;0;0;0;7965;0;0;0;265;0;0;0;958;0;12072;0;0;0;0;0;0;0;0;938;0;0;0;0;0;0;0;0;159598;0;1;0;958;0;0;0;0;12044;78280;0;3;0;62594;0;0;0;0;0;0;490525;0;0;146;0;0;0;158645;1145;0;0;1;161;61063874;0;0;1;0;2;0;0
0;0;0;0;958;0;0;0;0;0;0;0;0;0;0;0;0;0;0;0;0;0;0;0;0;0;0;958;0;0;12079;0;0;0;158728;0;1;0;0;0;0;0;0;0;0;0;0;0;0;14;0;0;0;208;0;51;0;0;0;0;24;0;89;0;1;0;0;0;958;480700;0;31;1;0;481668;0;0;0;2;0;0;468;0;0;0;0;0;0;958;0;0;478825;0;0;0;0;158730;0;0;0;1;0;0;0;0;0;0;0;0;0;90;1;0;0;208;958;2;7515;0;0;0;2;0;18;23442;0;0;0;0;0;0;0;958;0;0;0;0;7965;0;0;0;265;0;0;0;958;0;12072;0;0;0;0;0;0;0;0;938;0;0;0;0;0;0;0;0;159682;0;1;0;958;0;0;0;0;12044;78280;0;3;0;62594;0;0;0;0;0;0;490777;0;0;146;0;0;0;158728;1145;0;0;1;161;62064893;0;0;1;0;2;0;0
0;0;0;0;959;0;0;0;0;0;0;0;0;0;0;0;0;0;0;0;0;0;0;0;0;0;0;959;0;0;12079;0;0;0;158811;0;1;0;0;0;0;0;0;0;0;0;0;0;0;14;0;0;0;208;0;51;0;0;0;0;24;0;89;0;1;0;0;0;959;480951;0;31;1;0;481920;0;0;0;2;0;0;468;0;0;0;0;0;0;959;0;0;479075;0;0;0;0;158813;0;0;0;1;0;0;0;0;0;0;0;0;0;90;1;0;0;208;959;2;7517;0;0;0;2;0;18;23443;0;0;0;0;0;0;0;959;0;0;0;0;7965;0;0;0;265;0;0;0;959;0;12072;0;0;0;0;0;0;0;0;938;0;0;0;0;0;0;0;0;159765;0;1;0;959;0;0;0;0;12044;78281;0;3;0;62595;0;0;0;0;0;0;491030;0;0;146;0;0;0;158811;1146;0;0;1;161;63065920;0;0;1;0;2;0;0
0;0;0;0;959;0;0;0;0;0;0;0;0;0;0;0;0;0;0;0;0;0;0;0;0;0;0;959;0;0;12079;0;0;0;158895;0;1;0;0;0;0;0;0;0;0;0;0;0;0;14;0;0;0;208;0;51;0;0;0;0;24;0;89;0;1;0;0;0;959;481203;0;31;1;0;482171;0;0;0;2;0;0;468;0;0;0;0;0;0;959;0;0;479326;0;0;0;0;158897;0;0;0;1;0;0;0;0;0;0;0;0;0;90;1;0;0;208;959;2;7517;0;0;0;2;0;18;23443;0;0;0;0;0;0;0;959;0;0;0;0;7965;0;0;0;265;0;0;0;959;0;12072;0;0;0;0;0;0;0;0;938;0;0;0;0;0;0;0;0;159849;0;1;0;959;0;0;0;0;12044;78281;0;3;0;62595;0;0;0;0;0;0;491283;0;0;146;0;0;0;158895;1146;0;0;1;161;64066953;0;0;1;0;2;0;0
0;0;0;0;960;0;0;0;0;0;0;0;0;0;0;0;0;0;0;0;0;0;0;0;0;0;0;960;0;0;12079;0;0;0;158978;0;1;0;0;0;0;0;0;0;0;0;0;0;0;14;0;0;0;208;0;51;0;0;0;0;24;0;89;0;1;0;0;0;960;481454;0;31;1;0;482422;0;0;0;2;0;0;468;0;0;0;0;0;0;960;0;0;479576;0;0;0;0;158980;0;0;0;1;0;0;0;0;0;0;0;0;0;90;1;0;0;208;960;2;7518;0;0;0;2;0;18;23444;0;0;0;0;0;0;0;960;0;0;0;0;7965;0;0;0;265;0;0;0;960;0;12072;0;0;0;0;0;0;0;0;938;0;0;0;0;0;0;0;0;159932;0;1;0;960;0;0;0;0;12044;78282;0;3;0;62596;0;0;0;0;0;0;491535;0;0;146;0;0;0;158978;1146;0;0;1;161;65067976;0;0;1;0;2;0;0
0;0;0;0;960;0;0;0;0;0;0;0;0;0;0;0;0;0;0;0;0;0;0;0;0;0;0;960;0;0;12079;0;0;0;159062;0;1;0;0;0;0;0;0;0;0;0;0;0;0;14;0;0;0;208;0;51;0;0;0;0;24;0;89;0;1;0;0;0;960;481705;0;31;1;0;482673;0;0;0;2;0;0;468;0;0;0;0;0;0;960;0;0;479826;0;0;0;0;159063;0;0;0;1;0;0;0;0;0;0;0;0;0;90;1;0;0;208;960;2;7518;0;0;0;2;0;18;23444;0;0;0;0;0;0;0;960;0;0;0;0;7965;0;0;0;265;0;0;0;960;0;12072;0;0;0;0;0;0;0;0;938;0;0;0;0;0;0;0;0;160016;0;1;0;960;0;0;0;0;12044;78282;0;3;0;62596;0;0;0;0;0;0;491788;0;0;146;0;0;0;159062;1147;0;0;1;161;66069013;0;0;1;0;2;0;0
0;0;0;0;961;0;0;0;0;0;0;0;0;0;0;0;0;0;0;0;0;0;0;0;0;0;0;961;0;0;12079;0;0;0;159145;0;1;0;0;0;0;0;0;0;0;0;0;0;0;14;0;0;0;208;0;51;0;0;0;0;24;0;89;0;1;0;0;0;961;481956;0;31;1;0;482925;0;0;0;2;0;0;468;0;0;0;0;0;0;961;0;0;480077;0;0;0;0;159147;0;0;0;1;0;0;0;0;0;0;0;0;0;90;1;0;0;208;961;2;7519;0;0;0;2;0;18;23445;0;0;0;0;0;0;0;961;0;0;0;0;7965;0;0;0;265;0;0;0;961;0;12072;0;0;0;0;0;0;0;0;938;0;0;0;0;0;0;0;0;160099;0;1;0;961;0;0;0;0;12044;78283;0;3;0;62597;0;0;0;0;0;0;492041;0;0;146;0;0;0;159145;1148;0;0;1;161;67070046;0;0;1;0;2;0;0
0;0;0;0;961;0;0;0;0;0;0;0;0;0;0;0;0;0;0;0;0;0;0;0;0;0;0;961;0;0;12079;0;0;0;159229;0;1;0;0;0;0;0;0;0;0;0;0;0;0;14;0;0;0;208;0;51;0;0;0;0;24;0;89;0;1;0;0;0;961;482208;0;31;1;0;483176;0;0;0;2;0;0;468;0;0;0;0;0;0;961;0;0;480327;0;0;0;0;159230;0;0;0;1;0;0;0;0;0;0;0;0;0;90;1;0;0;208;961;2;7519;0;0;0;2;0;18;23445;0;0;0;0;0;0;0;961;0;0;0;0;7965;0;0;0;265;0;0;0;961;0;12072;0;0;0;0;0;0;0;0;938;0;0;0;0;0;0;0;0;160182;0;1;0;961;0;0;0;0;12044;78283;0;3;0;62597;0;0;0;0;0;0;492293;0;0;146;0;0;0;159229;1148;0;0;1;161;68071068;0;0;1;0;2;0;0
0;0;0;0;962;0;0;0;0;0;0;0;0;0;0;0;0;0;0;0;0;0;0;0;0;0;0;962;0;0;12079;0;0;0;159312;0;1;0;0;0;0;0;0;0;0;0;0;0;0;14;0;0;0;208;0;51;0;0;0;0;24;0;89;0;1;0;0;0;962;482459;0;31;1;0;483427;0;0;0;2;0;0;468;0;0;0;0;0;0;962;0;0;480577;0;0;0;0;159314;0;0;0;1;0;0;0;0;0;0;0;0;0;90;1;0;0;208;962;2;7520;0;0;0;2;0;18;23446;0;0;0;0;0;0;0;962;0;0;0;0;7965;0;0;0;265;0;0;0;962;0;12072;0;0;0;0;0;0;0;0;938;0;0;0;0;0;0;0;0;160266;0;1;0;962;0;0;0;0;12044;78284;0;3;0;62598;0;0;0;0;0;0;492545;0;0;146;0;0;0;159312;1148;0;0;1;161;69072096;0;0;1;0;2;0;0
0;0;0;0;962;0;0;0;0;0;0;0;0;0;0;0;0;0;0;0;0;0;0;0;0;0;0;962;0;0;12079;0;0;0;159395;0;1;0;0;0;0;0;0;0;0;0;0;0;0;14;0;0;0;208;0;51;0;0;0;0;24;0;89;0;1;0;0;0;962;482710;0;31;1;0;483678;0;0;0;2;0;0;468;0;0;0;0;0;0;962;0;0;480827;0;0;0;0;159397;0;0;0;1;0;0;0;0;0;0;0;0;0;90;1;0;0;208;962;2;7520;0;0;0;2;0;18;23446;0;0;0;0;0;0;0;962;0;0;0;0;7965;0;0;0;265;0;0;0;962;0;12072;0;0;0;0;0;0;0;0;938;0;0;0;0;0;0;0;0;160349;0;1;0;962;0;0;0;0;12044;78284;0;3;0;62598;0;0;0;0;0;0;492799;0;0;146;0;0;0;159395;1149;0;0;1;161;70073129;0;0;1;0;2;0;0
0;0;0;0;963;0;0;0;0;0;0;0;0;0;0;0;0;0;0;0;0;0;0;0;0;0;0;963;0;0;12079;0;0;0;159479;0;1;0;0;0;0;0;0;0;0;0;0;0;0;14;0;0;0;208;0;51;0;0;0;0;24;0;89;0;1;0;0;0;963;482961;0;31;1;0;483930;0;0;0;2;0;0;468;0;0;0;0;0;0;963;0;0;481078;0;0;0;0;159481;0;0;0;1;0;0;0;0;0;0;0;0;0;90;1;0;0;208;963;2;7521;0;0;0;2;0;18;23447;0;0;0;0;0;0;0;963;0;0;0;0;7965;0;0;0;265;0;0;0;963;0;12072;0;0;0;0;0;0;0;0;938;0;0;0;0;0;0;0;0;160433;0;1;0;963;0;0;0;0;12044;78285;0;3;0;62599;0;0;0;0;0;0;493052;0;0;146;0;0;0;159479;1150;0;0;1;161;71074190;0;0;1;0;2;0;0
0;0;0;0;963;0;0;0;0;0;0;0;0;0;0;0;0;0;0;0;0;0;0;0;0;0;0;963;0;0;12079;0;0;0;159562;0;1;0;0;0;0;0;0;0;0;0;0;0;0;14;0;0;0;208;0;51;0;0;0;0;24;0;89;0;1;0;0;0;963;483213;0;31;1;0;484181;0;0;0;2;0;0;468;0;0;0;0;0;0;963;0;0;481328;0;0;0;0;159564;0;0;0;1;0;0;0;0;0;0;0;0;0;90;1;0;0;208;963;2;7521;0;0;0;2;0;18;23447;0;0;0;0;0;0;0;963;0;0;0;0;7965;0;0;0;265;0;0;0;963;0;12072;0;0;0;0;0;0;0;0;938;0;0;0;0;0;0;0;0;160516;0;1;0;963;0;0;0;0;12044;78285;0;3;0;62599;0;0;0;0;0;0;493305;0;0;146;0;0;0;159562;1150;0;0;1;161;72075196;0;0;1;0;2;0;0
0;0;0;0;964;0;0;0;0;0;0;0;0;0;0;0;0;0;0;0;0;0;0;0;0;0;0;964;0;0;12079;0;0;0;159646;0;1;0;0;0;0;0;0;0;0;0;0;0;0;14;0;0;0;208;0;51;0;0;0;0;24;0;89;0;1;0;0;0;964;483464;0;31;1;0;484432;0;0;0;2;0;0;468;0;0;0;0;0;0;964;0;0;481578;0;0;0;0;159647;0;0;0;1;0;0;0;0;0;0;0;0;0;90;1;0;0;208;964;2;7522;0;0;0;2;0;18;23448;0;0;0;0;0;0;0;964;0;0;0;0;7965;0;0;0;265;0;0;0;964;0;12072;0;0;0;0;0;0;0;0;938;0;0;0;0;0;0;0;0;160600;0;1;0;964;0;0;0;0;12044;78286;0;3;0;62600;0;0;0;0;0;0;493558;0;0;146;0;0;0;159646;1151;0;0;1;161;73076238;0;0;1;0;2;0;0
0;0;0;0;964;0;0;0;0;0;0;0;0;0;0;0;0;0;0;0;0;0;0;0;0;0;0;964;0;0;12079;0;0;0;159729;0;1;0;0;0;0;0;0;0;0;0;0;0;0;14;0;0;0;208;0;51;0;0;0;0;24;0;89;0;1;0;0;0;964;483715;0;31;1;0;484683;0;0;0;2;0;0;468;0;0;0;0;0;0;964;0;0;481828;0;0;0;0;159731;0;0;0;1;0;0;0;0;0;0;0;0;0;90;1;0;0;208;964;2;7522;0;0;0;2;0;18;23448;0;0;0;0;0;0;0;964;0;0;0;0;7965;0;0;0;265;0;0;0;964;0;12072;0;0;0;0;0;0;0;0;938;0;0;0;0;0;0;0;0;160683;0;1;0;964;0;0;0;0;12044;78286;0;3;0;62600;0;0;0;0;0;0;493811;0;0;146;0;0;0;159729;1152;0;0;1;161;74077258;0;0;1;0;2;0;0
0;0;0;0;968;0;0;0;0;0;0;0;0;0;0;0;0;0;0;0;0;0;0;0;0;0;0;968;0;0;12079;0;0;0;159813;0;1;0;0;0;0;0;0;0;0;0;0;0;0;14;0;0;0;208;0;51;0;0;0;0;24;0;91;0;1;0;0;0;968;483966;0;31;1;0;484935;0;0;0;2;0;0;468;0;0;0;0;0;0;968;0;0;482079;0;0;0;0;159814;0;0;0;1;0;0;0;0;0;0;0;0;0;92;1;0;0;208;968;2;7523;0;0;0;2;0;18;23449;0;0;0;0;0;0;0;968;0;0;0;0;7966;0;0;0;265;0;0;0;968;0;12072;0;0;0;0;0;0;0;0;938;0;0;0;0;0;0;0;0;160766;0;1;0;968;0;0;0;0;12044;78289;0;3;0;62601;0;0;0;0;0;0;494065;0;0;146;0;0;0;159812;1153;0;0;1;161;75078320;0;0;1;0;2;0;0
0;0;0;0;968;0;0;0;0;0;0;0;0;0;0;0;0;0;0;0;0;0;0;0;0;0;0;968;0;0;12079;0;0;0;159896;0;1;0;0;0;0;0;0;0;0;0;0;0;0;14;0;0;0;208;0;51;0;0;0;0;24;0;91;0;1;0;0;0;968;484218;0;31;1;0;485186;0;0;0;2;0;0;468;0;0;0;0;0;0;968;0;0;482329;0;0;0;0;159898;0;0;0;1;0;0;0;0;0;0;0;0;0;92;1;0;0;208;968;2;7523;0;0;0;2;0;18;23449;0;0;0;0;0;0;0;968;0;0;0;0;7966;0;0;0;265;0;0;0;968;0;12072;0;0;0;0;0;0;0;0;938;0;0;0;0;0;0;0;0;160849;0;1;0;968;0;0;0;0;12044;78289;0;3;0;62601;0;0;0;0;0;0;494319;0;0;146;0;0;0;159896;1153;0;0;1;161;76079340;0;0;1;0;2;0;0
0;0;0;0;968;0;0;0;0;0;0;0;0;0;0;0;0;0;0;0;0;0;0;0;0;0;0;968;0;0;12079;0;0;0;159979;0;1;0;0;0;0;0;0;0;0;0;0;0;0;14;0;0;0;208;0;51;0;0;0;0;24;0;91;0;1;0;0;0;969;484469;0;31;1;0;485437;0;0;0;2;0;0;468;0;0;0;0;0;0;968;0;0;482579;0;0;0;0;159981;0;0;0;1;0;0;0;0;0;0;0;0;0;92;1;0;0;208;969;2;7524;0;0;0;2;0;18;23450;0;0;0;0;0;0;0;969;0;0;0;0;7966;0;0;0;265;0;0;0;968;0;12072;0;0;0;0;0;0;0;0;938;0;0;0;0;0;0;0;0;160933;0;1;0;969;0;0;0;0;12044;78290;0;3;0;62602;0;0;0;0;0;0;494571;0;0;146;0;0;0;159979;1153;0;0;1;161;77080370;0;0;1;0;2;0;0
0;0;0;0;969;0;0;0;0;0;0;0;0;0;0;0;0;0;0;0;0;0;0;0;0;0;0;969;0;0;12079;0;0;0;160063;0;1;0;0;0;0;0;0;0;0;0;0;0;0;14;0;0;0;208;0;51;0;0;0;0;24;0;91;0;1;0;0;0;969;484720;0;31;1;0;485689;0;0;0;2;0;0;468;0;0;0;0;0;0;969;0;0;482829;0;0;0;0;160065;0;0;0;1;0;0;0;0;0;0;0;0;0;92;1;0;0;208;969;2;7535;0;0;0;2;0;18;23452;0;0;0;0;0;0;0;969;0;0;0;0;7968;0;0;0;265;0;0;0;969;0;12072;0;0;0;0;0;0;0;0;938;0;0;0;0;0;0;0;0;161016;0;1;0;969;0;0;0;0;12044;78290;0;3;0;62602;0;0;0;0;0;0;494824;0;0;146;0;0;0;160063;1154;0;0;1;161;78081408;0;0;1;0;2;0;0
