TLB_TLB_shootdowns_CPU0;PIW_Posted-interrupt_wakeup_event_CPU3;18_IR-IO-APIC_18-fasteoi_i801_smbus,_ehci_hcd:usb1,_ehci_hcd:usb4_CPU2;NPI_Nested_posted-interrupt_event_CPU1;NPI_Nested_posted-interrupt_event_CPU3;47_IR-PCI-MSI_524292-edge_nvme0q4_CPU3;30_IR-PCI-MSI_3670019-edge_eno1-TxRx-2_CPU0;RES_Rescheduling_interrupts_CPU3;31_IR-PCI-MSI_3670020-edge_eno1-TxRx-3_CPU1;SPU_Spurious_interrupts_CPU2;CAL_Function_call_interrupts_CPU2;MCE_Machine_check_exceptions_CPU0;27_IR-PCI-MSI_3670017-edge_eno1-TxRx-0_CPU1;18_IR-IO-APIC_18-fasteoi_i801_smbus,_ehci_hcd:usb1,_ehci_hcd:usb4_CPU0;31_IR-PCI-MSI_3670020-edge_eno1-TxRx-3_CPU2;31_IR-PCI-MSI_3670020-edge_eno1-TxRx-3_CPU0;34_IR-PCI-MSI_1579008-edge_ioat-msix_CPU3;THR_Threshold_APIC_interrupts_CPU2;NMI_Non-maskable_interrupts_CPU2;MCE_Machine_check_exceptions_CPU2;IWI_IRQ_work_interrupts_CPU3;25_IR-PCI-MSI_1572864-edge_ioat-msix_CPU1;THR_Threshold_APIC_interrupts_CPU0;9_IR-IO-APIC_9-fasteoi_acpi_CPU1;ERR_CPU0;HYP_Hypervisor_callback_interrupts_CPU0;RES_Rescheduling_interrupts_CPU1;PMI_Performance_monitoring_interrupts_CPU0;27_IR-PCI-MSI_3670017-edge_eno1-TxRx-0_CPU2;32_IR-PCI-MSI_1576960-edge_ioat-msix_CPU2;NPI_Nested_posted-interrupt_event_CPU0;29_IR-PCI-MSI_1574912-edge_ioat-msix_CPU2;55_IR-PCI-MSI_2099200-edge_igb_uio_CPU2;NPI_Nested_posted-interrupt_event_CPU2;43_IR-PCI-MSI_524290-edge_nvme0q2_CPU0;RES_Rescheduling_interrupts_CPU2;26_IR-PCI-MSI_3670016-edge_eno1_CPU3;LOC_Local_timer_interrupts_CPU1;NMI_Non-maskable_interrupts_CPU3;THR_Threshold_APIC_interrupts_CPU1;MIS_CPU0;43_IR-PCI-MSI_524290-edge_nvme0q2_CPU2;26_IR-PCI-MSI_3670016-edge_eno1_CPU2;CAL_Function_call_interrupts_CPU3;45_IR-PCI-MSI_524291-edge_nvme0q3_CPU3;IWI_IRQ_work_interrupts_CPU2;MCP_Machine_check_polls_CPU1;31_IR-PCI-MSI_3670020-edge_eno1-TxRx-3_CPU3;9_IR-IO-APIC_9-fasteoi_acpi_CPU0;47_IR-PCI-MSI_524292-edge_nvme0q4_CPU2;timestamp_us;HVS_Hyper-V_stimer0_interrupts_CPU3;DFR_Deferred_Error_APIC_interrupts_CPU1;41_IR-PCI-MSI_524288-edge_nvme0q0_CPU1;9_IR-IO-APIC_9-fasteoi_acpi_CPU2;DFR_Deferred_Error_APIC_interrupts_CPU2;MCE_Machine_check_exceptions_CPU3;HYP_Hypervisor_callback_interrupts_CPU3;55_IR-PCI-MSI_2099200-edge_igb_uio_CPU0;45_IR-PCI-MSI_524291-edge_nvme0q3_CPU2;24_DMAR-MSI_0-edge_dmar0_CPU3;54_IR-PCI-MSI_2097152-edge_igb_uio_CPU3;DFR_Deferred_Error_APIC_interrupts_CPU3;32_IR-PCI-MSI_1576960-edge_ioat-msix_CPU3;27_IR-PCI-MSI_3670017-edge_eno1-TxRx-0_CPU0;25_IR-PCI-MSI_1572864-edge_ioat-msix_CPU2;MCP_Machine_check_polls_CPU0;SPU_Spurious_interrupts_CPU3;LOC_Local_timer_interrupts_CPU2;IWI_IRQ_work_interrupts_CPU0;30_IR-PCI-MSI_3670019-edge_eno1-TxRx-2_CPU1;28_IR-PCI-MSI_3670018-edge_eno1-TxRx-1_CPU1;54_IR-PCI-MSI_2097152-edge_igb_uio_CPU0;IWI_IRQ_work_interrupts_CPU1;32_IR-PCI-MSI_1576960-edge_ioat-msix_CPU0;8_IR-IO-APIC_8-edge_rtc0_CPU2;CAL_Function_call_interrupts_CPU0;24_DMAR-MSI_0-edge_dmar0_CPU1;8_IR-IO-APIC_8-edge_rtc0_CPU0;THR_Threshold_APIC_interrupts_CPU3;41_IR-PCI-MSI_524288-edge_nvme0q0_CPU0;45_IR-PCI-MSI_524291-edge_nvme0q3_CPU1;SPU_Spurious_interrupts_CPU1;TLB_TLB_shootdowns_CPU1;PMI_Performance_monitoring_interrupts_CPU3;33_IR-PCI-MSI_524289-edge_nvme0q1_CPU2;45_IR-PCI-MSI_524291-edge_nvme0q3_CPU0;DFR_Deferred_Error_APIC_interrupts_CPU0;TRM_Thermal_event_interrupts_CPU1;PIN_Posted-interrupt_notification_event_CPU3;29_IR-PCI-MSI_1574912-edge_ioat-msix_CPU3;34_IR-PCI-MSI_1579008-edge_ioat-msix_CPU0;TRM_Thermal_event_interrupts_CPU3;28_IR-PCI-MSI_3670018-edge_eno1-TxRx-1_CPU2;HRE_Hyper-V_reenlightenment_interrupts_CPU2;47_IR-PCI-MSI_524292-edge_nvme0q4_CPU1;26_IR-PCI-MSI_3670016-edge_eno1_CPU1;29_IR-PCI-MSI_1574912-edge_ioat-msix_CPU0;30_IR-PCI-MSI_3670019-edge_eno1-TxRx-2_CPU2;LOC_Local_timer_interrupts_CPU3;PIW_Posted-interrupt_wakeup_event_CPU0;PMI_Performance_monitoring_interrupts_CPU2;9_IR-IO-APIC_9-fasteoi_acpi_CPU3;HRE_Hyper-V_reenlightenment_interrupts_CPU3;NMI_Non-maskable_interrupts_CPU0;18_IR-IO-APIC_18-fasteoi_i801_smbus,_ehci_hcd:usb1,_ehci_hcd:usb4_CPU3;24_DMAR-MSI_0-edge_dmar0_CPU0;34_IR-PCI-MSI_1579008-edge_ioat-msix_CPU1;28_IR-PCI-MSI_3670018-edge_eno1-TxRx-1_CPU3;RES_Rescheduling_interrupts_CPU0;8_IR-IO-APIC_8-edge_rtc0_CPU1;43_IR-PCI-MSI_524290-edge_nvme0q2_CPU1;RTR_APIC_ICR_read_retries_CPU0;TLB_TLB_shootdowns_CPU2;29_IR-PCI-MSI_1574912-edge_ioat-msix_CPU1;27_IR-PCI-MSI_3670017-edge_eno1-TxRx-0_CPU3;18_IR-IO-APIC_18-fasteoi_i801_smbus,_ehci_hcd:usb1,_ehci_hcd:usb4_CPU1;35_IR-PCI-MSI_327680-edge_xhci_hcd_CPU3;28_IR-PCI-MSI_3670018-edge_eno1-TxRx-1_CPU0;25_IR-PCI-MSI_1572864-edge_ioat-msix_CPU0;41_IR-PCI-MSI_524288-edge_nvme0q0_CPU2;HYP_Hypervisor_callback_interrupts_CPU1;55_IR-PCI-MSI_2099200-edge_igb_uio_CPU1;35_IR-PCI-MSI_327680-edge_xhci_hcd_CPU1;33_IR-PCI-MSI_524289-edge_nvme0q1_CPU3;MCP_Machine_check_polls_CPU3;MCP_Machine_check_polls_CPU2;PMI_Performance_monitoring_interrupts_CPU1;35_IR-PCI-MSI_327680-edge_xhci_hcd_CPU0;54_IR-PCI-MSI_2097152-edge_igb_uio_CPU1;24_DMAR-MSI_0-edge_dmar0_CPU2;SPU_Spurious_interrupts_CPU0;41_IR-PCI-MSI_524288-edge_nvme0q0_CPU3;HYP_Hypervisor_callback_interrupts_CPU2;33_IR-PCI-MSI_524289-edge_nvme0q1_CPU1;LOC_Local_timer_interrupts_CPU0;PIW_Posted-interrupt_wakeup_event_CPU2;NMI_Non-maskable_interrupts_CPU1;30_IR-PCI-MSI_3670019-edge_eno1-TxRx-2_CPU3;RTR_APIC_ICR_read_retries_CPU2;PIW_Posted-interrupt_wakeup_event_CPU1;HVS_Hyper-V_stimer0_interrupts_CPU1;HRE_Hyper-V_reenlightenment_interrupts_CPU1;PIN_Posted-interrupt_notification_event_CPU1;47_IR-PCI-MSI_524292-edge_nvme0q4_CPU0;HVS_Hyper-V_stimer0_interrupts_CPU0;TLB_TLB_shootdowns_CPU3;CAL_Function_call_interrupts_CPU1;32_IR-PCI-MSI_1576960-edge_ioat-msix_CPU1;34_IR-PCI-MSI_1579008-edge_ioat-msix_CPU2;HRE_Hyper-V_reenlightenment_interrupts_CPU0;PIN_Posted-interrupt_notification_event_CPU2;PIN_Posted-interrupt_notification_event_CPU0;8_IR-IO-APIC_8-edge_rtc0_CPU3;MCE_Machine_check_exceptions_CPU1;25_IR-PCI-MSI_1572864-edge_ioat-msix_CPU3;TRM_Thermal_event_interrupts_CPU0;RTR_APIC_ICR_read_retries_CPU1;54_IR-PCI-MSI_2097152-edge_igb_uio_CPU2;TRM_Thermal_event_interrupts_CPU2;35_IR-PCI-MSI_327680-edge_xhci_hcd_CPU2;33_IR-PCI-MSI_524289-edge_nvme0q1_CPU0;HVS_Hyper-V_stimer0_interrupts_CPU2;55_IR-PCI-MSI_2099200-edge_igb_uio_CPU3;26_IR-PCI-MSI_3670016-edge_eno1_CPU0;RTR_APIC_ICR_read_retries_CPU3;43_IR-PCI-MSI_524290-edge_nvme0q2_CPU3
10;0;0;0;0;0;32003;84122;0;0;9551;0;0;57;0;62;0;0;0;0;199834;0;0;0;0;0;77;0;0;0;0;0;;0;0;0;0;1891444;0;0;0;0;0;6072;0;198670;1;51491;1;0;72;0;0;0;0;0;0;0;;0;0;;0;0;18496;0;1;0;600045;199778;0;0;;214392;2;0;5235;0;1;0;14;0;0;0;0;0;0;0;0;0;0;2;0;0;0;0;0;2;0;599801;0;0;0;0;0;0;0;0;1313;91672;0;0;2;0;0;2115;0;0;1935;2;0;0;;0;0;1;1;0;143;;0;0;0;0;0;600322;0;0;20;0;0;0;0;0;0;0;14;9498;0;0;0;0;0;0;0;0;0;0;;0;0;49;0;;1;0;0
10;0;0;0;0;0;32003;84122;0;0;9551;0;0;57;0;62;0;0;0;0;199917;0;0;0;0;0;77;0;0;0;0;0;;0;0;0;0;1891696;0;0;0;0;0;6072;0;198754;1;51491;1;0;1001777;0;0;0;0;0;0;0;;0;0;;0;0;18496;0;1;0;600297;199862;0;0;;214476;2;0;5235;0;1;0;14;0;0;0;0;0;0;0;0;0;0;2;0;0;0;0;0;2;0;600051;0;0;0;0;0;0;0;0;1313;91672;0;0;2;0;0;2115;0;0;1935;2;0;0;;0;0;1;1;0;143;;0;0;0;0;0;600573;0;0;20;0;0;0;0;0;0;0;14;9498;0;0;0;0;0;0;0;0;0;0;;0;0;49;0;;1;0;0
10;0;0;0;0;0;32004;84122;0;0;9551;0;0;57;0;62;0;0;0;0;200001;0;0;0;0;0;77;0;0;0;0;0;;0;0;0;0;1891947;0;0;0;0;0;6072;0;198837;1;51492;1;0;2002800;0;0;0;0;0;0;0;;0;0;;0;0;18496;0;1;0;600548;199945;0;0;;214559;2;0;5235;0;1;0;14;0;0;0;0;0;0;0;0;0;0;2;0;0;0;0;0;2;0;600302;0;0;0;0;0;0;0;0;1314;91672;0;0;2;0;0;2116;0;0;1935;2;0;0;;0;0;1;1;0;143;;0;0;0;0;0;600824;0;0;20;0;0;0;0;0;0;0;14;9498;0;0;0;0;0;0;0;0;0;0;;0;0;49;0;;1;0;0
10;0;0;0;0;0;32004;84122;0;0;9553;0;0;57;0;62;0;0;0;0;200084;0;0;0;0;0;77;0;0;0;0;0;;0;0;0;0;1892198;0;0;0;0;0;6074;0;198920;1;51492;1;0;3003840;0;0;0;0;0;0;0;;0;0;;0;0;18496;0;1;0;600799;200028;0;0;;214643;2;0;5237;0;1;0;14;0;0;0;0;0;0;0;0;0;0;2;0;0;0;0;0;2;0;600552;0;0;0;0;0;0;0;0;1314;91673;0;0;2;0;0;2116;0;0;1935;2;0;0;;0;0;1;1;0;143;;0;0;0;0;0;601075;0;0;20;0;0;0;0;0;0;0;14;9498;0;0;0;0;0;0;0;0;0;0;;0;0;49;0;;1;0;0
10;0;0;0;0;0;32005;84123;0;0;9554;0;0;57;0;62;0;0;0;0;200167;0;0;0;0;0;78;0;0;0;0;0;0;0;0;0;0;1893349;0;0;0;0;0;6075;0;199004;1;51493;1;0;4004851;0;0;0;0;0;0;0;0;0;0;0;0;0;18496;0;1;0;601050;200112;0;0;0;214737;2;0;5239;0;1;0;14;0;0;0;0;0;0;0;0;0;0;2;0;0;0;0;0;2;0;600803;0;0;0;0;0;0;0;0;1315;91673;0;0;2;0;0;2118;0;0;1935;2;0;0;0;0;0;1;1;0;143;0;0;0;0;0;0;601326;0;0;20;0;0;0;0;0;0;0;14;9498;0;0;0;0;0;0;0;0;0;0;0;0;0;49;0;0;1;0;0
10;0;0;0;0;0;32005;84123;0;0;9554;0;0;57;0;62;0;0;0;0;200251;0;0;0;0;0;78;0;0;0;0;0;0;0;0;0;0;1894547;0;0;0;0;0;6075;0;199087;1;51493;1;0;5005860;0;0;0;0;0;0;0;0;0;0;0;0;0;18496;0;1;0;601302;200195;0;0;0;214832;2;0;5239;0;1;0;14;0;0;0;0;0;0;0;0;0;0;2;0;0;0;0;0;2;0;601053;0;0;0;0;0;0;0;0;1315;91673;0;0;2;0;0;2118;0;0;1935;2;0;0;0;0;0;1;1;0;143;0;0;0;0;0;0;601576;0;0;20;0;0;0;0;0;0;0;14;9498;0;0;0;0;0;0;0;0;0;0;0;0;0;49;0;0;1;0;0
10;0;0;0;0;0;32006;84123;0;0;9554;0;0;57;0;62;0;0;0;0;200334;0;0;0;0;0;78;0;0;0;0;0;0;0;0;0;0;1895744;0;0;0;0;0;6075;0;199171;1;51494;1;0;6006879;0;0;0;0;0;0;0;0;0;0;0;0;0;18496;0;1;0;601554;200279;0;0;0;214926;2;0;5239;0;1;0;14;0;0;0;0;0;0;0;0;0;0;2;0;0;0;0;0;2;0;601304;0;0;0;0;0;0;0;0;1316;91673;0;0;2;0;0;2119;0;0;1935;2;0;0;0;0;0;1;1;0;143;0;0;0;0;0;0;601826;0;0;20;0;0;0;0;0;0;0;14;9498;0;0;0;0;0;0;0;0;0;0;0;0;0;49;0;0;1;0;0
10;0;0;0;0;0;32006;84123;0;0;9554;0;0;57;0;62;0;0;0;0;200418;0;0;0;0;0;79;0;0;0;0;0;0;0;0;0;0;1896944;0;0;0;0;0;6075;0;199254;1;51494;1;0;7007897;0;0;0;0;0;0;0;0;0;0;0;0;0;18496;0;1;0;601805;200362;0;0;0;215021;2;0;5239;0;1;0;14;0;0;0;0;0;0;0;0;0;0;2;0;0;0;0;0;2;0;601554;0;0;0;0;0;0;0;0;1316;91673;0;0;2;0;0;2119;0;0;1935;2;0;0;0;0;0;1;1;0;143;0;0;0;0;0;0;602076;0;0;20;0;0;0;0;0;0;0;14;9498;0;0;0;0;0;0;0;0;0;0;0;0;0;49;0;0;1;0;0
10;0;0;0;0;0;32007;84125;0;0;9554;0;0;57;0;62;0;0;0;0;200501;0;0;0;0;0;79;0;0;0;0;0;0;0;0;0;0;1898142;0;0;0;0;0;6075;0;199338;1;51508;1;0;8008942;0;0;0;0;0;0;0;0;0;0;0;0;0;18496;0;1;0;602056;200446;0;0;0;215117;2;0;5239;0;1;0;14;0;0;0;0;0;0;0;0;0;0;2;0;0;0;0;0;2;0;601805;0;0;0;0;0;0;0;0;1317;91701;0;0;2;0;0;2120;0;0;1935;2;0;0;0;0;0;1;1;0;143;0;0;0;0;0;0;602327;0;0;20;0;0;0;0;0;0;0;14;9498;0;0;0;0;0;0;0;0;0;0;0;0;0;49;0;0;1;0;0
10;0;0;0;0;0;32007;84152;0;0;9554;0;0;57;0;62;0;0;0;0;200584;0;0;0;0;0;79;0;0;0;0;0;0;0;0;0;0;1899342;0;0;0;0;0;6075;0;199421;1;51508;1;0;9009965;0;0;0;0;0;0;0;0;0;0;0;0;0;18496;0;1;0;602307;200529;0;0;0;215212;2;0;5239;0;1;0;14;0;0;0;0;0;0;0;0;0;0;2;0;0;0;0;0;2;0;602056;0;0;0;0;0;0;0;0;1317;91707;0;0;2;0;0;2128;0;0;1935;2;0;0;0;0;0;1;1;0;143;0;0;0;0;0;0;602578;0;0;20;0;0;0;0;0;0;0;14;9498;0;0;0;0;0;0;0;0;0;0;0;0;0;49;0;0;1;0;0
10;0;0;0;0;0;32008;84152;0;0;9554;0;0;57;0;62;0;0;0;0;200668;0;0;0;0;0;79;0;0;0;0;0;0;0;0;0;0;1900542;0;0;0;0;0;6075;0;199504;1;51509;1;0;10010977;0;0;0;0;0;0;0;0;0;0;0;0;0;18496;0;1;0;602558;200613;0;0;0;215307;2;0;5239;0;1;0;14;0;0;0;0;0;0;0;0;0;0;2;0;0;0;0;0;2;0;602307;0;0;0;0;0;0;0;0;1318;91707;0;0;2;0;0;2129;0;0;1935;2;0;0;0;0;0;1;1;0;143;0;0;0;0;0;0;602828;0;0;20;0;0;0;0;0;0;0;14;9498;0;0;0;0;0;0;0;0;0;0;0;0;0;49;0;0;1;0;0
10;0;0;0;0;0;32008;84152;0;0;9554;0;0;57;0;62;0;0;0;0;200751;0;0;0;0;0;79;0;0;0;0;0;0;0;0;0;0;1901739;0;0;0;0;0;6075;0;199588;1;51509;1;0;11011995;0;0;0;0;0;0;0;0;0;0;0;0;0;18496;0;1;0;602809;200696;0;0;0;215401;2;0;5239;0;1;0;14;0;0;0;0;0;0;0;0;0;0;2;0;0;0;0;0;2;0;602557;0;0;0;0;0;0;0;0;1318;91707;0;0;2;0;0;2129;0;0;1935;2;0;0;0;0;0;1;1;0;143;0;0;0;0;0;0;603078;0;0;20;0;0;0;0;0;0;0;14;9498;0;0;0;0;0;0;0;0;0;0;0;0;0;49;0;0;1;0;0
10;0;0;0;0;0;32009;84152;0;0;9554;0;0;57;0;62;0;0;0;0;200835;0;0;0;0;0;80;0;0;0;0;0;0;0;0;0;0;1902938;0;0;0;0;0;6075;0;199671;1;51510;1;0;12013011;0;0;0;0;0;0;0;0;0;0;0;0;0;18496;0;1;0;603060;200780;0;0;0;215496;2;0;5239;0;1;0;14;0;0;0;0;0;0;0;0;0;0;2;0;0;0;0;0;2;0;602807;0;0;0;0;0;0;0;0;1319;91707;0;0;2;0;0;2130;0;0;1935;2;0;0;0;0;0;1;1;0;143;0;0;0;0;0;0;603329;0;0;20;0;0;0;0;0;0;0;14;9498;0;0;0;0;0;0;0;0;0;0;0;0;0;49;0;0;1;0;0
10;0;0;0;0;0;32009;84152;0;0;9554;0;0;57;0;62;0;0;0;0;200918;0;0;0;0;0;80;0;0;0;0;0;0;0;0;0;0;1904138;0;0;0;0;0;6075;0;199755;1;51510;1;0;13014030;0;0;0;0;0;0;0;0;0;0;0;0;0;18496;0;1;0;603312;200863;0;0;0;215591;2;0;5239;0;1;0;14;0;0;0;0;0;0;0;0;0;0;2;0;0;0;0;0;2;0;603057;0;0;0;0;0;0;0;0;1319;91707;0;0;2;0;0;2130;0;0;1935;2;0;0;0;0;0;1;1;0;143;0;0;0;0;0;0;603579;0;0;20;0;0;0;0;0;0;0;14;9498;0;0;0;0;0;0;0;0;0;0;0;0;0;49;0;0;1;0;0
10;0;0;0;0;0;32010;84152;0;0;9554;0;0;57;0;62;0;0;0;0;201002;0;0;0;0;0;80;0;0;0;0;0;0;0;0;0;0;1905338;0;0;0;0;0;6075;0;199838;1;51511;1;0;14015048;0;0;0;0;0;0;0;0;0;0;0;0;0;18496;0;1;0;603563;200946;0;0;0;215686;2;0;5239;0;1;0;14;0;0;0;0;0;0;0;0;0;0;2;0;0;0;0;0;2;0;603308;0;0;0;0;0;0;0;0;1320;91707;0;0;2;0;0;2131;0;0;1935;2;0;0;0;0;0;1;1;0;143;0;0;0;0;0;0;603829;0;0;20;0;0;0;0;0;0;0;14;9498;0;0;0;0;0;0;0;0;0;0;0;0;0;49;0;0;1;0;0
10;0;0;0;0;0;32010;84152;0;0;9554;0;0;57;0;62;0;0;0;0;201085;0;0;0;0;0;80;0;0;0;0;0;0;0;0;0;0;1906537;0;0;0;0;0;6075;0;199922;1;51511;1;0;15016077;0;0;0;0;0;0;0;0;0;0;0;0;0;18496;0;1;0;603814;201030;0;0;0;215781;2;0;5239;0;1;0;14;0;0;0;0;0;0;0;0;0;0;2;0;0;0;0;0;2;0;603558;0;0;0;0;0;0;0;0;1320;91707;0;0;2;0;0;2131;0;0;1935;2;0;0;0;0;0;1;1;0;143;0;0;0;0;0;0;604079;0;0;20;0;0;0;0;0;0;0;14;9498;0;0;0;0;0;0;0;0;0;0;0;0;0;49;0;0;1;0;0
10;0;0;0;0;0;32011;84152;0;0;9554;0;0;57;0;62;0;0;0;0;201168;0;0;0;0;0;80;0;0;0;0;0;0;0;0;0;0;1907735;0;0;0;0;0;6075;0;200005;1;51512;1;0;16017093;0;0;0;0;0;0;0;0;0;0;0;0;0;18496;0;1;0;604065;201113;0;0;0;215876;2;0;5239;0;1;0;14;0;0;0;0;0;0;0;0;0;0;2;0;0;0;0;0;2;0;603808;0;0;0;0;0;0;0;0;1321;91707;0;0;2;0;0;2132;0;0;1935;2;0;0;0;0;0;1;1;0;143;0;0;0;0;0;0;604330;0;0;20;0;0;0;0;0;0;0;14;9498;0;0;0;0;0;0;0;0;0;0;0;0;0;49;0;0;1;0;0
10;0;0;0;0;0;32011;84152;0;0;9554;0;0;57;0;62;0;0;0;0;201252;0;0;0;0;0;80;0;0;0;0;0;0;0;0;0;0;1908936;0;0;0;0;0;6075;0;200088;1;51512;1;0;17018113;0;0;0;0;0;0;0;0;0;0;0;0;0;18496;0;1;0;604317;201197;0;0;0;215971;2;0;5239;0;1;0;14;0;0;0;0;0;0;0;0;0;0;2;0;0;0;0;0;2;0;604058;0;0;0;0;0;0;0;0;1321;91707;0;0;2;0;0;2132;0;0;1935;2;0;0;0;0;0;1;1;0;143;0;0;0;0;0;0;604580;0;0;20;0;0;0;0;0;0;0;14;9498;0;0;0;0;0;0;0;0;0;0;0;0;0;49;0;0;1;0;0
10;0;0;0;0;0;32012;84152;0;0;9554;0;0;57;0;62;0;0;0;0;201335;0;0;0;0;0;80;0;0;0;0;0;0;0;0;0;0;1910135;0;0;0;0;0;6075;0;200172;1;51513;1;0;18019131;0;0;0;0;0;0;0;0;0;0;0;0;0;18496;0;1;0;604568;201280;0;0;0;216066;2;0;5239;0;1;0;14;0;0;0;0;0;0;0;0;0;0;2;0;0;0;0;0;2;0;604309;0;0;0;0;0;0;0;0;1322;91707;0;0;2;0;0;2133;0;0;1935;2;0;0;0;0;0;1;1;0;143;0;0;0;0;0;0;604830;0;0;20;0;0;0;0;0;0;0;14;9498;0;0;0;0;0;0;0;0;0;0;0;0;0;49;0;0;1;0;0
10;0;0;0;0;0;32014;84153;0;0;9554;0;0;57;0;62;0;0;0;0;201419;0;0;0;0;0;80;0;0;0;0;0;0;0;0;0;0;1911334;0;0;0;0;0;6075;0;200255;1;51517;1;0;19020162;0;0;0;0;0;0;0;0;0;0;0;0;0;18496;0;1;0;604819;201363;0;0;0;216161;2;0;5239;0;1;0;14;0;0;0;0;0;0;0;0;0;0;2;0;0;0;0;0;2;0;604561;0;0;0;0;0;0;0;0;1322;91707;0;0;2;0;0;2133;0;0;1935;2;0;0;0;0;0;1;1;0;143;0;0;0;0;0;0;605082;0;0;20;0;0;0;0;0;0;0;14;9498;0;0;0;0;0;0;0;0;0;0;0;0;0;49;0;0;1;0;0
10;0;0;0;0;0;32015;84153;0;0;9554;0;0;57;0;62;0;0;0;0;201502;0;0;0;0;0;80;0;0;0;0;0;0;0;0;0;0;1912534;0;0;0;0;0;6075;0;200339;1;51518;1;0;20021182;0;0;0;0;0;0;0;0;0;0;0;0;0;18496;0;1;0;605070;201447;0;0;0;216256;2;0;5239;0;1;0;14;0;0;0;0;0;0;0;0;0;0;2;0;0;0;0;0;2;0;604811;0;0;0;0;0;0;0;0;1323;91707;0;0;2;0;0;2134;0;0;1935;2;0;0;0;0;0;1;1;0;143;0;0;0;0;0;0;605333;0;0;20;0;0;0;0;0;0;0;14;9498;0;0;0;0;0;0;0;0;0;0;0;0;0;49;0;0;1;0;0
10;0;0;0;0;0;32015;84153;0;0;9554;0;0;57;0;62;0;0;0;0;201585;0;0;0;0;0;80;0;0;0;0;0;0;0;0;0;0;1913733;0;0;0;0;0;6075;0;200422;1;51518;1;0;21022197;0;0;0;0;0;0;0;0;0;0;0;0;0;18496;0;1;0;605322;201530;0;0;0;216351;2;0;5239;0;1;0;14;0;0;0;0;0;0;0;0;0;0;2;0;0;0;0;0;2;0;605061;0;0;0;0;0;0;0;0;1323;91707;0;0;2;0;0;2134;0;0;1935;2;0;0;0;0;0;1;1;0;143;0;0;0;0;0;0;605583;0;0;20;0;0;0;0;0;0;0;14;9498;0;0;0;0;0;0;0;0;0;0;0;0;0;49;0;0;1;0;0
10;0;0;0;0;0;32016;84153;0;0;9554;0;0;57;0;62;0;0;0;0;201669;0;0;0;0;0;80;0;0;0;0;0;0;0;0;0;0;1914932;0;0;0;0;0;6075;0;200505;1;51519;1;0;22023214;0;0;0;0;0;0;0;0;0;0;0;0;0;18496;0;1;0;605573;201614;0;0;0;216446;2;0;5239;0;1;0;14;0;0;0;0;0;0;0;0;0;0;2;0;0;0;0;0;2;0;605312;0;0;0;0;0;0;0;0;1324;91707;0;0;2;0;0;2135;0;0;1935;2;0;0;0;0;0;1;1;0;143;0;0;0;0;0;0;605833;0;0;20;0;0;0;0;0;0;0;14;9498;0;0;0;0;0;0;0;0;0;0;0;0;0;49;0;0;1;0;0
10;0;0;0;0;0;32016;84153;0;0;9554;0;0;57;0;62;0;0;0;0;201752;0;0;0;0;0;80;0;0;0;0;0;0;0;0;0;0;1916131;0;0;0;0;0;6075;0;200589;1;51519;1;0;23024233;0;0;0;0;0;0;0;0;0;0;0;0;0;18496;0;1;0;605824;201697;0;0;0;216541;2;0;5239;0;1;0;14;0;0;0;0;0;0;0;0;0;0;2;0;0;0;0;0;2;0;605562;0;0;0;0;0;0;0;0;1324;91707;0;0;2;0;0;2135;0;0;1935;2;0;0;0;0;0;1;1;0;143;0;0;0;0;0;0;606083;0;0;20;0;0;0;0;0;0;0;14;9498;0;0;0;0;0;0;0;0;0;0;0;0;0;49;0;0;1;0;0
10;0;0;0;0;0;32017;84153;0;0;9554;0;0;57;0;62;0;0;0;0;201836;0;0;0;0;0;80;0;0;0;0;0;0;0;0;0;0;1917331;0;0;0;0;0;6075;0;200672;1;51520;1;0;24025266;0;0;0;0;0;0;0;0;0;0;0;0;0;18496;0;1;0;606075;201781;0;0;0;216636;2;0;5239;0;1;0;14;0;0;0;0;0;0;0;0;0;0;2;0;0;0;0;0;2;0;605812;0;0;0;0;0;0;0;0;1325;91707;0;0;2;0;0;2141;0;0;1935;2;0;0;0;0;0;1;1;0;143;0;0;0;0;0;0;606334;0;0;20;0;0;0;0;0;0;0;14;9498;0;0;0;0;0;0;0;0;0;0;0;0;0;49;0;0;1;0;0
10;0;0;0;0;0;32020;84153;0;0;9554;0;0;57;0;62;0;0;0;0;201920;0;0;0;0;0;80;0;0;0;0;0;0;0;0;0;0;1918530;0;0;0;0;0;6075;0;200756;1;51520;1;0;25026284;0;0;0;0;0;0;0;0;0;0;0;0;0;18496;0;1;0;606327;201864;0;0;0;216731;2;0;5239;0;1;0;14;0;0;0;0;0;0;0;0;0;0;2;0;0;0;0;0;2;0;606063;0;0;0;0;0;0;0;0;1325;91707;0;0;2;0;0;2146;0;0;1935;2;0;0;0;0;0;1;1;0;143;0;0;0;0;0;0;606585;0;0;20;0;0;0;0;0;0;0;14;9498;0;0;0;0;0;0;0;0;0;0;0;0;0;49;0;0;1;0;0
10;0;0;0;0;0;32021;84153;0;0;9554;0;0;57;0;62;0;0;0;0;202003;0;0;0;0;0;80;0;0;0;0;0;0;0;0;0;0;1919729;0;0;0;0;0;6075;0;200839;1;51521;1;0;26027298;0;0;0;0;0;0;0;0;0;0;0;0;0;18496;0;1;0;606578;201947;0;0;0;216826;2;0;5239;0;1;0;14;0;0;0;0;0;0;0;0;0;0;2;0;0;0;0;0;2;0;606313;0;0;0;0;0;0;0;0;1326;91707;0;0;2;0;0;2148;0;0;1935;2;0;0;0;0;0;1;1;0;143;0;0;0;0;0;0;606835;0;0;20;0;0;0;0;0;0;0;14;9498;0;0;0;0;0;0;0;0;0;0;0;0;0;49;0;0;1;0;0
10;0;0;0;0;0;32021;84153;0;0;9554;0;0;57;0;62;0;0;0;0;202086;0;0;0;0;0;80;0;0;0;0;0;0;0;0;0;0;1920929;0;0;0;0;0;6075;0;200923;1;51521;1;0;27028325;0;0;0;0;0;0;0;0;0;0;0;0;0;18496;0;1;0;606829;202031;0;0;0;216921;2;0;5239;0;1;0;14;0;0;0;0;0;0;0;0;0;0;2;0;0;0;0;0;2;0;606563;0;0;0;0;0;0;0;0;1326;91707;0;0;2;0;0;2148;0;0;1935;2;0;0;0;0;0;1;1;0;143;0;0;0;0;0;0;607085;0;0;20;0;0;0;0;0;0;0;14;9498;0;0;0;0;0;0;0;0;0;0;0;0;0;49;0;0;1;0;0
10;0;0;0;0;0;32022;84153;0;0;9554;0;0;57;0;62;0;0;0;0;202170;0;0;0;0;0;80;0;0;0;0;0;0;0;0;0;0;1922128;0;0;0;0;0;6075;0;201006;1;51522;1;0;28029342;0;0;0;0;0;0;0;0;0;0;0;0;0;18496;0;1;0;607080;202114;0;0;0;217016;2;0;5239;0;1;0;14;0;0;0;0;0;0;0;0;0;0;2;0;0;0;0;0;2;0;606813;0;0;0;0;0;0;0;0;1327;91707;0;0;2;0;0;2149;0;0;1935;2;0;0;0;0;0;1;1;0;143;0;0;0;0;0;0;607336;0;0;20;0;0;0;0;0;0;0;14;9498;0;0;0;0;0;0;0;0;0;0;0;0;0;49;0;0;1;0;0
10;0;0;0;0;0;32022;84154;0;0;9554;0;0;57;0;62;0;0;0;0;202253;0;0;0;0;0;80;0;0;0;0;0;0;0;0;0;0;1923327;0;0;0;0;0;6075;0;201089;1;51523;1;0;29030370;0;0;0;0;0;0;0;0;0;0;0;0;0;18496;0;1;0;607332;202198;0;0;0;217110;2;0;5239;0;1;0;14;0;0;0;0;0;0;0;0;0;0;2;0;0;0;0;0;2;0;607064;0;0;0;0;0;0;0;0;1327;91707;0;0;2;0;0;2151;0;0;1935;2;0;0;0;0;0;1;1;0;143;0;0;0;0;0;0;607588;0;0;20;0;0;0;0;0;0;0;14;9498;0;0;0;0;0;0;0;0;0;0;0;0;0;49;0;0;1;0;0
10;0;0;0;0;0;32023;84154;0;0;9554;0;0;57;0;62;0;0;0;0;202337;0;0;0;0;0;80;0;0;0;0;0;0;0;0;0;0;1924527;0;0;0;0;0;6075;0;201173;1;51524;1;0;30031383;0;0;0;0;0;0;0;0;0;0;0;0;0;18496;0;1;0;607583;202281;0;0;0;217205;2;0;5239;0;1;0;14;0;0;0;0;0;0;0;0;0;0;2;0;0;0;0;0;2;0;607314;0;0;0;0;0;0;0;0;1328;91707;0;0;2;0;0;2152;0;0;1935;2;0;0;0;0;0;1;1;0;143;0;0;0;0;0;0;607839;0;0;20;0;0;0;0;0;0;0;14;9498;0;0;0;0;0;0;0;0;0;0;0;0;0;49;0;0;1;0;0
10;0;0;0;0;0;32023;84154;0;0;9554;0;0;57;0;62;0;0;0;0;202420;0;0;0;0;0;80;0;0;0;0;0;0;0;0;0;0;1925726;0;0;0;0;0;6075;0;201256;1;51524;1;0;31032399;0;0;0;0;0;0;0;0;0;0;0;0;0;18496;0;1;0;607834;202365;0;0;0;217300;2;0;5239;0;1;0;14;0;0;0;0;0;0;0;0;0;0;2;0;0;0;0;0;2;0;607564;0;0;0;0;0;0;0;0;1328;91707;0;0;2;0;0;2152;0;0;1935;2;0;0;0;0;0;1;1;0;143;0;0;0;0;0;0;608089;0;0;20;0;0;0;0;0;0;0;14;9498;0;0;0;0;0;0;0;0;0;0;0;0;0;49;0;0;1;0;0
10;0;0;0;0;0;32024;84154;0;0;9554;0;0;57;0;62;0;0;0;0;202503;0;0;0;0;0;80;0;0;0;0;0;0;0;0;0;0;1926925;0;0;0;0;0;6075;0;201340;1;51525;1;0;32033427;0;0;0;0;0;0;0;0;0;0;0;0;0;18496;0;1;0;608085;202448;0;0;0;217395;2;0;5239;0;1;0;14;0;0;0;0;0;0;0;0;0;0;2;0;0;0;0;0;2;0;607814;0;0;0;0;0;0;0;0;1329;91707;0;0;2;0;0;2153;0;0;1935;2;0;0;0;0;0;1;1;0;143;0;0;0;0;0;0;608340;0;0;20;0;0;0;0;0;0;0;14;9498;0;0;0;0;0;0;0;0;0;0;0;0;0;49;0;0;1;0;0
10;0;0;0;0;0;32026;84156;0;0;9554;0;0;57;0;62;0;0;0;0;202587;0;0;0;0;0;80;0;0;0;0;0;0;0;0;0;0;1928125;0;0;0;0;0;6075;0;201423;1;51525;1;0;33034459;0;0;0;0;0;0;0;0;0;0;0;0;0;18496;0;1;0;608337;202532;0;0;0;217490;2;0;5239;0;1;0;14;0;0;0;0;0;0;0;0;0;0;2;0;0;0;0;0;2;0;608065;0;0;0;0;0;0;0;0;1329;91707;0;0;2;0;0;2157;0;0;1935;2;0;0;0;0;0;1;1;0;143;0;0;0;0;0;0;608590;0;0;20;0;0;0;0;0;0;0;14;9498;0;0;0;0;0;0;0;0;0;0;0;0;0;49;0;0;1;0;0
10;0;0;0;0;0;32032;84156;0;0;9554;0;0;57;0;62;0;0;0;0;202670;0;0;0;0;0;80;0;0;0;0;0;0;0;0;0;0;1929323;0;0;0;0;0;6075;0;201506;1;51526;1;0;34035477;0;0;0;0;0;0;0;0;0;0;0;0;0;18496;0;1;0;608588;202615;0;0;0;217585;2;0;5239;0;1;0;14;0;0;0;0;0;0;0;0;0;0;2;0;0;0;0;0;2;0;608315;0;0;0;0;0;0;0;0;1333;91707;0;0;2;0;0;2158;0;0;1935;2;0;0;0;0;0;1;1;0;143;0;0;0;0;0;0;608841;0;0;20;0;0;0;0;0;0;0;14;9498;0;0;0;0;0;0;0;0;0;0;0;0;0;49;0;0;1;0;0
10;0;0;0;0;0;32032;84156;0;0;9554;0;0;57;0;62;0;0;0;0;202754;0;0;0;0;0;80;0;0;0;0;0;0;0;0;0;0;1930522;0;0;0;0;0;6075;0;201590;1;51526;1;0;35036488;0;0;0;0;0;0;0;0;0;0;0;0;0;18496;0;1;0;608839;202698;0;0;0;217680;2;0;5239;0;1;0;14;0;0;0;0;0;0;0;0;0;0;2;0;0;0;0;0;2;0;608565;0;0;0;0;0;0;0;0;1333;91707;0;0;2;0;0;2158;0;0;1935;2;0;0;0;0;0;1;1;0;143;0;0;0;0;0;0;609091;0;0;20;0;0;0;0;0;0;0;14;9498;0;0;0;0;0;0;0;0;0;0;0;0;0;49;0;0;1;0;0
10;0;0;0;0;0;32033;84156;0;0;9554;0;0;57;0;62;0;0;0;0;202837;0;0;0;0;0;80;0;0;0;0;0;0;0;0;0;0;1931721;0;0;0;0;0;6075;0;201673;1;51527;1;0;36037506;0;0;0;0;0;0;0;0;0;0;0;0;0;18496;0;1;0;609090;202782;0;0;0;217775;2;0;5239;0;1;0;14;0;0;0;0;0;0;0;0;0;0;2;0;0;0;0;0;2;0;608815;0;0;0;0;0;0;0;0;1334;91707;0;0;2;0;0;2159;0;0;1935;2;0;0;0;0;0;1;1;0;143;0;0;0;0;0;0;609342;0;0;20;0;0;0;0;0;0;0;14;9498;0;0;0;0;0;0;0;0;0;0;0;0;0;49;0;0;1;0;0
10;0;0;0;0;0;32033;84156;0;0;9554;0;0;57;0;62;0;0;0;0;202921;0;0;0;0;0;80;0;0;0;0;0;0;0;0;0;0;1932921;0;0;0;0;0;6075;0;201757;1;51527;1;0;37038523;0;0;0;0;0;0;0;0;0;0;0;0;0;18496;0;1;0;609342;202865;0;0;0;217870;2;0;5239;0;1;0;14;0;0;0;0;0;0;0;0;0;0;2;0;0;0;0;0;2;0;609066;0;0;0;0;0;0;0;0;1334;91707;0;0;2;0;0;2159;0;0;1935;2;0;0;0;0;0;1;1;0;143;0;0;0;0;0;0;609592;0;0;20;0;0;0;0;0;0;0;14;9498;0;0;0;0;0;0;0;0;0;0;0;0;0;49;0;0;1;0;0
10;0;0;0;0;0;32034;84156;0;0;9554;0;0;57;0;62;0;0;0;0;203004;0;0;0;0;0;80;0;0;0;0;0;0;0;0;0;0;1934120;0;0;0;0;0;6075;0;201840;1;51528;1;0;38039540;0;0;0;0;0;0;0;0;0;0;0;0;0;18496;0;1;0;609593;202949;0;0;0;217965;2;0;5239;0;1;0;14;0;0;0;0;0;0;0;0;0;0;2;0;0;0;0;0;2;0;609316;0;0;0;0;0;0;0;0;1335;91707;0;0;2;0;0;2160;0;0;1935;2;0;0;0;0;0;1;1;0;143;0;0;0;0;0;0;609842;0;0;20;0;0;0;0;0;0;0;14;9498;0;0;0;0;0;0;0;0;0;0;0;0;0;49;0;0;1;0;0
10;0;0;0;0;0;32034;84156;0;0;9554;0;0;57;0;62;0;0;0;0;203087;0;0;0;0;0;80;0;0;0;0;0;0;0;0;0;0;1935319;0;0;0;0;0;6075;0;201924;1;51528;1;0;39040577;0;0;0;0;0;0;0;0;0;0;0;0;0;18496;0;1;0;609844;203032;0;0;0;218060;2;0;5239;0;1;0;14;0;0;0;0;0;0;0;0;0;0;2;0;0;0;0;0;2;0;609567;0;0;0;0;0;0;0;0;1335;91708;0;0;2;0;0;2160;0;0;1935;2;0;0;0;0;0;1;1;0;143;0;0;0;0;0;0;610093;0;0;20;0;0;0;0;0;0;0;14;9498;0;0;0;0;0;0;0;0;0;0;0;0;0;49;0;0;1;0;0
10;0;0;0;0;0;32035;84156;0;0;9554;0;0;57;0;62;0;0;0;0;203171;0;0;0;0;0;80;0;0;0;0;0;0;0;0;0;0;1936520;0;0;0;0;0;6075;0;202007;1;51529;1;0;40041590;0;0;0;0;0;0;0;0;0;0;0;0;0;18496;0;1;0;610095;203116;0;0;0;218155;2;0;5239;0;1;0;14;0;0;0;0;0;0;0;0;0;0;2;0;0;0;0;0;2;0;609817;0;0;0;0;0;0;0;0;1337;91708;0;0;2;0;0;2179;0;0;1935;2;0;0;0;0;0;1;1;0;143;0;0;0;0;0;0;610345;0;0;20;0;0;0;0;0;0;0;14;9498;0;0;0;0;0;0;0;0;0;0;0;0;0;49;0;0;1;0;0
10;0;0;0;0;0;32035;84156;0;0;9554;0;0;57;0;62;0;0;0;0;203254;0;0;0;0;0;80;0;0;0;0;0;0;0;0;0;0;1937718;0;0;0;0;0;6075;0;202090;1;51529;1;0;41042606;0;0;0;0;0;0;0;0;0;0;0;0;0;18496;0;1;0;610347;203199;0;0;0;218250;2;0;5239;0;1;0;14;0;0;0;0;0;0;0;0;0;0;2;0;0;0;0;0;2;0;610068;0;0;0;0;0;0;0;0;1337;91708;0;0;2;0;0;2179;0;0;1935;2;0;0;0;0;0;1;1;0;143;0;0;0;0;0;0;610595;0;0;20;0;0;0;0;0;0;0;14;9498;0;0;0;0;0;0;0;0;0;0;0;0;0;49;0;0;1;0;0
10;0;0;0;0;0;32036;84156;0;0;9554;0;0;57;0;62;0;0;0;0;203338;0;0;0;0;0;80;0;0;0;0;0;0;0;0;0;0;1938915;0;0;0;0;0;6075;0;202174;1;51530;1;0;42043623;0;0;0;0;0;0;0;0;0;0;0;0;0;18496;0;1;0;610598;203282;0;0;0;218345;2;0;5239;0;1;0;14;0;0;0;0;0;0;0;0;0;0;2;0;0;0;0;0;2;0;610318;0;0;0;0;0;0;0;0;1338;91708;0;0;2;0;0;2180;0;0;1935;2;0;0;0;0;0;1;1;0;143;0;0;0;0;0;0;610845;0;0;20;0;0;0;0;0;0;0;14;9498;0;0;0;0;0;0;0;0;0;0;0;0;0;49;0;0;1;0;0
10;0;0;0;0;0;32036;84156;0;0;9554;0;0;57;0;62;0;0;0;0;203421;0;0;0;0;0;80;0;0;0;0;0;0;0;0;0;0;1940110;0;0;0;0;0;6075;0;202257;1;51530;1;0;43044641;0;0;0;0;0;0;0;0;0;0;0;0;0;18496;0;1;0;610849;203366;0;0;0;218440;2;0;5239;0;1;0;14;0;0;0;0;0;0;0;0;0;0;2;0;0;0;0;0;2;0;610568;0;0;0;0;0;0;0;0;1338;91708;0;0;2;0;0;2180;0;0;1935;2;0;0;0;0;0;1;1;0;143;0;0;0;0;0;0;611095;0;0;20;0;0;0;0;0;0;0;14;9498;0;0;0;0;0;0;0;0;0;0;0;0;0;49;0;0;1;0;0
10;0;0;0;0;0;32037;84156;0;0;9554;0;0;57;0;62;0;0;0;0;203504;0;0;0;0;0;80;0;0;0;0;0;0;0;0;0;0;1941306;0;0;0;0;0;6075;0;202341;1;51531;1;0;44045670;0;0;0;0;0;0;0;0;0;0;0;0;0;18496;0;1;0;611100;203449;0;0;0;218535;2;0;5239;0;1;0;14;0;0;0;0;0;0;0;0;0;0;2;0;0;0;0;0;2;0;610818;0;0;0;0;0;0;0;0;1339;91708;0;0;2;0;0;2181;0;0;1935;2;0;0;0;0;0;1;1;0;143;0;0;0;0;0;0;611346;0;0;20;0;0;0;0;0;0;0;14;9498;0;0;0;0;0;0;0;0;0;0;0;0;0;49;0;0;1;0;0
10;0;0;0;0;0;32037;84156;0;0;9554;0;0;57;0;62;0;0;0;0;203588;0;0;0;0;0;80;0;0;0;0;0;0;0;0;0;0;1942503;0;0;0;0;0;6075;0;202424;1;51531;1;0;45046689;0;0;0;0;0;0;0;0;0;0;0;0;0;18496;0;1;0;611352;203533;0;0;0;218630;2;0;5239;0;1;0;14;0;0;0;0;0;0;0;0;0;0;2;0;0;0;0;0;2;0;611069;0;0;0;0;0;0;0;0;1339;91708;0;0;2;0;0;2181;0;0;1935;2;0;0;0;0;0;1;1;0;143;0;0;0;0;0;0;611596;0;0;20;0;0;0;0;0;0;0;14;9498;0;0;0;0;0;0;0;0;0;0;0;0;0;49;0;0;1;0;0
10;0;0;0;0;0;32038;84156;0;0;9554;0;0;57;0;62;0;0;0;0;203671;0;0;0;0;0;80;0;0;0;0;0;0;0;0;0;0;1943699;0;0;0;0;0;6075;0;202507;1;51532;1;0;46047707;0;0;0;0;0;0;0;0;0;0;0;0;0;18496;0;1;0;611603;203616;0;0;0;218725;2;0;5239;0;1;0;14;0;0;0;0;0;0;0;0;0;0;2;0;0;0;0;0;2;0;611319;0;0;0;0;0;0;0;0;1340;91708;0;0;2;0;0;2182;0;0;1935;2;0;0;0;0;0;1;1;0;143;0;0;0;0;0;0;611846;0;0;20;0;0;0;0;0;0;0;14;9498;0;0;0;0;0;0;0;0;0;0;0;0;0;49;0;0;1;0;0
10;0;0;0;0;0;32038;84156;0;0;9554;0;0;57;0;62;0;0;0;0;203755;0;0;0;0;0;80;0;0;0;0;0;0;0;0;0;0;1944895;0;0;0;0;0;6075;0;202591;1;51532;1;0;47048725;0;0;0;0;0;0;0;0;0;0;0;0;0;18496;0;1;0;611854;203699;0;0;0;218820;2;0;5239;0;1;0;14;0;0;0;0;0;0;0;0;0;0;2;0;0;0;0;0;2;0;611569;0;0;0;0;0;0;0;0;1340;91708;0;0;2;0;0;2182;0;0;1935;2;0;0;0;0;0;1;1;0;143;0;0;0;0;0;0;612096;0;0;20;0;0;0;0;0;0;0;14;9498;0;0;0;0;0;0;0;0;0;0;0;0;0;49;0;0;1;0;0
10;0;0;0;0;0;32039;84156;0;0;9554;0;0;57;0;62;0;0;0;0;203838;0;0;0;0;0;80;0;0;0;0;0;0;0;0;0;0;1946091;0;0;0;0;0;6075;0;202674;1;51533;1;0;48049743;0;0;0;0;0;0;0;0;0;0;0;0;0;18496;0;1;0;612106;203783;0;0;0;218915;2;0;5239;0;1;0;14;0;0;0;0;0;0;0;0;0;0;2;0;0;0;0;0;2;0;611819;0;0;0;0;0;0;0;0;1341;91708;0;0;2;0;0;2183;0;0;1935;2;0;0;0;0;0;1;1;0;143;0;0;0;0;0;0;612347;0;0;20;0;0;0;0;0;0;0;14;9498;0;0;0;0;0;0;0;0;0;0;0;0;0;49;0;0;1;0;0
10;0;0;0;0;0;32039;84156;0;0;9554;0;0;57;0;62;0;0;0;0;203922;0;0;0;0;0;80;0;0;0;0;0;0;0;0;0;0;1947288;0;0;0;0;0;6075;0;202758;1;51533;1;0;49050764;0;0;0;0;0;0;0;0;0;0;0;0;0;18496;0;1;0;612357;203867;0;0;0;219010;2;0;5239;0;1;0;14;0;0;0;0;0;0;0;0;0;0;2;0;0;0;0;0;2;0;612070;0;0;0;0;0;0;0;0;1341;91708;0;0;2;0;0;2183;0;0;1935;2;0;0;0;0;0;1;1;0;143;0;0;0;0;0;0;612598;0;0;20;0;0;0;0;0;0;0;14;9498;0;0;0;0;0;0;0;0;0;0;0;0;0;49;0;0;1;0;0
10;0;0;0;0;0;32040;84156;0;0;9554;0;0;57;0;62;0;0;0;0;204005;0;0;0;0;0;80;0;0;0;0;0;0;0;0;0;0;1948483;0;0;0;0;0;6075;0;202841;1;51534;1;0;50051780;0;0;0;0;0;0;0;0;0;0;0;0;0;18496;0;1;0;612608;203950;0;0;0;219105;2;0;5239;0;1;0;14;0;0;0;0;0;0;0;0;0;0;2;0;0;0;0;0;2;0;612321;0;0;0;0;0;0;0;0;1342;91708;0;0;2;0;0;2184;0;0;1935;2;0;0;0;0;0;1;1;0;143;0;0;0;0;0;0;612848;0;0;20;0;0;0;0;0;0;0;14;9498;0;0;0;0;0;0;0;0;0;0;0;0;0;49;0;0;1;0;0
10;0;0;0;0;0;32040;84156;0;0;9554;0;0;57;0;62;0;0;0;0;204088;0;0;0;0;0;80;0;0;0;0;0;0;0;0;0;0;1949678;0;0;0;0;0;6075;0;202925;1;51534;1;0;51052807;0;0;0;0;0;0;0;0;0;0;0;0;0;18496;0;1;0;612859;204034;0;0;0;219200;2;0;5239;0;1;0;14;0;0;0;0;0;0;0;0;0;0;2;0;0;0;0;0;2;0;612571;0;0;0;0;0;0;0;0;1342;91708;0;0;2;0;0;2184;0;0;1935;2;0;0;0;0;0;1;1;0;143;0;0;0;0;0;0;613099;0;0;20;0;0;0;0;0;0;0;14;9498;0;0;0;0;0;0;0;0;0;0;0;0;0;49;0;0;1;0;0
10;0;0;0;0;0;32041;84156;0;0;9554;0;0;57;0;62;0;0;0;0;204172;0;0;0;0;0;80;0;0;0;0;0;0;0;0;0;0;1950876;0;0;0;0;0;6075;0;203008;1;51535;1;0;52053826;0;0;0;0;0;0;0;0;0;0;0;0;0;18496;0;1;0;613111;204117;0;0;0;219295;2;0;5239;0;1;0;14;0;0;0;0;0;0;0;0;0;0;2;0;0;0;0;0;2;0;612821;0;0;0;0;0;0;0;0;1343;91708;0;0;2;0;0;2185;0;0;1935;2;0;0;0;0;0;1;1;0;143;0;0;0;0;0;0;613349;0;0;20;0;0;0;0;0;0;0;14;9498;0;0;0;0;0;0;0;0;0;0;0;0;0;49;0;0;1;0;0
10;0;0;0;0;0;32041;84156;0;0;9554;0;0;57;0;62;0;0;0;0;204255;0;0;0;0;0;80;0;0;0;0;0;0;0;0;0;0;1952070;0;0;0;0;0;6075;0;203091;1;51535;1;0;53054843;0;0;0;0;0;0;0;0;0;0;0;0;0;18496;0;1;0;613362;204200;0;0;0;219390;2;0;5239;0;1;0;14;0;0;0;0;0;0;0;0;0;0;2;0;0;0;0;0;2;0;613072;0;0;0;0;0;0;0;0;1343;91708;0;0;2;0;0;2185;0;0;1935;2;0;0;0;0;0;1;1;0;143;0;0;0;0;0;0;613599;0;0;20;0;0;0;0;0;0;0;14;9498;0;0;0;0;0;0;0;0;0;0;0;0;0;49;0;0;1;0;0
10;0;0;0;0;0;32042;84156;0;0;9554;0;0;57;0;62;0;0;0;0;204339;0;0;0;0;0;80;0;0;0;0;0;0;0;0;0;0;1953265;0;0;0;0;0;6075;0;203175;1;51536;1;0;54055860;0;0;0;0;0;0;0;0;0;0;0;0;0;18496;0;1;0;613613;204284;0;0;0;219485;2;0;5239;0;1;0;14;0;0;0;0;0;0;0;0;0;0;2;0;0;0;0;0;2;0;613322;0;0;0;0;0;0;0;0;1344;91708;0;0;2;0;0;2186;0;0;1935;2;0;0;0;0;0;1;1;0;143;0;0;0;0;0;0;613849;0;0;20;0;0;0;0;0;0;0;14;9498;0;0;0;0;0;0;0;0;0;0;0;0;0;49;0;0;1;0;0
10;0;0;0;0;0;32042;84156;0;0;9554;0;0;57;0;62;0;0;0;0;204422;0;0;0;0;0;80;0;0;0;0;0;0;0;0;0;0;1954462;0;0;0;0;0;6075;0;203258;1;51536;1;0;55056879;0;0;0;0;0;0;0;0;0;0;0;0;0;18496;0;1;0;613864;204367;0;0;0;219580;2;0;5239;0;1;0;14;0;0;0;0;0;0;0;0;0;0;2;0;0;0;0;0;2;0;613572;0;0;0;0;0;0;0;0;1344;91708;0;0;2;0;0;2186;0;0;1935;2;0;0;0;0;0;1;1;0;143;0;0;0;0;0;0;614100;0;0;20;0;0;0;0;0;0;0;14;9498;0;0;0;0;0;0;0;0;0;0;0;0;0;49;0;0;1;0;0
10;0;0;0;0;0;32043;84156;0;0;9554;0;0;57;0;62;0;0;0;0;204505;0;0;0;0;0;80;0;0;0;0;0;0;0;0;0;0;1955658;0;0;0;0;0;6075;0;203342;1;51537;1;0;56057908;0;0;0;0;0;0;0;0;0;0;0;0;0;18496;0;1;0;614116;204451;0;0;0;219675;2;0;5239;0;1;0;14;0;0;0;0;0;0;0;0;0;0;2;0;0;0;0;0;2;0;613822;0;0;0;0;0;0;0;0;1345;91708;0;0;2;0;0;2187;0;0;1935;2;0;0;0;0;0;1;1;0;143;0;0;0;0;0;0;614350;0;0;20;0;0;0;0;0;0;0;14;9498;0;0;0;0;0;0;0;0;0;0;0;0;0;49;0;0;1;0;0
10;0;0;0;0;0;32043;84156;0;0;9554;0;0;57;0;62;0;0;0;0;204589;0;0;0;0;0;80;0;0;0;0;0;0;0;0;0;0;1956853;0;0;0;0;0;6075;0;203425;1;51537;1;0;57058925;0;0;0;0;0;0;0;0;0;0;0;0;0;18496;0;1;0;614367;204534;0;0;0;219770;2;0;5239;0;1;0;14;0;0;0;0;0;0;0;0;0;0;2;0;0;0;0;0;2;0;614073;0;0;0;0;0;0;0;0;1345;91708;0;0;2;0;0;2187;0;0;1935;2;0;0;0;0;0;1;1;0;143;0;0;0;0;0;0;614600;0;0;20;0;0;0;0;0;0;0;14;9498;0;0;0;0;0;0;0;0;0;0;0;0;0;49;0;0;1;0;0
10;0;0;0;0;0;32044;84156;0;0;9554;0;0;57;0;62;0;0;0;0;204672;0;0;0;0;0;80;0;0;0;0;0;0;0;0;0;0;1958049;0;0;0;0;0;6075;0;203509;1;51538;1;0;58059953;0;0;0;0;0;0;0;0;0;0;0;0;0;18496;0;1;0;614618;204617;0;0;0;219865;2;0;5239;0;1;0;14;0;0;0;0;0;0;0;0;0;0;2;0;0;0;0;0;2;0;614323;0;0;0;0;0;0;0;0;1346;91708;0;0;2;0;0;2188;0;0;1935;2;0;0;0;0;0;1;1;0;143;0;0;0;0;0;0;614850;0;0;20;0;0;0;0;0;0;0;14;9498;0;0;0;0;0;0;0;0;0;0;0;0;0;49;0;0;1;0;0
10;0;0;0;0;0;32044;84156;0;0;9554;0;0;57;0;62;0;0;0;0;204756;0;0;0;0;0;80;0;0;0;0;0;0;0;0;0;0;1959244;0;0;0;0;0;6075;0;203592;1;51538;1;0;59060974;0;0;0;0;0;0;0;0;0;0;0;0;0;18496;0;1;0;614869;204701;0;0;0;219960;2;0;5239;0;1;0;14;0;0;0;0;0;0;0;0;0;0;2;0;0;0;0;0;2;0;614574;0;0;0;0;0;0;0;0;1346;91708;0;0;2;0;0;2188;0;0;1935;2;0;0;0;0;0;1;1;0;143;0;0;0;0;0;0;615101;0;0;20;0;0;0;0;0;0;0;14;9498;0;0;0;0;0;0;0;0;0;0;0;0;0;49;0;0;1;0;0
10;0;0;0;0;0;32045;84156;0;0;9554;0;0;57;0;62;0;0;0;0;204839;0;0;0;0;0;80;0;0;0;0;0;0;0;0;0;0;1960441;0;0;0;0;0;6075;0;203676;1;51539;1;0;60061990;0;0;0;0;0;0;0;0;0;0;0;0;0;18496;0;1;0;615121;204784;0;0;0;220055;2;0;5239;0;1;0;14;0;0;0;0;0;0;0;0;0;0;2;0;0;0;0;0;2;0;614824;0;0;0;0;0;0;0;0;1347;91708;0;0;2;0;0;2189;0;0;1935;2;0;0;0;0;0;1;1;0;143;0;0;0;0;0;0;615351;0;0;20;0;0;0;0;0;0;0;14;9498;0;0;0;0;0;0;0;0;0;0;0;0;0;49;0;0;1;0;0
10;0;0;0;0;0;32045;84156;0;0;9554;0;0;57;0;62;0;0;0;0;204923;0;0;0;0;0;80;0;0;0;0;0;0;0;0;0;0;1961637;0;0;0;0;0;6075;0;203759;1;51539;1;0;61063007;0;0;0;0;0;0;0;0;0;0;0;0;0;18496;0;1;0;615372;204868;0;0;0;220150;2;0;5239;0;1;0;14;0;0;0;0;0;0;0;0;0;0;2;0;0;0;0;0;2;0;615075;0;0;0;0;0;0;0;0;1347;91708;0;0;2;0;0;2189;0;0;1935;2;0;0;0;0;0;1;1;0;143;0;0;0;0;0;0;615601;0;0;20;0;0;0;0;0;0;0;14;9498;0;0;0;0;0;0;0;0;0;0;0;0;0;49;0;0;1;0;0
10;0;0;0;0;0;32046;84156;0;0;9554;0;0;57;0;62;0;0;0;0;205006;0;0;0;0;0;80;0;0;0;0;0;0;0;0;0;0;1962833;0;0;0;0;0;6075;0;203843;1;51540;1;0;62064036;0;0;0;0;0;0;0;0;0;0;0;0;0;18496;0;1;0;615623;204951;0;0;0;220245;2;0;5239;0;1;0;14;0;0;0;0;0;0;0;0;0;0;2;0;0;0;0;0;2;0;615325;0;0;0;0;0;0;0;0;1348;91708;0;0;2;0;0;2190;0;0;1935;2;0;0;0;0;0;1;1;0;143;0;0;0;0;0;0;615851;0;0;20;0;0;0;0;0;0;0;14;9498;0;0;0;0;0;0;0;0;0;0;0;0;0;49;0;0;1;0;0
10;0;0;0;0;0;32046;84156;0;0;9554;0;0;57;0;62;0;0;0;0;205089;0;0;0;0;0;80;0;0;0;0;0;0;0;0;0;0;1964028;0;0;0;0;0;6075;0;203926;1;51540;1;0;63065055;0;0;0;0;0;0;0;0;0;0;0;0;0;18496;0;1;0;615874;205035;0;0;0;220340;2;0;5239;0;1;0;14;0;0;0;0;0;0;0;0;0;0;2;0;0;0;0;0;2;0;615576;0;0;0;0;0;0;0;0;1348;91708;0;0;2;0;0;2190;0;0;1935;2;0;0;0;0;0;1;1;0;143;0;0;0;0;0;0;616102;0;0;20;0;0;0;0;0;0;0;14;9498;0;0;0;0;0;0;0;0;0;0;0;0;0;49;0;0;1;0;0
10;0;0;0;0;0;32047;84156;0;0;9554;0;0;57;0;62;0;0;0;0;205173;0;0;0;0;0;80;0;0;0;0;0;0;0;0;0;0;1965226;0;0;0;0;0;6075;0;204009;1;51541;1;0;64066073;0;0;0;0;0;0;0;0;0;0;0;0;0;18496;0;1;0;616126;205118;0;0;0;220435;2;0;5239;0;1;0;14;0;0;0;0;0;0;0;0;0;0;2;0;0;0;0;0;2;0;615826;0;0;0;0;0;0;0;0;1349;91708;0;0;2;0;0;2191;0;0;1935;2;0;0;0;0;0;1;1;0;143;0;0;0;0;0;0;616352;0;0;20;0;0;0;0;0;0;0;14;9498;0;0;0;0;0;0;0;0;0;0;0;0;0;49;0;0;1;0;0
10;0;0;0;0;0;32047;84156;0;0;9554;0;0;57;0;62;0;0;0;0;205256;0;0;0;0;0;80;0;0;0;0;0;0;0;0;0;0;1966421;0;0;0;0;0;6075;0;204093;1;51541;1;0;65067089;0;0;0;0;0;0;0;0;0;0;0;0;0;18496;0;1;0;616377;205201;0;0;0;220530;2;0;5239;0;1;0;14;0;0;0;0;0;0;0;0;0;0;2;0;0;0;0;0;2;0;616077;0;0;0;0;0;0;0;0;1349;91708;0;0;2;0;0;2191;0;0;1935;2;0;0;0;0;0;1;1;0;143;0;0;0;0;0;0;616602;0;0;20;0;0;0;0;0;0;0;14;9498;0;0;0;0;0;0;0;0;0;0;0;0;0;49;0;0;1;0;0
10;0;0;0;0;0;32048;84156;0;0;9554;0;0;57;0;62;0;0;0;0;205340;0;0;0;0;0;80;0;0;0;0;0;0;0;0;0;0;1967616;0;0;0;0;0;6075;0;204176;1;51542;1;0;66068107;0;0;0;0;0;0;0;0;0;0;0;0;0;18496;0;1;0;616628;205285;0;0;0;220625;2;0;5239;0;1;0;14;0;0;0;0;0;0;0;0;0;0;2;0;0;0;0;0;2;0;616327;0;0;0;0;0;0;0;0;1350;91708;0;0;2;0;0;2192;0;0;1935;2;0;0;0;0;0;1;1;0;143;0;0;0;0;0;0;616852;0;0;20;0;0;0;0;0;0;0;14;9498;0;0;0;0;0;0;0;0;0;0;0;0;0;49;0;0;1;0;0
10;0;0;0;0;0;32048;84156;0;0;9554;0;0;57;0;62;0;0;0;0;205423;0;0;0;0;0;80;0;0;0;0;0;0;0;0;0;0;1968813;0;0;0;0;0;6075;0;204260;1;51542;1;0;67069134;0;0;0;0;0;0;0;0;0;0;0;0;0;18496;0;1;0;616879;205368;0;0;0;220720;2;0;5239;0;1;0;14;0;0;0;0;0;0;0;0;0;0;2;0;0;0;0;0;2;0;616577;0;0;0;0;0;0;0;0;1350;91708;0;0;2;0;0;2192;0;0;1935;2;0;0;0;0;0;1;1;0;143;0;0;0;0;0;0;617103;0;0;20;0;0;0;0;0;0;0;14;9498;0;0;0;0;0;0;0;0;0;0;0;0;0;49;0;0;1;0;0
10;0;0;0;0;0;32049;84156;0;0;9554;0;0;57;0;62;0;0;0;0;205506;0;0;0;0;0;80;0;0;0;0;0;0;0;0;0;0;1970009;0;0;0;0;0;6075;0;204343;1;51543;1;0;68070151;0;0;0;0;0;0;0;0;0;0;0;0;0;18496;0;1;0;617131;205452;0;0;0;220815;2;0;5239;0;1;0;14;0;0;0;0;0;0;0;0;0;0;2;0;0;0;0;0;2;0;616827;0;0;0;0;0;0;0;0;1351;91708;0;0;2;0;0;2193;0;0;1935;2;0;0;0;0;0;1;1;0;143;0;0;0;0;0;0;617353;0;0;20;0;0;0;0;0;0;0;14;9498;0;0;0;0;0;0;0;0;0;0;0;0;0;49;0;0;1;0;0
10;0;0;0;0;0;32049;84156;0;0;9554;0;0;57;0;62;0;0;0;0;205590;0;0;0;0;0;80;0;0;0;0;0;0;0;0;0;0;1971205;0;0;0;0;0;6075;0;204426;1;51543;1;0;69071171;0;0;0;0;0;0;0;0;0;0;0;0;0;18496;0;1;0;617382;205535;0;0;0;220910;2;0;5239;0;1;0;14;0;0;0;0;0;0;0;0;0;0;2;0;0;0;0;0;2;0;617078;0;0;0;0;0;0;0;0;1351;91708;0;0;2;0;0;2193;0;0;1935;2;0;0;0;0;0;1;1;0;143;0;0;0;0;0;0;617604;0;0;20;0;0;0;0;0;0;0;14;9498;0;0;0;0;0;0;0;0;0;0;0;0;0;49;0;0;1;0;0
10;0;0;0;0;0;32050;84156;0;0;9554;0;0;57;0;62;0;0;0;0;205673;0;0;0;0;0;80;0;0;0;0;0;0;0;0;0;0;1972401;0;0;0;0;0;6075;0;204510;1;51544;1;0;70072187;0;0;0;0;0;0;0;0;0;0;0;0;0;18496;0;1;0;617633;205619;0;0;0;221006;2;0;5239;0;1;0;14;0;0;0;0;0;0;0;0;0;0;2;0;0;0;0;0;2;0;617328;0;0;0;0;0;0;0;0;1352;91708;0;0;2;0;0;2194;0;0;1935;2;0;0;0;0;0;1;1;0;143;0;0;0;0;0;0;617854;0;0;20;0;0;0;0;0;0;0;14;9498;0;0;0;0;0;0;0;0;0;0;0;0;0;49;0;0;1;0;0
10;0;0;0;0;0;32050;84156;0;0;9554;0;0;57;0;62;0;0;0;0;205757;0;0;0;0;0;80;0;0;0;0;0;0;0;0;0;0;1973597;0;0;0;0;0;6075;0;204593;1;51544;1;0;71073204;0;0;0;0;0;0;0;0;0;0;0;0;0;18496;0;1;0;617884;205702;0;0;0;221100;2;0;5239;0;1;0;14;0;0;0;0;0;0;0;0;0;0;2;0;0;0;0;0;2;0;617578;0;0;0;0;0;0;0;0;1352;91708;0;0;2;0;0;2194;0;0;1935;2;0;0;0;0;0;1;1;0;143;0;0;0;0;0;0;618105;0;0;20;0;0;0;0;0;0;0;14;9498;0;0;0;0;0;0;0;0;0;0;0;0;0;49;0;0;1;0;0
10;0;0;0;0;0;32051;84156;0;0;9554;0;0;57;0;62;0;0;0;0;205840;0;0;0;0;0;80;0;0;0;0;0;0;0;0;0;0;1974798;0;0;0;0;0;6075;0;204677;1;51545;1;0;72074223;0;0;0;0;0;0;0;0;0;0;0;0;0;18496;0;1;0;618136;205786;0;0;0;221195;2;0;5239;0;1;0;14;0;0;0;0;0;0;0;0;0;0;2;0;0;0;0;0;2;0;617828;0;0;0;0;0;0;0;0;1353;91708;0;0;2;0;0;2195;0;0;1935;2;0;0;0;0;0;1;1;0;143;0;0;0;0;0;0;618355;0;0;20;0;0;0;0;0;0;0;14;9498;0;0;0;0;0;0;0;0;0;0;0;0;0;49;0;0;1;0;0
10;0;0;0;0;0;32051;84156;0;0;9554;0;0;57;0;62;0;0;0;0;205924;0;0;0;0;0;80;0;0;0;0;0;0;0;0;0;0;1975997;0;0;0;0;0;6075;0;204760;1;51545;1;0;73075241;0;0;0;0;0;0;0;0;0;0;0;0;0;18496;0;1;0;618387;205869;0;0;0;221290;2;0;5239;0;1;0;14;0;0;0;0;0;0;0;0;0;0;2;0;0;0;0;0;2;0;618079;0;0;0;0;0;0;0;0;1353;91708;0;0;2;0;0;2195;0;0;1935;2;0;0;0;0;0;1;1;0;143;0;0;0;0;0;0;618605;0;0;20;0;0;0;0;0;0;0;14;9498;0;0;0;0;0;0;0;0;0;0;0;0;0;49;0;0;1;0;0
10;0;0;0;0;0;32052;84156;0;0;9554;0;0;57;0;62;0;0;0;0;206007;0;0;0;0;0;80;0;0;0;0;0;0;0;0;0;0;1977196;0;0;0;0;0;6075;0;204844;1;51546;1;0;74076269;0;0;0;0;0;0;0;0;0;0;0;0;0;18496;0;1;0;618638;205952;0;0;0;221385;2;0;5239;0;1;0;14;0;0;0;0;0;0;0;0;0;0;2;0;0;0;0;0;2;0;618329;0;0;0;0;0;0;0;0;1354;91708;0;0;2;0;0;2196;0;0;1935;2;0;0;0;0;0;1;1;0;143;0;0;0;0;0;0;618855;0;0;20;0;0;0;0;0;0;0;14;9498;0;0;0;0;0;0;0;0;0;0;0;0;0;49;0;0;1;0;0
10;0;0;0;0;0;32052;84156;0;0;9554;0;0;57;0;62;0;0;0;0;206090;0;0;0;0;0;80;0;0;0;0;0;0;0;0;0;0;1978395;0;0;0;0;0;6075;0;204927;1;51546;1;0;75077287;0;0;0;0;0;0;0;0;0;0;0;0;0;18496;0;1;0;618889;206036;0;0;0;221480;2;0;5239;0;1;0;14;0;0;0;0;0;0;0;0;0;0;2;0;0;0;0;0;2;0;618579;0;0;0;0;0;0;0;0;1354;91708;0;0;2;0;0;2196;0;0;1935;2;0;0;0;0;0;1;1;0;143;0;0;0;0;0;0;619106;0;0;20;0;0;0;0;0;0;0;14;9498;0;0;0;0;0;0;0;0;0;0;0;0;0;49;0;0;1;0;0
10;0;0;0;0;0;32053;84156;0;0;9554;0;0;57;0;62;0;0;0;0;206174;0;0;0;0;0;80;0;0;0;0;0;0;0;0;0;0;1979595;0;0;0;0;0;6075;0;205010;1;51547;1;0;76078304;0;0;0;0;0;0;0;0;0;0;0;0;0;18496;0;1;0;619141;206119;0;0;0;221575;2;0;5239;0;1;0;14;0;0;0;0;0;0;0;0;0;0;2;0;0;0;0;0;2;0;618830;0;0;0;0;0;0;0;0;1355;91708;0;0;2;0;0;2197;0;0;1935;2;0;0;0;0;0;1;1;0;143;0;0;0;0;0;0;619356;0;0;20;0;0;0;0;0;0;0;14;9498;0;0;0;0;0;0;0;0;0;0;0;0;0;49;0;0;1;0;0
10;0;0;0;0;0;32053;84156;0;0;9554;0;0;57;0;62;0;0;0;0;206257;0;0;0;0;0;80;0;0;0;0;0;0;0;0;0;0;1980794;0;0;0;0;0;6075;0;205094;1;51547;1;0;77079323;0;0;0;0;0;0;0;0;0;0;0;0;0;18496;0;1;0;619392;206203;0;0;0;221670;2;0;5239;0;1;0;14;0;0;0;0;0;0;0;0;0;0;2;0;0;0;0;0;2;0;619080;0;0;0;0;0;0;0;0;1355;91708;0;0;2;0;0;2197;0;0;1935;2;0;0;0;0;0;1;1;0;143;0;0;0;0;0;0;619606;0;0;20;0;0;0;0;0;0;0;14;9498;0;0;0;0;0;0;0;0;0;0;0;0;0;49;0;0;1;0;0
10;0;0;0;0;0;32057;84157;0;0;9554;0;0;57;0;62;0;0;0;0;206341;0;0;0;0;0;80;0;0;0;0;0;0;0;0;0;0;1981993;0;0;0;0;0;6075;0;205177;1;51548;1;0;78080355;0;0;0;0;0;0;0;0;0;0;0;0;0;18496;0;1;0;619643;206286;0;0;0;221765;2;0;5239;0;1;0;14;0;0;0;0;0;0;0;0;0;0;2;0;0;0;0;0;2;0;619330;0;0;0;0;0;0;0;0;1358;91708;0;0;2;0;0;2198;0;0;1935;2;0;0;0;0;0;1;1;0;143;0;0;0;0;0;0;619856;0;0;20;0;0;0;0;0;0;0;14;9498;0;0;0;0;0;0;0;0;0;0;0;0;0;49;0;0;1;0;0
10;0;0;0;0;0;32057;84192;0;0;9554;0;0;57;0;62;0;0;0;0;206424;0;0;0;0;0;81;0;0;0;0;0;;0;0;0;0;1983104;0;0;0;0;0;6075;0;205261;1;51548;1;0;79081389;0;0;0;0;0;0;0;;0;0;;0;0;18496;0;1;0;619894;206370;0;0;;221859;2;0;5239;0;1;0;14;0;0;0;0;0;0;0;0;0;0;2;0;0;0;0;0;2;0;619582;0;0;0;0;0;0;0;0;1358;91709;0;0;2;0;0;2198;0;0;1935;2;0;0;;0;0;1;1;0;143;;0;0;0;0;0;620109;0;0;20;0;0;0;0;0;0;0;14;9498;0;0;0;0;0;0;0;0;0;0;;0;0;49;0;;1;0;0
