27_IR-PCI-MSI_3670017-edge_eno1-TxRx-0_CPU1;24_DMAR-MSI_0-edge_dmar0_CPU2;55_IR-PCI-MSI_2099200-edge_igb_uio_CPU3;NMI_Non-maskable_interrupts_CPU0;PIN_Posted-interrupt_notification_event_CPU1;18_IR-IO-APIC_18-fasteoi_i801_smbus,_ehci_hcd:usb1,_ehci_hcd:usb4_CPU0;31_IR-PCI-MSI_3670020-edge_eno1-TxRx-3_CPU2;PMI_Performance_monitoring_interrupts_CPU3;33_IR-PCI-MSI_1576960-edge_ioat-msix_CPU0;RES_Rescheduling_interrupts_CPU2;9_IR-IO-APIC_9-fasteoi_acpi_CPU3;30_IR-PCI-MSI_3670019-edge_eno1-TxRx-2_CPU2;NMI_Non-maskable_interrupts_CPU2;28_IR-PCI-MSI_3670018-edge_eno1-TxRx-1_CPU0;27_IR-PCI-MSI_3670017-edge_eno1-TxRx-0_CPU2;44_IR-PCI-MSI_524292-edge_nvme0q4_CPU1;26_IR-PCI-MSI_3670016-edge_eno1_CPU0;HRE_Hyper-V_reenlightenment_interrupts_CPU3;IWI_IRQ_work_interrupts_CPU2;RES_Rescheduling_interrupts_CPU3;42_IR-PCI-MSI_524290-edge_nvme0q2_CPU2;34_IR-PCI-MSI_1579008-edge_ioat-msix_CPU0;MCP_Machine_check_polls_CPU2;LOC_Local_timer_interrupts_CPU1;SPU_Spurious_interrupts_CPU3;42_IR-PCI-MSI_524290-edge_nvme0q2_CPU3;NPI_Nested_posted-interrupt_event_CPU1;33_IR-PCI-MSI_1576960-edge_ioat-msix_CPU1;HVS_Hyper-V_stimer0_interrupts_CPU1;SPU_Spurious_interrupts_CPU2;24_DMAR-MSI_0-edge_dmar0_CPU3;28_IR-PCI-MSI_3670018-edge_eno1-TxRx-1_CPU1;32_IR-PCI-MSI_524288-edge_nvme0q0_CPU1;26_IR-PCI-MSI_3670016-edge_eno1_CPU1;27_IR-PCI-MSI_3670017-edge_eno1-TxRx-0_CPU3;MCP_Machine_check_polls_CPU0;9_IR-IO-APIC_9-fasteoi_acpi_CPU0;DFR_Deferred_Error_APIC_interrupts_CPU0;55_IR-PCI-MSI_2099200-edge_igb_uio_CPU1;54_IR-PCI-MSI_2097152-edge_igb_uio_CPU1;SPU_Spurious_interrupts_CPU0;DFR_Deferred_Error_APIC_interrupts_CPU3;31_IR-PCI-MSI_3670020-edge_eno1-TxRx-3_CPU1;34_IR-PCI-MSI_1579008-edge_ioat-msix_CPU1;HYP_Hypervisor_callback_interrupts_CPU3;HYP_Hypervisor_callback_interrupts_CPU0;27_IR-PCI-MSI_3670017-edge_eno1-TxRx-0_CPU0;timestamp_us;CAL_Function_call_interrupts_CPU3;TRM_Thermal_event_interrupts_CPU0;RTR_APIC_ICR_read_retries_CPU3;28_IR-PCI-MSI_3670018-edge_eno1-TxRx-1_CPU3;29_IR-PCI-MSI_1574912-edge_ioat-msix_CPU2;28_IR-PCI-MSI_3670018-edge_eno1-TxRx-1_CPU2;DFR_Deferred_Error_APIC_interrupts_CPU1;18_IR-IO-APIC_18-fasteoi_i801_smbus,_ehci_hcd:usb1,_ehci_hcd:usb4_CPU3;TLB_TLB_shootdowns_CPU0;30_IR-PCI-MSI_3670019-edge_eno1-TxRx-2_CPU0;TRM_Thermal_event_interrupts_CPU3;HRE_Hyper-V_reenlightenment_interrupts_CPU1;54_IR-PCI-MSI_2097152-edge_igb_uio_CPU0;RES_Rescheduling_interrupts_CPU1;NPI_Nested_posted-interrupt_event_CPU2;HYP_Hypervisor_callback_interrupts_CPU2;35_IR-PCI-MSI_327680-edge_xhci_hcd_CPU3;THR_Threshold_APIC_interrupts_CPU0;25_IR-PCI-MSI_1572864-edge_ioat-msix_CPU2;18_IR-IO-APIC_18-fasteoi_i801_smbus,_ehci_hcd:usb1,_ehci_hcd:usb4_CPU2;MCE_Machine_check_exceptions_CPU3;33_IR-PCI-MSI_1576960-edge_ioat-msix_CPU2;44_IR-PCI-MSI_524292-edge_nvme0q4_CPU0;PIN_Posted-interrupt_notification_event_CPU0;MIS_CPU0;32_IR-PCI-MSI_524288-edge_nvme0q0_CPU0;HRE_Hyper-V_reenlightenment_interrupts_CPU2;31_IR-PCI-MSI_3670020-edge_eno1-TxRx-3_CPU0;8_IR-IO-APIC_8-edge_rtc0_CPU2;HVS_Hyper-V_stimer0_interrupts_CPU0;55_IR-PCI-MSI_2099200-edge_igb_uio_CPU2;9_IR-IO-APIC_9-fasteoi_acpi_CPU2;NMI_Non-maskable_interrupts_CPU1;8_IR-IO-APIC_8-edge_rtc0_CPU1;9_IR-IO-APIC_9-fasteoi_acpi_CPU1;43_IR-PCI-MSI_524291-edge_nvme0q3_CPU2;32_IR-PCI-MSI_524288-edge_nvme0q0_CPU3;34_IR-PCI-MSI_1579008-edge_ioat-msix_CPU2;CAL_Function_call_interrupts_CPU0;RTR_APIC_ICR_read_retries_CPU0;HYP_Hypervisor_callback_interrupts_CPU1;HRE_Hyper-V_reenlightenment_interrupts_CPU0;TLB_TLB_shootdowns_CPU1;TLB_TLB_shootdowns_CPU2;CAL_Function_call_interrupts_CPU1;MCE_Machine_check_exceptions_CPU2;MCP_Machine_check_polls_CPU1;TRM_Thermal_event_interrupts_CPU2;43_IR-PCI-MSI_524291-edge_nvme0q3_CPU3;LOC_Local_timer_interrupts_CPU2;41_IR-PCI-MSI_524289-edge_nvme0q1_CPU3;THR_Threshold_APIC_interrupts_CPU3;43_IR-PCI-MSI_524291-edge_nvme0q3_CPU1;PMI_Performance_monitoring_interrupts_CPU2;41_IR-PCI-MSI_524289-edge_nvme0q1_CPU2;MCP_Machine_check_polls_CPU3;CAL_Function_call_interrupts_CPU2;THR_Threshold_APIC_interrupts_CPU1;RTR_APIC_ICR_read_retries_CPU1;26_IR-PCI-MSI_3670016-edge_eno1_CPU3;30_IR-PCI-MSI_3670019-edge_eno1-TxRx-2_CPU3;IWI_IRQ_work_interrupts_CPU0;29_IR-PCI-MSI_1574912-edge_ioat-msix_CPU1;25_IR-PCI-MSI_1572864-edge_ioat-msix_CPU1;31_IR-PCI-MSI_3670020-edge_eno1-TxRx-3_CPU3;41_IR-PCI-MSI_524289-edge_nvme0q1_CPU1;IWI_IRQ_work_interrupts_CPU1;30_IR-PCI-MSI_3670019-edge_eno1-TxRx-2_CPU1;42_IR-PCI-MSI_524290-edge_nvme0q2_CPU0;HVS_Hyper-V_stimer0_interrupts_CPU2;35_IR-PCI-MSI_327680-edge_xhci_hcd_CPU1;IWI_IRQ_work_interrupts_CPU3;26_IR-PCI-MSI_3670016-edge_eno1_CPU2;55_IR-PCI-MSI_2099200-edge_igb_uio_CPU0;32_IR-PCI-MSI_524288-edge_nvme0q0_CPU2;DFR_Deferred_Error_APIC_interrupts_CPU2;25_IR-PCI-MSI_1572864-edge_ioat-msix_CPU0;24_DMAR-MSI_0-edge_dmar0_CPU1;41_IR-PCI-MSI_524289-edge_nvme0q1_CPU0;54_IR-PCI-MSI_2097152-edge_igb_uio_CPU3;PIW_Posted-interrupt_wakeup_event_CPU2;MCE_Machine_check_exceptions_CPU0;8_IR-IO-APIC_8-edge_rtc0_CPU3;PIN_Posted-interrupt_notification_event_CPU2;34_IR-PCI-MSI_1579008-edge_ioat-msix_CPU3;43_IR-PCI-MSI_524291-edge_nvme0q3_CPU0;18_IR-IO-APIC_18-fasteoi_i801_smbus,_ehci_hcd:usb1,_ehci_hcd:usb4_CPU1;RES_Rescheduling_interrupts_CPU0;24_DMAR-MSI_0-edge_dmar0_CPU0;25_IR-PCI-MSI_1572864-edge_ioat-msix_CPU3;PIN_Posted-interrupt_notification_event_CPU3;44_IR-PCI-MSI_524292-edge_nvme0q4_CPU3;MCE_Machine_check_exceptions_CPU1;35_IR-PCI-MSI_327680-edge_xhci_hcd_CPU2;PMI_Performance_monitoring_interrupts_CPU1;LOC_Local_timer_interrupts_CPU0;PIW_Posted-interrupt_wakeup_event_CPU1;NPI_Nested_posted-interrupt_event_CPU0;8_IR-IO-APIC_8-edge_rtc0_CPU0;HVS_Hyper-V_stimer0_interrupts_CPU3;44_IR-PCI-MSI_524292-edge_nvme0q4_CPU2;SPU_Spurious_interrupts_CPU1;TLB_TLB_shootdowns_CPU3;PMI_Performance_monitoring_interrupts_CPU0;PIW_Posted-interrupt_wakeup_event_CPU0;42_IR-PCI-MSI_524290-edge_nvme0q2_CPU1;THR_Threshold_APIC_interrupts_CPU2;TRM_Thermal_event_interrupts_CPU1;35_IR-PCI-MSI_327680-edge_xhci_hcd_CPU0;ERR_CPU0;PIW_Posted-interrupt_wakeup_event_CPU3;LOC_Local_timer_interrupts_CPU3;54_IR-PCI-MSI_2097152-edge_igb_uio_CPU2;33_IR-PCI-MSI_1576960-edge_ioat-msix_CPU3;RTR_APIC_ICR_read_retries_CPU2;NPI_Nested_posted-interrupt_event_CPU3;NMI_Non-maskable_interrupts_CPU3;29_IR-PCI-MSI_1574912-edge_ioat-msix_CPU3;29_IR-PCI-MSI_1574912-edge_ioat-msix_CPU0
0;0;;0;0;57;0;0;2;0;0;0;0;1779;0;0;1;0;126112;33108;0;2;1;380989;0;0;0;0;0;0;0;0;0;0;1045;1;1;0;;;0;0;0;0;0;0;50095;74;4365;0;0;51;0;0;0;0;7;1026;0;0;;12;0;0;0;0;0;0;0;0;0;0;0;14;0;10109;0;0;;0;0;0;0;0;0;0;5180;0;0;0;0;0;9035;0;1;0;0;381866;0;0;0;0;0;1;9035;0;0;0;18613;127083;0;0;2117;0;126108;0;0;0;0;126799;0;;0;0;2;0;49;;0;0;0;0;0;0;0;61528;0;0;0;0;0;0;0;382536;0;0;1;0;0;0;8;0;0;0;0;0;146;0;0;382154;;0;0;0;0;0;2
0;0;;0;0;57;0;0;2;0;0;0;0;1779;0;0;1;0;126195;33108;0;2;1;381239;0;0;0;0;0;0;0;0;0;0;1046;1;1;0;;;0;0;0;0;0;0;50095;1001785;4365;0;0;51;0;0;0;0;7;1026;0;0;;12;0;0;0;0;0;0;0;0;0;0;0;14;0;10109;0;0;;0;0;0;0;0;0;0;5180;0;0;0;0;0;9035;0;1;0;0;382117;0;0;0;0;0;1;9035;0;0;0;18614;127167;0;0;2117;0;126191;0;0;0;0;126883;0;;0;0;2;0;49;;0;0;0;0;0;0;0;61528;0;0;0;0;0;0;0;382787;0;0;1;0;0;0;8;0;0;0;0;0;146;0;0;382407;;0;0;0;0;0;2
0;0;;0;0;57;0;0;2;0;0;0;0;1780;0;0;1;0;126279;33108;0;2;1;381489;0;0;0;0;0;0;0;0;0;0;1047;1;1;0;;;0;0;0;0;0;0;50095;2002803;4365;0;0;51;0;0;0;0;7;1026;0;0;;12;0;0;0;0;0;0;0;0;0;0;0;14;0;10109;0;0;;0;0;0;0;0;0;0;5180;0;0;0;0;0;9035;0;1;0;0;382368;0;0;0;0;0;1;9035;0;0;0;18615;127250;0;0;2118;0;126274;0;0;0;0;126966;0;;0;0;2;0;49;;0;0;0;0;0;0;0;61529;0;0;0;0;0;0;0;383038;0;0;1;0;0;0;8;0;0;0;0;0;146;0;0;382658;;0;0;0;0;0;2
0;0;0;0;0;57;0;0;2;0;0;0;0;1789;0;0;1;0;126362;33108;0;2;1;381740;0;0;0;0;0;0;0;0;0;0;1047;1;1;0;0;0;0;0;0;0;0;0;50095;3003828;4365;0;0;51;0;0;0;0;7;1026;0;0;0;12;0;0;0;0;0;0;0;0;0;0;0;14;0;10109;0;0;0;0;0;0;0;0;0;0;5183;0;0;0;0;0;9036;0;1;0;0;382620;0;0;0;0;0;1;9036;0;0;0;18620;127334;0;0;2118;0;126356;0;0;0;0;127050;0;0;0;0;2;0;49;0;0;0;0;0;0;0;0;61579;0;0;0;0;0;0;0;383288;0;0;1;0;0;0;8;0;0;0;0;0;146;0;0;382909;0;0;0;0;0;0;2
0;0;0;0;0;57;0;0;2;0;0;0;0;1790;0;0;1;0;126446;33108;0;2;1;381990;0;0;0;0;0;0;0;0;0;0;1053;1;1;0;0;0;0;0;0;0;0;0;50095;4004847;4365;0;0;51;0;0;0;0;7;1026;0;0;0;12;0;0;0;0;0;0;0;0;0;0;0;14;0;10109;0;0;0;0;0;0;0;0;0;0;5183;0;0;0;0;0;9036;0;1;0;0;382871;0;0;0;0;0;1;9036;0;0;0;18624;127417;0;0;2119;0;126439;0;0;0;0;127133;0;0;0;0;2;0;49;0;0;0;0;0;0;0;0;61606;0;0;0;0;0;0;0;383538;0;0;1;0;0;0;8;0;0;0;0;0;146;0;0;383161;0;0;0;0;0;0;2
0;0;0;0;0;57;0;0;2;0;0;0;0;1790;0;0;1;0;126529;33108;0;2;1;382240;0;0;0;0;0;0;0;0;0;0;1053;1;1;0;0;0;0;0;0;0;0;0;50095;5005860;4365;0;0;51;0;0;0;0;7;1026;0;0;0;12;0;0;0;0;0;0;0;0;0;0;0;14;0;10109;0;0;0;0;0;0;0;0;0;0;5183;0;0;0;0;0;9036;0;1;0;0;383122;0;0;0;0;0;1;9036;0;0;0;18624;127500;0;0;2119;0;126523;0;0;0;0;127217;0;0;0;0;2;0;49;0;0;0;0;0;0;0;0;61606;0;0;0;0;0;0;0;383788;0;0;1;0;0;0;8;0;0;0;0;0;146;0;0;383411;0;0;0;0;0;0;2
0;0;0;0;0;57;0;0;2;0;0;0;0;1791;0;0;1;0;126613;33108;0;2;1;382490;0;0;0;0;0;0;0;0;0;0;1054;1;1;0;0;0;0;0;0;0;0;0;50095;6006888;4365;0;0;51;0;0;0;0;7;1026;0;0;0;12;0;0;0;0;0;0;0;0;0;0;0;14;0;10109;0;0;0;0;0;0;0;0;0;0;5183;0;0;0;0;0;9036;0;1;0;0;383373;0;0;0;0;0;1;9036;0;0;0;18625;127584;0;0;2120;0;126606;0;0;0;0;127300;0;0;0;0;2;0;49;0;0;0;0;0;0;0;0;61606;0;0;0;0;0;0;0;384039;0;0;1;0;0;0;8;0;0;0;0;0;146;0;0;383661;0;0;0;0;0;0;2
0;0;0;0;0;57;0;0;2;0;0;0;0;1791;0;0;1;0;126696;33108;0;2;1;382741;0;0;0;0;0;0;0;0;0;0;1054;1;1;0;0;0;0;0;0;0;0;0;50095;7007913;4365;0;0;51;0;0;0;0;7;1026;0;0;0;12;0;0;0;0;0;0;0;0;0;0;0;14;0;10109;0;0;0;0;0;0;0;0;0;0;5183;0;0;0;0;0;9036;0;1;0;0;383625;0;0;0;0;0;1;9036;0;0;0;18625;127667;0;0;2120;0;126690;0;0;0;0;127383;0;0;0;0;2;0;49;0;0;0;0;0;0;0;0;61606;0;0;0;0;0;0;0;384289;0;0;1;0;0;0;8;0;0;0;0;0;146;0;0;383911;0;0;0;0;0;0;2
0;0;0;0;0;57;0;0;2;0;0;0;0;1792;0;0;1;0;126779;33108;0;2;1;382991;0;0;0;0;0;0;0;0;0;0;1055;1;1;0;0;0;0;0;0;0;0;0;50095;8008931;4365;0;0;51;0;0;0;0;7;1026;0;0;0;12;0;0;0;0;0;0;0;0;0;0;0;14;0;10109;0;0;0;0;0;0;0;0;0;0;5183;0;0;0;0;0;9036;0;1;0;0;383876;0;0;0;0;0;1;9036;0;0;0;18626;127751;0;0;2121;0;126773;0;0;0;0;127467;0;0;0;0;2;0;49;0;0;0;0;0;0;0;0;61606;0;0;0;0;0;0;0;384539;0;0;1;0;0;0;8;0;0;0;0;0;146;0;0;384162;0;0;0;0;0;0;2
0;0;0;0;0;57;0;0;2;0;0;0;0;1792;0;0;1;0;126863;33108;0;2;1;383241;0;0;0;0;0;0;0;0;0;0;1055;1;1;0;0;0;0;0;0;0;0;0;50095;9009950;4365;0;0;51;0;0;0;0;7;1026;0;0;0;12;0;0;0;0;0;0;0;0;0;0;0;14;0;10109;0;0;0;0;0;0;0;0;0;0;5183;0;0;0;0;0;9036;0;1;0;0;384127;0;0;0;0;0;1;9036;0;0;0;18626;127834;0;0;2121;0;126856;0;0;0;0;127550;0;0;0;0;2;0;49;0;0;0;0;0;0;0;0;61606;0;0;0;0;0;0;0;384789;0;0;1;0;0;0;8;0;0;0;0;0;146;0;0;384412;0;0;0;0;0;0;2
0;0;0;0;0;57;0;0;2;0;0;0;0;1793;0;0;1;0;126946;33108;0;2;1;383491;0;0;0;0;0;0;0;0;0;0;1056;1;1;0;0;0;0;0;0;0;0;0;50095;10010967;4365;0;0;51;0;0;0;0;7;1026;0;0;0;12;0;0;0;0;0;0;0;0;0;0;0;14;0;10109;0;0;0;0;0;0;0;0;0;0;5183;0;0;0;0;0;9036;0;1;0;0;384378;0;0;0;0;0;1;9036;0;0;0;18627;127918;0;0;2122;0;126940;0;0;0;0;127634;0;0;0;0;2;0;49;0;0;0;0;0;0;0;0;61606;0;0;0;0;0;0;0;385040;0;0;1;0;0;0;8;0;0;0;0;0;146;0;0;384663;0;0;0;0;0;0;2
0;0;0;0;0;57;0;0;2;0;0;0;0;1793;0;0;1;0;127030;33108;0;2;1;383742;0;0;0;0;0;0;0;0;0;0;1056;1;1;0;0;0;0;0;0;0;0;0;50095;11011995;4365;0;0;51;0;0;0;0;7;1026;0;0;0;12;0;0;0;0;0;0;0;0;0;0;0;14;0;10109;0;0;0;0;0;0;0;0;0;0;5183;0;0;0;0;0;9036;0;1;0;0;384630;0;0;0;0;0;1;9036;0;0;0;18627;128001;0;0;2122;0;127023;0;0;0;0;127717;0;0;0;0;2;0;49;0;0;0;0;0;0;0;0;61606;0;0;0;0;0;0;0;385292;0;0;1;0;0;0;8;0;0;0;0;0;146;0;0;384914;0;0;0;0;0;0;2
0;0;0;0;0;57;0;0;2;0;0;0;0;1794;0;0;1;0;127113;33108;0;2;1;383992;0;0;0;0;0;0;0;0;0;0;1057;1;1;0;0;0;0;0;0;0;0;0;50095;12013010;4365;0;0;51;0;0;0;0;7;1026;0;0;0;12;0;0;0;0;0;0;0;0;0;0;0;14;0;10109;0;0;0;0;0;0;0;0;0;0;5183;0;0;0;0;0;9036;0;1;0;0;384881;0;0;0;0;0;1;9036;0;0;0;18628;128084;0;0;2123;0;127107;0;0;0;0;127801;0;0;0;0;2;0;49;0;0;0;0;0;0;0;0;61606;0;0;0;0;0;0;0;385542;0;0;1;0;0;0;8;0;0;0;0;0;146;0;0;385165;0;0;0;0;0;0;2
0;0;0;0;0;57;0;0;2;0;0;0;0;1794;0;0;1;0;127197;33108;0;2;1;384242;0;0;0;0;0;0;0;0;0;0;1057;1;1;0;0;0;0;0;0;0;0;0;50095;13014039;4365;0;0;51;0;0;0;0;7;1026;0;0;0;12;0;0;0;0;0;0;0;0;0;0;0;14;0;10109;0;0;0;0;0;0;0;0;0;0;5183;0;0;0;0;0;9036;0;1;0;0;385132;0;0;0;0;0;1;9036;0;0;0;18628;128168;0;0;2123;0;127190;0;0;0;0;127884;0;0;0;0;2;0;49;0;0;0;0;0;0;0;0;61606;0;0;0;0;0;0;0;385792;0;0;1;0;0;0;8;0;0;0;0;0;146;0;0;385415;0;0;0;0;0;0;2
0;0;0;0;0;57;0;0;2;0;0;0;0;1795;0;0;1;0;127280;33108;0;2;1;384492;0;0;0;0;0;0;0;0;0;0;1058;1;1;0;0;0;0;0;0;0;0;0;50095;14015058;4365;0;0;51;0;0;0;0;7;1026;0;0;0;12;0;0;0;0;0;0;0;0;0;0;0;14;0;10109;0;0;0;0;0;0;0;0;0;0;5183;0;0;0;0;0;9036;0;1;0;0;385383;0;0;0;0;0;1;9036;0;0;0;18629;128251;0;0;2124;0;127273;0;0;0;0;127967;0;0;0;0;2;0;49;0;0;0;0;0;0;0;0;61606;0;0;0;0;0;0;0;386043;0;0;1;0;0;0;8;0;0;0;0;0;146;0;0;385665;0;0;0;0;0;0;2
0;0;0;0;0;57;0;0;2;0;0;0;0;1795;0;0;1;0;127363;33108;0;2;1;384743;0;0;0;0;0;0;0;0;0;0;1058;1;1;0;0;0;0;0;0;0;0;0;50095;15016076;4365;0;0;51;0;0;0;0;7;1026;0;0;0;12;0;0;0;0;0;0;0;0;0;0;0;14;0;10109;0;0;0;0;0;0;0;0;0;0;5183;0;0;0;0;0;9036;0;1;0;0;385635;0;0;0;0;0;1;9036;0;0;0;18629;128335;0;0;2124;0;127357;0;0;0;0;128051;0;0;0;0;2;0;49;0;0;0;0;0;0;0;0;61606;0;0;0;0;0;0;0;386293;0;0;1;0;0;0;8;0;0;0;0;0;146;0;0;385915;0;0;0;0;0;0;2
0;0;0;0;0;57;0;0;2;0;0;0;0;1796;0;0;1;0;127447;33108;0;2;1;384993;0;0;0;0;0;0;0;0;0;0;1059;1;1;0;0;0;0;0;0;0;0;0;50095;16017095;4365;0;0;51;0;0;0;0;7;1026;0;0;0;12;0;0;0;0;0;0;0;0;0;0;0;14;0;10109;0;0;0;0;0;0;0;0;0;0;5183;0;0;0;0;0;9036;0;1;0;0;385886;0;0;0;0;0;1;9036;0;0;0;18630;128418;0;0;2125;0;127440;0;0;0;0;128134;0;0;0;0;2;0;49;0;0;0;0;0;0;0;0;61606;0;0;0;0;0;0;0;386543;0;0;1;0;0;0;8;0;0;0;0;0;146;0;0;386166;0;0;0;0;0;0;2
0;0;0;0;0;57;0;0;2;0;0;0;0;1796;0;0;1;0;127530;33108;0;2;1;385243;0;0;0;0;0;0;0;0;0;0;1059;1;1;0;0;0;0;0;0;0;0;0;50095;17018113;4365;0;0;51;0;0;0;0;7;1026;0;0;0;12;0;0;0;0;0;0;0;0;0;0;0;14;0;10109;0;0;0;0;0;0;0;0;0;0;5183;0;0;0;0;0;9036;0;1;0;0;386137;0;0;0;0;0;1;9036;0;0;0;18630;128501;0;0;2125;0;127524;0;0;0;0;128218;0;0;0;0;2;0;49;0;0;0;0;0;0;0;0;61606;0;0;0;0;0;0;0;386793;0;0;1;0;0;0;8;0;0;0;0;0;146;0;0;386416;0;0;0;0;0;0;2
0;0;0;0;0;57;0;0;2;0;0;0;0;1797;0;0;1;0;127614;33108;0;2;1;385493;0;0;0;0;0;0;0;0;0;0;1060;1;1;0;0;0;0;0;0;0;0;0;50095;18019142;4365;0;0;51;0;0;0;0;7;1026;0;0;0;12;0;0;0;0;0;0;0;0;0;0;0;14;0;10109;0;0;0;0;0;0;0;0;0;0;5183;0;0;0;0;0;9036;0;1;0;0;386388;0;0;0;0;0;1;9036;0;0;0;18631;128585;0;0;2126;0;127607;0;0;0;0;128301;0;0;0;0;2;0;49;0;0;0;0;0;0;0;0;61606;0;0;0;0;0;0;0;387044;0;0;1;0;0;0;8;0;0;0;0;0;146;0;0;386666;0;0;0;0;0;0;2
0;0;0;0;0;57;0;0;2;0;0;0;0;1797;0;0;1;0;127697;33108;0;2;1;385744;0;0;0;0;0;0;0;0;0;0;1064;1;1;0;0;0;0;0;0;0;0;0;50095;19020177;4365;0;0;51;0;0;0;0;7;1026;0;0;0;12;0;0;0;0;0;0;0;0;0;0;0;14;0;10109;0;0;0;0;0;0;0;0;0;0;5183;0;0;0;0;0;9036;0;1;0;0;386640;0;0;0;0;0;1;9036;0;0;0;18633;128668;0;0;2126;0;127691;0;0;0;0;128384;0;0;0;0;2;0;49;0;0;0;0;0;0;0;0;61608;0;0;0;0;0;0;0;387294;0;0;1;0;0;0;8;0;0;0;0;0;146;0;0;386916;0;0;0;0;0;0;2
0;0;0;0;0;57;0;0;2;0;0;0;0;1798;0;0;1;0;127780;33108;0;2;1;385994;0;0;0;0;0;0;0;0;0;0;1071;1;1;0;0;0;0;0;0;0;0;0;50095;20021197;4365;0;0;51;0;0;0;0;7;1026;0;0;0;12;0;0;0;0;0;0;0;0;0;0;0;14;0;10109;0;0;0;0;0;0;0;0;0;0;5183;0;0;0;0;0;9036;0;1;0;0;386891;0;0;0;0;0;1;9036;0;0;0;18637;128752;0;0;2127;0;127774;0;0;0;0;128468;0;0;0;0;2;0;49;0;0;0;0;0;0;0;0;61635;0;0;0;0;0;0;0;387544;0;0;1;0;0;0;8;0;0;0;0;0;146;0;0;387168;0;0;0;0;0;0;2
0;0;0;0;0;57;0;0;2;0;0;0;0;1798;0;0;1;0;127864;33108;0;2;1;386244;0;0;0;0;0;0;0;0;0;0;1071;1;1;0;0;0;0;0;0;0;0;0;50095;21022211;4365;0;0;51;0;0;0;0;7;1026;0;0;0;12;0;0;0;0;0;0;0;0;0;0;0;14;0;10109;0;0;0;0;0;0;0;0;0;0;5183;0;0;0;0;0;9036;0;1;0;0;387142;0;0;0;0;0;1;9036;0;0;0;18637;128835;0;0;2127;0;127857;0;0;0;0;128551;0;0;0;0;2;0;49;0;0;0;0;0;0;0;0;61635;0;0;0;0;0;0;0;387795;0;0;1;0;0;0;8;0;0;0;0;0;146;0;0;387418;0;0;0;0;0;0;2
0;0;0;0;0;57;0;0;2;0;0;0;0;1799;0;0;1;0;127947;33108;0;2;1;386495;0;0;0;0;0;0;0;0;0;0;1072;1;1;0;0;0;0;0;0;0;0;0;50095;22023228;4365;0;0;51;0;0;0;0;7;1026;0;0;0;12;0;0;0;0;0;0;0;0;0;0;0;14;0;10109;0;0;0;0;0;0;0;0;0;0;5183;0;0;0;0;0;9036;0;1;0;0;387393;0;0;0;0;0;1;9036;0;0;0;18638;128919;0;0;2128;0;127941;0;0;0;0;128635;0;0;0;0;2;0;49;0;0;0;0;0;0;0;0;61635;0;0;0;0;0;0;0;388046;0;0;1;0;0;0;8;0;0;0;0;0;146;0;0;387668;0;0;0;0;0;0;2
0;0;0;0;0;57;0;0;2;0;0;0;0;1799;0;0;1;0;128031;33108;0;2;1;386745;0;0;0;0;0;0;0;0;0;0;1072;1;1;0;0;0;0;0;0;0;0;0;50095;23024247;4365;0;0;51;0;0;0;0;7;1026;0;0;0;12;0;0;0;0;0;0;0;0;0;0;0;14;0;10109;0;0;0;0;0;0;0;0;0;0;5183;0;0;0;0;0;9036;0;1;0;0;387645;0;0;0;0;0;1;9036;0;0;0;18638;129002;0;0;2128;0;128024;0;0;0;0;128718;0;0;0;0;2;0;49;0;0;0;0;0;0;0;0;61635;0;0;0;0;0;0;0;388296;0;0;1;0;0;0;8;0;0;0;0;0;146;0;0;387919;0;0;0;0;0;0;2
0;0;0;0;0;57;0;0;2;0;0;0;0;1800;0;0;1;0;128114;33108;0;2;1;386995;0;0;0;0;0;0;0;0;0;0;1073;1;1;0;0;0;0;0;0;0;0;0;50095;24025265;4365;0;0;51;0;0;0;0;7;1026;0;0;0;12;0;0;0;0;0;0;0;0;0;0;0;14;0;10109;0;0;0;0;0;0;0;0;0;0;5183;0;0;0;0;0;9036;0;1;0;0;387896;0;0;0;0;0;1;9036;0;0;0;18639;129085;0;0;2129;0;128108;0;0;0;0;128802;0;0;0;0;2;0;49;0;0;0;0;0;0;0;0;61635;0;0;0;0;0;0;0;388546;0;0;1;0;0;0;8;0;0;0;0;0;146;0;0;388169;0;0;0;0;0;0;2
0;0;0;0;0;57;0;0;2;0;0;0;0;1800;0;0;1;0;128198;33108;0;2;1;387245;0;0;0;0;0;0;0;0;0;0;1073;1;1;0;0;0;0;0;0;0;0;0;50095;25026294;4365;0;0;51;0;0;0;0;7;1026;0;0;0;12;0;0;0;0;0;0;0;0;0;0;0;14;0;10109;0;0;0;0;0;0;0;0;0;0;5183;0;0;0;0;0;9036;0;1;0;0;388147;0;0;0;0;0;1;9036;0;0;0;18639;129169;0;0;2129;0;128191;0;0;0;0;128885;0;0;0;0;2;0;49;0;0;0;0;0;0;0;0;61635;0;0;0;0;0;0;0;388796;0;0;1;0;0;0;8;0;0;0;0;0;146;0;0;388419;0;0;0;0;0;0;2
0;0;0;0;0;57;0;0;2;0;0;0;0;1801;0;0;1;0;128281;33108;0;2;1;387496;0;0;0;0;0;0;0;0;0;0;1074;1;1;0;0;0;0;0;0;0;0;0;50095;26027313;4365;0;0;51;0;0;0;0;7;1026;0;0;0;12;0;0;0;0;0;0;0;0;0;0;0;14;0;10109;0;0;0;0;0;0;0;0;0;0;5183;0;0;0;0;0;9036;0;1;0;0;388398;0;0;0;0;0;1;9036;0;0;0;18640;129252;0;0;2130;0;128275;0;0;0;0;128968;0;0;0;0;2;0;49;0;0;0;0;0;0;0;0;61635;0;0;0;0;0;0;0;389047;0;0;1;0;0;0;8;0;0;0;0;0;146;0;0;388669;0;0;0;0;0;0;2
0;0;0;0;0;57;0;0;2;0;0;0;0;1801;0;0;1;0;128364;33108;0;2;1;387746;0;0;0;0;0;0;0;0;0;0;1074;1;1;0;0;0;0;0;0;0;0;0;50095;27028331;4365;0;0;51;0;0;0;0;7;1026;0;0;0;12;0;0;0;0;0;0;0;0;0;0;0;14;0;10109;0;0;0;0;0;0;0;0;0;0;5183;0;0;0;0;0;9036;0;1;0;0;388650;0;0;0;0;0;1;9036;0;0;0;18640;129336;0;0;2130;0;128358;0;0;0;0;129052;0;0;0;0;2;0;49;0;0;0;0;0;0;0;0;61635;0;0;0;0;0;0;0;389297;0;0;1;0;0;0;8;0;0;0;0;0;146;0;0;388920;0;0;0;0;0;0;2
0;0;0;0;0;57;0;0;2;0;0;0;0;1802;0;0;1;0;128448;33108;0;2;1;387996;0;0;0;0;0;0;0;0;0;0;1078;1;1;0;0;0;0;0;0;0;0;0;50095;28029367;4365;0;0;51;0;0;0;0;7;1026;0;0;0;12;0;0;0;0;0;0;0;0;0;0;0;14;0;10109;0;0;0;0;0;0;0;0;0;0;5183;0;0;0;0;0;9036;0;1;0;0;388901;0;0;0;0;0;1;9036;0;0;0;18643;129419;0;0;2131;0;128441;0;0;0;0;129135;0;0;0;0;2;0;49;0;0;0;0;0;0;0;0;61637;0;0;0;0;0;0;0;389547;0;0;1;0;0;0;8;0;0;0;0;0;146;0;0;389170;0;0;0;0;0;0;2
0;0;0;0;0;57;0;0;2;0;0;0;0;1802;0;0;1;0;128531;33108;0;2;1;388246;0;0;0;0;0;0;0;0;0;0;1078;1;1;0;0;0;0;0;0;0;0;0;50095;29030385;4365;0;0;51;0;0;0;0;7;1026;0;0;0;12;0;0;0;0;0;0;0;0;0;0;0;14;0;10109;0;0;0;0;0;0;0;0;0;0;5183;0;0;0;0;0;9036;0;1;0;0;389152;0;0;0;0;0;1;9036;0;0;0;18646;129502;0;0;2136;0;128525;0;0;0;0;129219;0;0;0;0;2;0;49;0;0;0;0;0;0;0;0;61637;0;0;0;0;0;0;0;389797;0;0;1;0;0;0;8;0;0;0;0;0;146;0;0;389421;0;0;0;0;0;0;2
0;0;0;0;0;57;0;0;2;0;0;0;0;1803;0;0;1;0;128615;33108;0;2;1;388497;0;0;0;0;0;0;0;0;0;0;1079;1;1;0;0;0;0;0;0;0;0;0;50095;30031408;4365;0;0;51;0;0;0;0;7;1026;0;0;0;12;0;0;0;0;0;0;0;0;0;0;0;14;0;10109;0;0;0;0;0;0;0;0;0;0;5183;0;0;0;0;0;9036;0;1;0;0;389403;0;0;0;0;0;1;9036;0;0;0;18647;129586;0;0;2137;0;128608;0;0;0;0;129302;0;0;0;0;2;0;49;0;0;0;0;0;0;0;0;61637;0;0;0;0;0;0;0;390048;0;0;1;0;0;0;8;0;0;0;0;0;146;0;0;389671;0;0;0;0;0;0;2
0;0;0;0;0;57;0;0;2;0;0;0;0;1803;0;0;1;0;128698;33108;0;2;1;388747;0;0;0;0;0;0;0;0;0;0;1079;1;1;0;0;0;0;0;0;0;0;0;50095;31032427;4365;0;0;51;0;0;0;0;7;1026;0;0;0;12;0;0;0;0;0;0;0;0;0;0;0;14;0;10109;0;0;0;0;0;0;0;0;0;0;5183;0;0;0;0;0;9036;0;1;0;0;389655;0;0;0;0;0;1;9036;0;0;0;18647;129669;0;0;2137;0;128692;0;0;0;0;129386;0;0;0;0;2;0;49;0;0;0;0;0;0;0;0;61637;0;0;0;0;0;0;0;390298;0;0;1;0;0;0;8;0;0;0;0;0;146;0;0;389923;0;0;0;0;0;0;2
0;0;0;0;0;57;0;0;2;0;0;0;0;1804;0;0;1;0;128781;33108;0;2;1;388997;0;0;0;0;0;0;0;0;0;0;1080;1;1;0;0;0;0;0;0;0;0;0;50095;32033444;4365;0;0;51;0;0;0;0;7;1026;0;0;0;12;0;0;0;0;0;0;0;0;0;0;0;14;0;10109;0;0;0;0;0;0;0;0;0;0;5183;0;0;0;0;0;9036;0;1;0;0;389906;0;0;0;0;0;1;9036;0;0;0;18648;129753;0;0;2138;0;128775;0;0;0;0;129469;0;0;0;0;2;0;49;0;0;0;0;0;0;0;0;61637;0;0;0;0;0;0;0;390548;0;0;1;0;0;0;8;0;0;0;0;0;146;0;0;390173;0;0;0;0;0;0;2
0;0;0;0;0;57;0;0;2;0;0;0;0;1804;0;0;1;0;128865;33108;0;2;1;389247;0;0;0;0;0;0;0;0;0;0;1080;1;1;0;0;0;0;0;0;0;0;0;50095;33034463;4365;0;0;51;0;0;0;0;7;1026;0;0;0;12;0;0;0;0;0;0;0;0;0;0;0;14;0;10109;0;0;0;0;0;0;0;0;0;0;5183;0;0;0;0;0;9036;0;1;0;0;390157;0;0;0;0;0;1;9036;0;0;0;18648;129836;0;0;2138;0;128858;0;0;0;0;129552;0;0;0;0;2;0;49;0;0;0;0;0;0;0;0;61637;0;0;0;0;0;0;0;390798;0;0;1;0;0;0;8;0;0;0;0;0;146;0;0;390423;0;0;0;0;0;0;2
0;0;0;0;0;57;0;0;2;0;0;0;0;1805;0;0;1;0;128948;33108;0;2;1;389498;0;0;0;0;0;0;0;0;0;0;1081;1;1;0;0;0;0;0;0;0;0;0;50095;34035481;4365;0;0;51;0;0;0;0;7;1026;0;0;0;12;0;0;0;0;0;0;0;0;0;0;0;14;0;10109;0;0;0;0;0;0;0;0;0;0;5183;0;0;0;0;0;9036;0;1;0;0;390408;0;0;0;0;0;1;9036;0;0;0;18649;129920;0;0;2139;0;128942;0;0;0;0;129636;0;0;0;0;2;0;49;0;0;0;0;0;0;0;0;61637;0;0;0;0;0;0;0;391049;0;0;1;0;0;0;8;0;0;0;0;0;146;0;0;390673;0;0;0;0;0;0;2
0;0;0;0;0;57;0;0;2;0;0;0;0;1805;0;0;1;0;129032;33108;0;2;1;389748;0;0;0;0;0;0;0;0;0;0;1081;1;1;0;0;0;0;0;0;0;0;0;50095;35036499;4365;0;0;51;0;0;0;0;7;1026;0;0;0;12;0;0;0;0;0;0;0;0;0;0;0;14;0;10109;0;0;0;0;0;0;0;0;0;0;5183;0;0;0;0;0;9036;0;1;0;0;390660;0;0;0;0;0;1;9036;0;0;0;18649;130003;0;0;2139;0;129025;0;0;0;0;129719;0;0;0;0;2;0;49;0;0;0;0;0;0;0;0;61637;0;0;0;0;0;0;0;391299;0;0;1;0;0;0;8;0;0;0;0;0;146;0;0;390924;0;0;0;0;0;0;2
0;0;0;0;0;57;0;0;2;0;0;0;0;1806;0;0;1;0;129115;33108;0;2;1;389998;0;0;0;0;0;0;0;0;0;0;1082;1;1;0;0;0;0;0;0;0;0;0;50095;36037517;4365;0;0;51;0;0;0;0;7;1026;0;0;0;12;0;0;0;0;0;0;0;0;0;0;0;14;0;10109;0;0;0;0;0;0;0;0;0;0;5183;0;0;0;0;0;9036;0;1;0;0;390911;0;0;0;0;0;1;9036;0;0;0;18650;130086;0;0;2140;0;129109;0;0;0;0;129803;0;0;0;0;2;0;49;0;0;0;0;0;0;0;0;61637;0;0;0;0;0;0;0;391549;0;0;1;0;0;0;8;0;0;0;0;0;146;0;0;391174;0;0;0;0;0;0;2
0;0;0;0;0;57;0;0;2;0;0;0;0;1806;0;0;1;0;129199;33108;0;2;1;390248;0;0;0;0;0;0;0;0;0;0;1082;1;1;0;0;0;0;0;0;0;0;0;50095;37038546;4365;0;0;51;0;0;0;0;7;1026;0;0;0;12;0;0;0;0;0;0;0;0;0;0;0;14;0;10109;0;0;0;0;0;0;0;0;0;0;5183;0;0;0;0;0;9036;0;1;0;0;391162;0;0;0;0;0;1;9036;0;0;0;18650;130170;0;0;2140;0;129192;0;0;0;0;129886;0;0;0;0;2;0;49;0;0;0;0;0;0;0;0;61637;0;0;0;0;0;0;0;391799;0;0;1;0;0;0;8;0;0;0;0;0;146;0;0;391424;0;0;0;0;0;0;2
0;0;0;0;0;57;0;0;2;0;0;0;0;1807;0;0;1;0;129282;33108;0;2;1;390499;0;0;0;0;0;0;0;0;0;0;1083;1;1;0;0;0;0;0;0;0;0;0;50095;38039565;4365;0;0;51;0;0;0;0;7;1026;0;0;0;12;0;0;0;0;0;0;0;0;0;0;0;14;0;10109;0;0;0;0;0;0;0;0;0;0;5183;0;0;0;0;0;9036;0;1;0;0;391413;0;0;0;0;0;1;9036;0;0;0;18651;130253;0;0;2141;0;129276;0;0;0;0;129969;0;0;0;0;2;0;49;0;0;0;0;0;0;0;0;61637;0;0;0;0;0;0;0;392050;0;0;1;0;0;0;8;0;0;0;0;0;146;0;0;391674;0;0;0;0;0;0;2
0;0;0;0;0;57;0;0;2;0;0;0;0;1807;0;0;1;0;129365;33108;0;2;1;390749;0;0;0;0;0;0;0;0;0;0;1083;1;1;0;0;0;0;0;0;0;0;0;50095;39040583;4365;0;0;51;0;0;0;0;7;1026;0;0;0;12;0;0;0;0;0;0;0;0;0;0;0;14;0;10109;0;0;0;0;0;0;0;0;0;0;5183;0;0;0;0;0;9036;0;1;0;0;391665;0;0;0;0;0;1;9036;0;0;0;18651;130337;0;0;2141;0;129359;0;0;0;0;130053;0;0;0;0;2;0;49;0;0;0;0;0;0;0;0;61637;0;0;0;0;0;0;0;392300;0;0;1;0;0;0;8;0;0;0;0;0;146;0;0;391925;0;0;0;0;0;0;2
0;0;0;0;0;57;0;0;2;0;0;0;0;1808;0;0;1;0;129449;33108;0;2;1;390999;0;0;0;0;0;0;0;0;0;0;1084;1;1;0;0;0;0;0;0;0;0;0;50095;40041601;4365;0;0;51;0;0;0;0;7;1026;0;0;0;12;0;0;0;0;0;0;0;0;0;0;0;14;0;10109;0;0;0;0;0;0;0;0;0;0;5183;0;0;0;0;0;9036;0;1;0;0;391916;0;0;0;0;0;1;9036;0;0;0;18652;130420;0;0;2142;0;129442;0;0;0;0;130136;0;0;0;0;2;0;49;0;0;0;0;0;0;0;0;61637;0;0;0;0;0;0;0;392550;0;0;1;0;0;0;8;0;0;0;0;0;146;0;0;392175;0;0;0;0;0;0;2
0;0;0;0;0;57;0;0;2;0;0;0;0;1808;0;0;1;0;129532;33108;0;2;1;391249;0;0;0;0;0;0;0;0;0;0;1084;1;1;0;0;0;0;0;0;0;0;0;50095;41042622;4365;0;0;51;0;0;0;0;7;1026;0;0;0;12;0;0;0;0;0;0;0;0;0;0;0;14;0;10109;0;0;0;0;0;0;0;0;0;0;5183;0;0;0;0;0;9036;0;1;0;0;392167;0;0;0;0;0;1;9036;0;0;0;18652;130503;0;0;2142;0;129526;0;0;0;0;130220;0;0;0;0;2;0;49;0;0;0;0;0;0;0;0;61637;0;0;0;0;0;0;0;392801;0;0;1;0;0;0;8;0;0;0;0;0;146;0;0;392425;0;0;0;0;0;0;2
0;0;0;0;0;57;0;0;2;0;0;0;0;1809;0;0;1;0;129616;33108;0;2;1;391500;0;0;0;0;0;0;0;0;0;0;1085;1;1;0;0;0;0;0;0;0;0;0;50095;42043650;4365;0;0;51;0;0;0;0;7;1026;0;0;0;12;0;0;0;0;0;0;0;0;0;0;0;14;0;10109;0;0;0;0;0;0;0;0;0;0;5183;0;0;0;0;0;9036;0;1;0;0;392418;0;0;0;0;0;1;9036;0;0;0;18653;130587;0;0;2143;0;129609;0;0;0;0;130303;0;0;0;0;2;0;49;0;0;0;0;0;0;0;0;61637;0;0;0;0;0;0;0;393052;0;0;1;0;0;0;8;0;0;0;0;0;146;0;0;392675;0;0;0;0;0;0;2
0;0;0;0;0;57;0;0;2;0;0;0;0;1809;0;0;1;0;129699;33108;0;2;1;391750;0;0;0;0;0;0;0;0;0;0;1085;1;1;0;0;0;0;0;0;0;0;0;50095;43044668;4365;0;0;51;0;0;0;0;7;1026;0;0;0;12;0;0;0;0;0;0;0;0;0;0;0;14;0;10109;0;0;0;0;0;0;0;0;0;0;5183;0;0;0;0;0;9036;0;1;0;0;392670;0;0;0;0;0;1;9036;0;0;0;18653;130670;0;0;2143;0;129693;0;0;0;0;130387;0;0;0;0;2;0;49;0;0;0;0;0;0;0;0;61637;0;0;0;0;0;0;0;393302;0;0;1;0;0;0;8;0;0;0;0;0;146;0;0;392926;0;0;0;0;0;0;2
0;0;0;0;0;57;0;0;2;0;0;0;0;1810;0;0;1;0;129782;33108;0;2;1;392000;0;0;0;0;0;0;0;0;0;0;1086;1;1;0;0;0;0;0;0;0;0;0;50095;44045685;4365;0;0;51;0;0;0;0;7;1026;0;0;0;12;0;0;0;0;0;0;0;0;0;0;0;14;0;10109;0;0;0;0;0;0;0;0;0;0;5183;0;0;0;0;0;9036;0;1;0;0;392921;0;0;0;0;0;1;9036;0;0;0;18654;130754;0;0;2144;0;129776;0;0;0;0;130470;0;0;0;0;2;0;49;0;0;0;0;0;0;0;0;61637;0;0;0;0;0;0;0;393552;0;0;1;0;0;0;8;0;0;0;0;0;146;0;0;393176;0;0;0;0;0;0;2
0;0;0;0;0;57;0;0;2;0;0;0;0;1810;0;0;1;0;129866;33108;0;2;1;392250;0;0;0;0;0;0;0;0;0;0;1086;1;1;0;0;0;0;0;0;0;0;0;50095;45046704;4365;0;0;51;0;0;0;0;7;1026;0;0;0;12;0;0;0;0;0;0;0;0;0;0;0;14;0;10109;0;0;0;0;0;0;0;0;0;0;5183;0;0;0;0;0;9036;0;1;0;0;393172;0;0;0;0;0;1;9036;0;0;0;18654;130837;0;0;2144;0;129859;0;0;0;0;130553;0;0;0;0;2;0;49;0;0;0;0;0;0;0;0;61637;0;0;0;0;0;0;0;393803;0;0;1;0;0;0;8;0;0;0;0;0;146;0;0;393426;0;0;0;0;0;0;2
0;0;0;0;0;57;0;0;2;0;0;0;0;1811;0;0;1;0;129949;33108;0;2;1;392501;0;0;0;0;0;0;0;0;0;0;1087;1;1;0;0;0;0;0;0;0;0;0;50095;46047722;4365;0;0;51;0;0;0;0;7;1026;0;0;0;12;0;0;0;0;0;0;0;0;0;0;0;14;0;10109;0;0;0;0;0;0;0;0;0;0;5183;0;0;0;0;0;9036;0;1;0;0;393424;0;0;0;0;0;1;9036;0;0;0;18655;130921;0;0;2145;0;129943;0;0;0;0;130637;0;0;0;0;2;0;49;0;0;0;0;0;0;0;0;61637;0;0;0;0;0;0;0;394053;0;0;1;0;0;0;8;0;0;0;0;0;146;0;0;393676;0;0;0;0;0;0;2
0;0;0;0;0;57;0;0;2;0;0;0;0;1811;0;0;1;0;130033;33108;0;2;1;392751;0;0;0;0;0;0;0;0;0;0;1087;1;1;0;0;0;0;0;0;0;0;0;50095;47048739;4365;0;0;51;0;0;0;0;7;1026;0;0;0;12;0;0;0;0;0;0;0;0;0;0;0;14;0;10109;0;0;0;0;0;0;0;0;0;0;5183;0;0;0;0;0;9036;0;1;0;0;393675;0;0;0;0;0;1;9036;0;0;0;18655;131004;0;0;2145;0;130026;0;0;0;0;130720;0;0;0;0;2;0;49;0;0;0;0;0;0;0;0;61637;0;0;0;0;0;0;0;394303;0;0;1;0;0;0;8;0;0;0;0;0;146;0;0;393927;0;0;0;0;0;0;2
0;0;0;0;0;57;0;0;2;0;0;0;0;1812;0;0;1;0;130116;33108;0;2;1;393001;0;0;0;0;0;0;0;0;0;0;1088;1;1;0;0;0;0;0;0;0;0;0;50095;48049758;4365;0;0;51;0;0;0;0;7;1026;0;0;0;12;0;0;0;0;0;0;0;0;0;0;0;14;0;10109;0;0;0;0;0;0;0;0;0;0;5183;0;0;0;0;0;9036;0;1;0;0;393926;0;0;0;0;0;1;9036;0;0;0;18656;131087;0;0;2146;0;130110;0;0;0;0;130804;0;0;0;0;2;0;49;0;0;0;0;0;0;0;0;61637;0;0;0;0;0;0;0;394553;0;0;1;0;0;0;8;0;0;0;0;0;146;0;0;394177;0;0;0;0;0;0;2
0;0;0;0;0;57;0;0;2;0;0;0;0;1812;0;0;1;0;130200;33108;0;2;1;393251;0;0;0;0;0;0;0;0;0;0;1088;1;1;0;0;0;0;0;0;0;0;0;50095;49050785;4365;0;0;51;0;0;0;0;7;1026;0;0;0;12;0;0;0;0;0;0;0;0;0;0;0;14;0;10109;0;0;0;0;0;0;0;0;0;0;5183;0;0;0;0;0;9036;0;1;0;0;394177;0;0;0;0;0;1;9036;0;0;0;18656;131171;0;0;2146;0;130193;0;0;0;0;130887;0;0;0;0;2;0;49;0;0;0;0;0;0;0;0;61637;0;0;0;0;0;0;0;394804;0;0;1;0;0;0;8;0;0;0;0;0;146;0;0;394427;0;0;0;0;0;0;2
0;0;0;0;0;57;0;0;2;0;0;0;0;1813;0;0;1;0;130283;33108;0;2;1;393502;0;0;0;0;0;0;0;0;0;0;1089;1;1;0;0;0;0;0;0;0;0;0;50095;50051805;4365;0;0;51;0;0;0;0;7;1026;0;0;0;12;0;0;0;0;0;0;0;0;0;0;0;14;0;10109;0;0;0;0;0;0;0;0;0;0;5183;0;0;0;0;0;9036;0;1;0;0;394429;0;0;0;0;0;1;9036;0;0;0;18657;131254;0;0;2147;0;130277;0;0;0;0;130970;0;0;0;0;2;0;49;0;0;0;0;0;0;0;0;61637;0;0;0;0;0;0;0;395054;0;0;1;0;0;0;8;0;0;0;0;0;146;0;0;394677;0;0;0;0;0;0;2
0;0;0;0;0;57;0;0;2;0;0;0;0;1813;0;0;1;0;130366;33108;0;2;1;393752;0;0;0;0;0;0;0;0;0;0;1089;1;1;0;0;0;0;0;0;0;0;0;50095;51052825;4365;0;0;51;0;0;0;0;7;1026;0;0;0;12;0;0;0;0;0;0;0;0;0;0;0;14;0;10109;0;0;0;0;0;0;0;0;0;0;5183;0;0;0;0;0;9036;0;1;0;0;394680;0;0;0;0;0;1;9036;0;0;0;18657;131338;0;0;2147;0;130360;0;0;0;0;131054;0;0;0;0;2;0;49;0;0;0;0;0;0;0;0;61637;0;0;0;0;0;0;0;395304;0;0;1;0;0;0;8;0;0;0;0;0;146;0;0;394929;0;0;0;0;0;0;2
0;0;0;0;0;57;0;0;2;0;0;0;0;1814;0;0;1;0;130450;33108;0;2;1;394002;0;0;0;0;0;0;0;0;0;0;1090;1;1;0;0;0;0;0;0;0;0;0;50095;52053844;4365;0;0;51;0;0;0;0;7;1026;0;0;0;12;0;0;0;0;0;0;0;0;0;0;0;14;0;10109;0;0;0;0;0;0;0;0;0;0;5183;0;0;0;0;0;9036;0;1;0;0;394931;0;0;0;0;0;1;9036;0;0;0;18658;131421;0;0;2148;0;130443;0;0;0;0;131137;0;0;0;0;2;0;49;0;0;0;0;0;0;0;0;61637;0;0;0;0;0;0;0;395554;0;0;1;0;0;0;8;0;0;0;0;0;146;0;0;395180;0;0;0;0;0;0;2
0;0;0;0;0;57;0;0;2;0;0;0;0;1814;0;0;1;0;130533;33108;0;2;1;394252;0;0;0;0;0;0;0;0;0;0;1090;1;1;0;0;0;0;0;0;0;0;0;50095;53054860;4365;0;0;51;0;0;0;0;7;1026;0;0;0;12;0;0;0;0;0;0;0;0;0;0;0;14;0;10109;0;0;0;0;0;0;0;0;0;0;5183;0;0;0;0;0;9036;0;1;0;0;395182;0;0;0;0;0;1;9036;0;0;0;18658;131505;0;0;2148;0;130527;0;0;0;0;131221;0;0;0;0;2;0;49;0;0;0;0;0;0;0;0;61637;0;0;0;0;0;0;0;395805;0;0;1;0;0;0;8;0;0;0;0;0;146;0;0;395430;0;0;0;0;0;0;2
0;0;0;0;0;57;0;0;2;0;0;0;0;1815;0;0;1;0;130617;33108;0;2;1;394503;0;0;0;0;0;0;0;0;0;0;1091;1;1;0;0;0;0;0;0;0;0;0;50095;54055903;4365;0;0;51;0;0;0;0;7;1026;0;0;0;12;0;0;0;0;0;0;0;0;0;0;0;14;0;10109;0;0;0;0;0;0;0;0;0;0;5183;0;0;0;0;0;9036;0;1;0;0;395434;0;0;0;0;0;1;9036;0;0;0;18659;131588;0;0;2149;0;130610;0;0;0;0;131304;0;0;0;0;2;0;49;0;0;0;0;0;0;0;0;61637;0;0;0;0;0;0;0;396055;0;0;1;0;0;0;8;0;0;0;0;0;146;0;0;395680;0;0;0;0;0;0;2
0;0;0;0;0;57;0;0;2;0;0;0;0;1815;0;0;1;0;130700;33108;0;2;1;394753;0;0;0;0;0;0;0;0;0;0;1091;1;1;0;0;0;0;0;0;0;0;0;50095;55056922;4365;0;0;51;0;0;0;0;7;1026;0;0;0;12;0;0;0;0;0;0;0;0;0;0;0;14;0;10109;0;0;0;0;0;0;0;0;0;0;5183;0;0;0;0;0;9036;0;1;0;0;395685;0;0;0;0;0;1;9036;0;0;0;18659;131671;0;0;2149;0;130694;0;0;0;0;131388;0;0;0;0;2;0;49;0;0;0;0;0;0;0;0;61637;0;0;0;0;0;0;0;396305;0;0;1;0;0;0;8;0;0;0;0;0;146;0;0;395931;0;0;0;0;0;0;2
0;0;0;0;0;57;0;0;2;0;0;0;0;1816;0;0;1;0;130784;33108;0;2;1;395003;0;0;0;0;0;0;0;0;0;0;1092;1;1;0;0;0;0;0;0;0;0;0;50095;56057951;4365;0;0;51;0;0;0;0;7;1026;0;0;0;12;0;0;0;0;0;0;0;0;0;0;0;14;0;10109;0;0;0;0;0;0;0;0;0;0;5183;0;0;0;0;0;9036;0;1;0;0;395936;0;0;0;0;0;1;9036;0;0;0;18660;131755;0;0;2150;0;130777;0;0;0;0;131471;0;0;0;0;2;0;49;0;0;0;0;0;0;0;0;61637;0;0;0;0;0;0;0;396555;0;0;1;0;0;0;8;0;0;0;0;0;146;0;0;396181;0;0;0;0;0;0;2
0;0;0;0;0;57;0;0;2;0;0;0;0;1816;0;0;1;0;130867;33108;0;2;1;395253;0;0;0;0;0;0;0;0;0;0;1092;1;1;0;0;0;0;0;0;0;0;0;50095;57058969;4365;0;0;51;0;0;0;0;7;1026;0;0;0;12;0;0;0;0;0;0;0;0;0;0;0;14;0;10109;0;0;0;0;0;0;0;0;0;0;5183;0;0;0;0;0;9036;0;1;0;0;396187;0;0;0;0;0;1;9036;0;0;0;18660;131838;0;0;2150;0;130860;0;0;0;0;131554;0;0;0;0;2;0;49;0;0;0;0;0;0;0;0;61637;0;0;0;0;0;0;0;396806;0;0;1;0;0;0;8;0;0;0;0;0;146;0;0;396431;0;0;0;0;0;0;2
0;0;0;0;0;57;0;0;2;0;0;0;0;1817;0;0;1;0;130950;33108;0;2;1;395504;0;0;0;0;0;0;0;0;0;0;1093;1;1;0;0;0;0;0;0;0;0;0;50095;58059986;4365;0;0;51;0;0;0;0;7;1026;0;0;0;12;0;0;0;0;0;0;0;0;0;0;0;14;0;10109;0;0;0;0;0;0;0;0;0;0;5183;0;0;0;0;0;9036;0;1;0;0;396439;0;0;0;0;0;1;9036;0;0;0;18661;131922;0;0;2151;0;130944;0;0;0;0;131638;0;0;0;0;2;0;49;0;0;0;0;0;0;0;0;61637;0;0;0;0;0;0;0;397056;0;0;1;0;0;0;8;0;0;0;0;0;146;0;0;396681;0;0;0;0;0;0;2
0;0;0;0;0;57;0;0;2;0;0;0;0;1817;0;0;1;0;131034;33108;0;2;1;395754;0;0;0;0;0;0;0;0;0;0;1093;1;1;0;0;0;0;0;0;0;0;0;50095;59061004;4365;0;0;51;0;0;0;0;7;1026;0;0;0;12;0;0;0;0;0;0;0;0;0;0;0;14;0;10109;0;0;0;0;0;0;0;0;0;0;5183;0;0;0;0;0;9036;0;1;0;0;396690;0;0;0;0;0;1;9036;0;0;0;18661;132005;0;0;2151;0;131027;0;0;0;0;131721;0;0;0;0;2;0;49;0;0;0;0;0;0;0;0;61637;0;0;0;0;0;0;0;397306;0;0;1;0;0;0;8;0;0;0;0;0;146;0;0;396932;0;0;0;0;0;0;2
0;0;0;0;0;57;0;0;2;0;0;0;0;1818;0;0;1;0;131117;33108;0;2;1;396004;0;0;0;0;0;0;0;0;0;0;1094;1;1;0;0;0;0;0;0;0;0;0;50095;60062023;4365;0;0;51;0;0;0;0;7;1026;0;0;0;12;0;0;0;0;0;0;0;0;0;0;0;14;0;10109;0;0;0;0;0;0;0;0;0;0;5183;0;0;0;0;0;9036;0;1;0;0;396941;0;0;0;0;0;1;9036;0;0;0;18662;132088;0;0;2152;0;131111;0;0;0;0;131805;0;0;0;0;2;0;49;0;0;0;0;0;0;0;0;61637;0;0;0;0;0;0;0;397556;0;0;1;0;0;0;8;0;0;0;0;0;146;0;0;397182;0;0;0;0;0;0;2
0;0;0;0;0;57;0;0;2;0;0;0;0;1818;0;0;1;0;131201;33108;0;2;1;396254;0;0;0;0;0;0;0;0;0;0;1111;1;1;0;0;0;0;0;0;0;0;0;50095;61063055;4365;0;0;51;0;0;0;0;7;1026;0;0;0;12;0;0;0;0;0;0;0;0;0;0;0;14;0;10109;0;0;0;0;0;0;0;0;0;0;5183;0;0;0;0;0;9036;0;1;0;0;397192;0;0;0;0;0;1;9036;0;0;0;18662;132172;0;0;2153;0;131194;0;0;0;0;131888;0;0;0;0;2;0;49;0;0;0;0;0;0;0;0;61637;0;0;0;0;0;0;0;397808;0;0;1;0;0;0;8;0;0;0;0;0;146;0;0;397432;0;0;0;0;0;0;2
0;0;0;0;0;57;0;0;2;0;0;0;0;1819;0;0;1;0;131284;33108;0;2;1;396505;0;0;0;0;0;0;0;0;0;0;1112;1;1;0;0;0;0;0;0;0;0;0;50095;62064068;4365;0;0;51;0;0;0;0;7;1026;0;0;0;12;0;0;0;0;0;0;0;0;0;0;0;14;0;10109;0;0;0;0;0;0;0;0;0;0;5183;0;0;0;0;0;9036;0;1;0;0;397444;0;0;0;0;0;1;9036;0;0;0;18663;132255;0;0;2154;0;131278;0;0;0;0;131971;0;0;0;0;2;0;49;0;0;0;0;0;0;0;0;61637;0;0;0;0;0;0;0;398058;0;0;1;0;0;0;8;0;0;0;0;0;146;0;0;397682;0;0;0;0;0;0;2
0;0;0;0;0;57;0;0;2;0;0;0;0;1819;0;0;1;0;131367;33108;0;2;1;396755;0;0;0;0;0;0;0;0;0;0;1112;1;1;0;0;0;0;0;0;0;0;0;50095;63065086;4365;0;0;51;0;0;0;0;7;1026;0;0;0;12;0;0;0;0;0;0;0;0;0;0;0;14;0;10109;0;0;0;0;0;0;0;0;0;0;5183;0;0;0;0;0;9036;0;1;0;0;397695;0;0;0;0;0;1;9036;0;0;0;18663;132339;0;0;2154;0;131361;0;0;0;0;132055;0;0;0;0;2;0;49;0;0;0;0;0;0;0;0;61637;0;0;0;0;0;0;0;398308;0;0;1;0;0;0;8;0;0;0;0;0;146;0;0;397933;0;0;0;0;0;0;2
0;0;0;0;0;57;0;0;2;0;0;0;0;1820;0;0;1;0;131451;33108;0;2;1;397005;0;0;0;0;0;0;0;0;0;0;1113;1;1;0;0;0;0;0;0;0;0;0;50095;64066105;4365;0;0;51;0;0;0;0;7;1026;0;0;0;12;0;0;0;0;0;0;0;0;0;0;0;14;0;10109;0;0;0;0;0;0;0;0;0;0;5183;0;0;0;0;0;9036;0;1;0;0;397946;0;0;0;0;0;1;9036;0;0;0;18664;132422;0;0;2155;0;131444;0;0;0;0;132138;0;0;0;0;2;0;49;0;0;0;0;0;0;0;0;61637;0;0;0;0;0;0;0;398558;0;0;1;0;0;0;8;0;0;0;0;0;146;0;0;398183;0;0;0;0;0;0;2
0;0;0;0;0;57;0;0;2;0;0;0;0;1820;0;0;1;0;131534;33108;0;2;1;397255;0;0;0;0;0;0;0;0;0;0;1113;1;1;0;0;0;0;0;0;0;0;0;50095;65067124;4365;0;0;51;0;0;0;0;7;1026;0;0;0;12;0;0;0;0;0;0;0;0;0;0;0;14;0;10109;0;0;0;0;0;0;0;0;0;0;5183;0;0;0;0;0;9036;0;1;0;0;398197;0;0;0;0;0;1;9036;0;0;0;18664;132506;0;0;2155;0;131528;0;0;0;0;132222;0;0;0;0;2;0;49;0;0;0;0;0;0;0;0;61637;0;0;0;0;0;0;0;398809;0;0;1;0;0;0;8;0;0;0;0;0;146;0;0;398433;0;0;0;0;0;0;2
0;0;0;0;0;57;0;0;2;0;0;0;0;1821;0;0;1;0;131618;33108;0;2;1;397506;0;0;0;0;0;0;0;0;0;0;1114;1;1;0;0;0;0;0;0;0;0;0;50095;66068141;4365;0;0;51;0;0;0;0;7;1026;0;0;0;12;0;0;0;0;0;0;0;0;0;0;0;14;0;10109;0;0;0;0;0;0;0;0;0;0;5183;0;0;0;0;0;9036;0;1;0;0;398449;0;0;0;0;0;1;9036;0;0;0;18665;132589;0;0;2156;0;131611;0;0;0;0;132305;0;0;0;0;2;0;49;0;0;0;0;0;0;0;0;61637;0;0;0;0;0;0;0;399059;0;0;1;0;0;0;8;0;0;0;0;0;146;0;0;398683;0;0;0;0;0;0;2
0;0;0;0;0;57;0;0;2;0;0;0;0;1821;0;0;1;0;131701;33108;0;2;1;397756;0;0;0;0;0;0;0;0;0;0;1114;1;1;0;0;0;0;0;0;0;0;0;50095;67069159;4365;0;0;51;0;0;0;0;7;1026;0;0;0;12;0;0;0;0;0;0;0;0;0;0;0;14;0;10109;0;0;0;0;0;0;0;0;0;0;5183;0;0;0;0;0;9036;0;1;0;0;398700;0;0;0;0;0;1;9036;0;0;0;18665;132672;0;0;2156;0;131695;0;0;0;0;132389;0;0;0;0;2;0;49;0;0;0;0;0;0;0;0;61637;0;0;0;0;0;0;0;399309;0;0;1;0;0;0;8;0;0;0;0;0;146;0;0;398934;0;0;0;0;0;0;2
0;0;0;0;0;57;0;0;2;0;0;0;0;1822;0;0;1;0;131785;33108;0;2;1;398006;0;0;0;0;0;0;0;0;0;0;1115;1;1;0;0;0;0;0;0;0;0;0;50095;68070187;4365;0;0;51;0;0;0;0;7;1026;0;0;0;12;0;0;0;0;0;0;0;0;0;0;0;14;0;10109;0;0;0;0;0;0;0;0;0;0;5183;0;0;0;0;0;9036;0;1;0;0;398951;0;0;0;0;0;1;9036;0;0;0;18666;132756;0;0;2157;0;131778;0;0;0;0;132472;0;0;0;0;2;0;49;0;0;0;0;0;0;0;0;61637;0;0;0;0;0;0;0;399559;0;0;1;0;0;0;8;0;0;0;0;0;146;0;0;399184;0;0;0;0;0;0;2
0;0;0;0;0;57;0;0;2;0;0;0;0;1822;0;0;1;0;131868;33108;0;2;1;398257;0;0;0;0;0;0;0;0;0;0;1115;1;1;0;0;0;0;0;0;0;0;0;50095;69071204;4365;0;0;51;0;0;0;0;7;1026;0;0;0;12;0;0;0;0;0;0;0;0;0;0;0;14;0;10109;0;0;0;0;0;0;0;0;0;0;5183;0;0;0;0;0;9036;0;1;0;0;399202;0;0;0;0;0;1;9036;0;0;0;18666;132839;0;0;2157;0;131862;0;0;0;0;132555;0;0;0;0;2;0;49;0;0;0;0;0;0;0;0;61637;0;0;0;0;0;0;0;399810;0;0;1;0;0;0;8;0;0;0;0;0;146;0;0;399434;0;0;0;0;0;0;2
0;0;0;0;0;57;0;0;2;0;0;0;0;1823;0;0;1;0;131951;33108;0;2;1;398507;0;0;0;0;0;0;0;0;0;0;1116;1;1;0;0;0;0;0;0;0;0;0;50095;70072224;4365;0;0;51;0;0;0;0;7;1026;0;0;0;12;0;0;0;0;0;0;0;0;0;0;0;14;0;10109;0;0;0;0;0;0;0;0;0;0;5183;0;0;0;0;0;9036;0;1;0;0;399454;0;0;0;0;0;1;9036;0;0;0;18667;132923;0;0;2158;0;131945;0;0;0;0;132639;0;0;0;0;2;0;49;0;0;0;0;0;0;0;0;61637;0;0;0;0;0;0;0;400061;0;0;1;0;0;0;8;0;0;0;0;0;146;0;0;399685;0;0;0;0;0;0;2
0;0;0;0;0;57;0;0;2;0;0;0;0;1823;0;0;1;0;132035;33108;0;2;1;398757;0;0;0;0;0;0;0;0;0;0;1116;1;1;0;0;0;0;0;0;0;0;0;50095;71073244;4365;0;0;51;0;0;0;0;7;1026;0;0;0;12;0;0;0;0;0;0;0;0;0;0;0;14;0;10109;0;0;0;0;0;0;0;0;0;0;5183;0;0;0;0;0;9036;0;1;0;0;399705;0;0;0;0;0;1;9036;0;0;0;18667;133006;0;0;2158;0;132028;0;0;0;0;132722;0;0;0;0;2;0;49;0;0;0;0;0;0;0;0;61637;0;0;0;0;0;0;0;400311;0;0;1;0;0;0;8;0;0;0;0;0;146;0;0;399936;0;0;0;0;0;0;2
0;0;0;0;0;57;0;0;2;0;0;0;0;1824;0;0;1;0;132118;33108;0;2;1;399007;0;0;0;0;0;0;0;0;0;0;1117;1;1;0;0;0;0;0;0;0;0;0;50095;72074262;4365;0;0;51;0;0;0;0;7;1026;0;0;0;12;0;0;0;0;0;0;0;0;0;0;0;14;0;10109;0;0;0;0;0;0;0;0;0;0;5183;0;0;0;0;0;9036;0;1;0;0;399956;0;0;0;0;0;1;9036;0;0;0;18668;133089;0;0;2159;0;132112;0;0;0;0;132806;0;0;0;0;2;0;49;0;0;0;0;0;0;0;0;61637;0;0;0;0;0;0;0;400561;0;0;1;0;0;0;8;0;0;0;0;0;146;0;0;400186;0;0;0;0;0;0;2
0;0;0;0;0;57;0;0;2;0;0;0;0;1824;0;0;1;0;132202;33108;0;2;1;399258;0;0;0;0;0;0;0;0;0;0;1117;1;1;0;0;0;0;0;0;0;0;0;50095;73075306;4365;0;0;51;0;0;0;0;7;1026;0;0;0;12;0;0;0;0;0;0;0;0;0;0;0;14;0;10109;0;0;0;0;0;0;0;0;0;0;5183;0;0;0;0;0;9036;0;1;0;0;400207;0;0;0;0;0;1;9036;0;0;0;18670;133173;0;0;2162;0;132195;0;0;0;0;132889;0;0;0;0;2;0;49;0;0;0;0;0;0;0;0;61639;0;0;0;0;0;0;0;400812;0;0;1;0;0;0;8;0;0;0;0;0;146;0;0;400436;0;0;0;0;0;0;2
0;0;;0;0;57;0;0;2;0;0;0;0;1825;0;0;1;0;132285;33108;0;2;1;399508;0;0;0;0;0;0;0;0;0;0;1118;1;1;0;;;0;0;0;0;0;0;50095;74076330;4365;0;0;51;0;0;0;0;7;1026;0;0;;13;0;0;0;0;0;0;0;0;0;0;0;14;0;10109;0;0;;0;0;0;0;0;0;0;5183;0;0;0;0;0;9036;0;1;0;0;400459;0;0;0;0;0;1;9036;0;0;0;18671;133257;0;0;2163;0;132279;0;0;0;0;132973;0;;0;0;2;0;49;;0;0;0;0;0;0;0;61667;0;0;0;0;0;0;0;401062;0;0;1;0;0;0;8;0;0;0;0;0;146;0;0;400688;;0;0;0;0;0;2
