HVS_Hyper-V_stimer0_interrupts_CPU0;HYP_Hypervisor_callback_interrupts_CPU1;50_IR-PCI-MSI_524289-edge_nvme0q1_CPU2;RES_Rescheduling_interrupts_CPU3;CAL_Function_call_interrupts_CPU1;91_IR-PCI-MSI_2099201-edge_eno8-TxRx-1_CPU0;TRM_Thermal_event_interrupts_CPU1;52_IR-PCI-MSI_524291-edge_nvme0q3_CPU3;RTR_APIC_ICR_read_retries_CPU3;28_IR-PCI-MSI_3670017-edge_eno1-TxRx-0_CPU0;87_IR-PCI-MSI_2097156-edge_eno7_CPU3;CAL_Function_call_interrupts_CPU3;30_IR-PCI-MSI_3670019-edge_eno1-TxRx-2_CPU2;31_IR-PCI-MSI_3670020-edge_eno1-TxRx-3_CPU3;PIW_Posted-interrupt_wakeup_event_CPU2;30_IR-PCI-MSI_3670019-edge_eno1-TxRx-2_CPU0;91_IR-PCI-MSI_2099201-edge_eno8-TxRx-1_CPU2;timestamp_us;26_IR-PCI-MSI_1574912-edge_ioat-msix_CPU3;53_IR-PCI-MSI_524292-edge_nvme0q4_CPU3;87_IR-PCI-MSI_2097156-edge_eno7_CPU0;LOC_Local_timer_interrupts_CPU1;72_IR-PCI-MSI_2359296-edge_vfio-msix[0](0000:04:10.0)_CPU2;51_IR-PCI-MSI_524290-edge_nvme0q2_CPU1;87_IR-PCI-MSI_2097156-edge_eno7_CPU2;26_IR-PCI-MSI_1574912-edge_ioat-msix_CPU0;38_IR-PCI-MSI_1576960-edge_ioat-msix_CPU1;49_IR-PCI-MSI_1579008-edge_ioat-msix_CPU2;LOC_Local_timer_interrupts_CPU2;24_DMAR-MSI_0-edge_dmar0_CPU3;86_IR-PCI-MSI_2097155-edge_eno7-TxRx-3_CPU1;HYP_Hypervisor_callback_interrupts_CPU2;24_DMAR-MSI_0-edge_dmar0_CPU2;RES_Rescheduling_interrupts_CPU1;73_IR-PCI-MSI_2361344-edge_vfio-msix[0](0000:04:10.1)_CPU0;RES_Rescheduling_interrupts_CPU0;DFR_Deferred_Error_APIC_interrupts_CPU3;PMI_Performance_monitoring_interrupts_CPU0;MCE_Machine_check_exceptions_CPU2;HRE_Hyper-V_reenlightenment_interrupts_CPU3;THR_Threshold_APIC_interrupts_CPU3;SPU_Spurious_interrupts_CPU2;37_IR-PCI-MSI_524288-edge_nvme0q0_CPU0;50_IR-PCI-MSI_524289-edge_nvme0q1_CPU3;90_IR-PCI-MSI_2099200-edge_eno8-TxRx-0_CPU2;ERR_CPU0;76_IR-PCI-MSI_2097154-edge_eno7-TxRx-2_CPU0;27_IR-PCI-MSI_3670016-edge_eno1_CPU2;PMI_Performance_monitoring_interrupts_CPU3;48_IR-PCI-MSI_327680-edge_xhci_hcd_CPU3;91_IR-PCI-MSI_2099201-edge_eno8-TxRx-1_CPU3;RTR_APIC_ICR_read_retries_CPU1;38_IR-PCI-MSI_1576960-edge_ioat-msix_CPU0;74_IR-PCI-MSI_2097152-edge_eno7-TxRx-0_CPU3;SPU_Spurious_interrupts_CPU3;72_IR-PCI-MSI_2359296-edge_vfio-msix[0](0000:04:10.0)_CPU3;25_IR-PCI-MSI_1572864-edge_ioat-msix_CPU3;18_IR-IO-APIC_18-fasteoi_ehci_hcd:usb1,_ehci_hcd:usb3,_i801_smbus_CPU1;31_IR-PCI-MSI_3670020-edge_eno1-TxRx-3_CPU0;53_IR-PCI-MSI_524292-edge_nvme0q4_CPU0;90_IR-PCI-MSI_2099200-edge_eno8-TxRx-0_CPU0;76_IR-PCI-MSI_2097154-edge_eno7-TxRx-2_CPU1;DFR_Deferred_Error_APIC_interrupts_CPU2;52_IR-PCI-MSI_524291-edge_nvme0q3_CPU0;HVS_Hyper-V_stimer0_interrupts_CPU1;HYP_Hypervisor_callback_interrupts_CPU3;50_IR-PCI-MSI_524289-edge_nvme0q1_CPU0;94_IR-PCI-MSI_2099204-edge_eno8_CPU1;MCP_Machine_check_polls_CPU0;MCP_Machine_check_polls_CPU3;38_IR-PCI-MSI_1576960-edge_ioat-msix_CPU3;90_IR-PCI-MSI_2099200-edge_eno8-TxRx-0_CPU1;18_IR-IO-APIC_18-fasteoi_ehci_hcd:usb1,_ehci_hcd:usb3,_i801_smbus_CPU2;IWI_IRQ_work_interrupts_CPU1;73_IR-PCI-MSI_2361344-edge_vfio-msix[0](0000:04:10.1)_CPU1;THR_Threshold_APIC_interrupts_CPU0;PIW_Posted-interrupt_wakeup_event_CPU3;IWI_IRQ_work_interrupts_CPU2;73_IR-PCI-MSI_2361344-edge_vfio-msix[0](0000:04:10.1)_CPU2;8_IR-IO-APIC_8-edge_rtc0_CPU2;MCP_Machine_check_polls_CPU1;PIW_Posted-interrupt_wakeup_event_CPU0;49_IR-PCI-MSI_1579008-edge_ioat-msix_CPU0;TLB_TLB_shootdowns_CPU3;28_IR-PCI-MSI_3670017-edge_eno1-TxRx-0_CPU3;IWI_IRQ_work_interrupts_CPU0;HRE_Hyper-V_reenlightenment_interrupts_CPU0;IWI_IRQ_work_interrupts_CPU3;NMI_Non-maskable_interrupts_CPU3;MCE_Machine_check_exceptions_CPU1;93_IR-PCI-MSI_2099203-edge_eno8-TxRx-3_CPU1;CAL_Function_call_interrupts_CPU0;THR_Threshold_APIC_interrupts_CPU2;24_DMAR-MSI_0-edge_dmar0_CPU0;93_IR-PCI-MSI_2099203-edge_eno8-TxRx-3_CPU0;TLB_TLB_shootdowns_CPU0;MCE_Machine_check_exceptions_CPU0;52_IR-PCI-MSI_524291-edge_nvme0q3_CPU2;48_IR-PCI-MSI_327680-edge_xhci_hcd_CPU1;MCE_Machine_check_exceptions_CPU3;NMI_Non-maskable_interrupts_CPU1;37_IR-PCI-MSI_524288-edge_nvme0q0_CPU1;31_IR-PCI-MSI_3670020-edge_eno1-TxRx-3_CPU2;PIN_Posted-interrupt_notification_event_CPU1;9_IR-IO-APIC_9-fasteoi_acpi_CPU2;75_IR-PCI-MSI_2097153-edge_eno7-TxRx-1_CPU1;PIN_Posted-interrupt_notification_event_CPU2;92_IR-PCI-MSI_2099202-edge_eno8-TxRx-2_CPU2;HRE_Hyper-V_reenlightenment_interrupts_CPU1;DFR_Deferred_Error_APIC_interrupts_CPU0;8_IR-IO-APIC_8-edge_rtc0_CPU1;LOC_Local_timer_interrupts_CPU0;90_IR-PCI-MSI_2099200-edge_eno8-TxRx-0_CPU3;94_IR-PCI-MSI_2099204-edge_eno8_CPU0;CAL_Function_call_interrupts_CPU2;74_IR-PCI-MSI_2097152-edge_eno7-TxRx-0_CPU0;PIN_Posted-interrupt_notification_event_CPU3;29_IR-PCI-MSI_3670018-edge_eno1-TxRx-1_CPU2;75_IR-PCI-MSI_2097153-edge_eno7-TxRx-1_CPU2;28_IR-PCI-MSI_3670017-edge_eno1-TxRx-0_CPU2;38_IR-PCI-MSI_1576960-edge_ioat-msix_CPU2;SPU_Spurious_interrupts_CPU1;HVS_Hyper-V_stimer0_interrupts_CPU3;DFR_Deferred_Error_APIC_interrupts_CPU1;51_IR-PCI-MSI_524290-edge_nvme0q2_CPU3;74_IR-PCI-MSI_2097152-edge_eno7-TxRx-0_CPU1;9_IR-IO-APIC_9-fasteoi_acpi_CPU1;RES_Rescheduling_interrupts_CPU2;MCP_Machine_check_polls_CPU2;37_IR-PCI-MSI_524288-edge_nvme0q0_CPU3;51_IR-PCI-MSI_524290-edge_nvme0q2_CPU2;86_IR-PCI-MSI_2097155-edge_eno7-TxRx-3_CPU0;HVS_Hyper-V_stimer0_interrupts_CPU2;24_DMAR-MSI_0-edge_dmar0_CPU1;27_IR-PCI-MSI_3670016-edge_eno1_CPU3;31_IR-PCI-MSI_3670020-edge_eno1-TxRx-3_CPU1;37_IR-PCI-MSI_524288-edge_nvme0q0_CPU2;HYP_Hypervisor_callback_interrupts_CPU0;PIW_Posted-interrupt_wakeup_event_CPU1;30_IR-PCI-MSI_3670019-edge_eno1-TxRx-2_CPU3;NMI_Non-maskable_interrupts_CPU0;9_IR-IO-APIC_9-fasteoi_acpi_CPU3;TLB_TLB_shootdowns_CPU1;29_IR-PCI-MSI_3670018-edge_eno1-TxRx-1_CPU3;NPI_Nested_posted-interrupt_event_CPU2;PMI_Performance_monitoring_interrupts_CPU2;74_IR-PCI-MSI_2097152-edge_eno7-TxRx-0_CPU2;18_IR-IO-APIC_18-fasteoi_ehci_hcd:usb1,_ehci_hcd:usb3,_i801_smbus_CPU0;8_IR-IO-APIC_8-edge_rtc0_CPU0;25_IR-PCI-MSI_1572864-edge_ioat-msix_CPU1;91_IR-PCI-MSI_2099201-edge_eno8-TxRx-1_CPU1;TLB_TLB_shootdowns_CPU2;92_IR-PCI-MSI_2099202-edge_eno8-TxRx-2_CPU1;49_IR-PCI-MSI_1579008-edge_ioat-msix_CPU3;RTR_APIC_ICR_read_retries_CPU2;9_IR-IO-APIC_9-fasteoi_acpi_CPU0;92_IR-PCI-MSI_2099202-edge_eno8-TxRx-2_CPU0;NPI_Nested_posted-interrupt_event_CPU0;76_IR-PCI-MSI_2097154-edge_eno7-TxRx-2_CPU3;TRM_Thermal_event_interrupts_CPU0;72_IR-PCI-MSI_2359296-edge_vfio-msix[0](0000:04:10.0)_CPU0;18_IR-IO-APIC_18-fasteoi_ehci_hcd:usb1,_ehci_hcd:usb3,_i801_smbus_CPU3;RTR_APIC_ICR_read_retries_CPU0;27_IR-PCI-MSI_3670016-edge_eno1_CPU0;49_IR-PCI-MSI_1579008-edge_ioat-msix_CPU1;THR_Threshold_APIC_interrupts_CPU1;93_IR-PCI-MSI_2099203-edge_eno8-TxRx-3_CPU2;8_IR-IO-APIC_8-edge_rtc0_CPU3;53_IR-PCI-MSI_524292-edge_nvme0q4_CPU1;76_IR-PCI-MSI_2097154-edge_eno7-TxRx-2_CPU2;53_IR-PCI-MSI_524292-edge_nvme0q4_CPU2;LOC_Local_timer_interrupts_CPU3;PMI_Performance_monitoring_interrupts_CPU1;75_IR-PCI-MSI_2097153-edge_eno7-TxRx-1_CPU3;NMI_Non-maskable_interrupts_CPU2;25_IR-PCI-MSI_1572864-edge_ioat-msix_CPU0;50_IR-PCI-MSI_524289-edge_nvme0q1_CPU1;NPI_Nested_posted-interrupt_event_CPU3;30_IR-PCI-MSI_3670019-edge_eno1-TxRx-2_CPU1;SPU_Spurious_interrupts_CPU0;73_IR-PCI-MSI_2361344-edge_vfio-msix[0](0000:04:10.1)_CPU3;27_IR-PCI-MSI_3670016-edge_eno1_CPU1;HRE_Hyper-V_reenlightenment_interrupts_CPU2;92_IR-PCI-MSI_2099202-edge_eno8-TxRx-2_CPU3;93_IR-PCI-MSI_2099203-edge_eno8-TxRx-3_CPU3;TRM_Thermal_event_interrupts_CPU2;26_IR-PCI-MSI_1574912-edge_ioat-msix_CPU1;87_IR-PCI-MSI_2097156-edge_eno7_CPU1;25_IR-PCI-MSI_1572864-edge_ioat-msix_CPU2;PIN_Posted-interrupt_notification_event_CPU0;29_IR-PCI-MSI_3670018-edge_eno1-TxRx-1_CPU1;86_IR-PCI-MSI_2097155-edge_eno7-TxRx-3_CPU3;MIS_CPU0;26_IR-PCI-MSI_1574912-edge_ioat-msix_CPU2;75_IR-PCI-MSI_2097153-edge_eno7-TxRx-1_CPU0;94_IR-PCI-MSI_2099204-edge_eno8_CPU2;52_IR-PCI-MSI_524291-edge_nvme0q3_CPU1;TRM_Thermal_event_interrupts_CPU3;86_IR-PCI-MSI_2097155-edge_eno7-TxRx-3_CPU2;NPI_Nested_posted-interrupt_event_CPU1;48_IR-PCI-MSI_327680-edge_xhci_hcd_CPU0;94_IR-PCI-MSI_2099204-edge_eno8_CPU3;28_IR-PCI-MSI_3670017-edge_eno1-TxRx-0_CPU1;48_IR-PCI-MSI_327680-edge_xhci_hcd_CPU2;51_IR-PCI-MSI_524290-edge_nvme0q2_CPU0;72_IR-PCI-MSI_2359296-edge_vfio-msix[0](0000:04:10.0)_CPU1;29_IR-PCI-MSI_3670018-edge_eno1-TxRx-1_CPU0
0;0;0;228;12833;2013;0;0;0;25224;0;12864;0;0;0;66958;0;75;0;0;473;914836;;0;0;2;0;0;913910;0;0;0;0;2931;;13188;0;0;0;0;0;0;14;0;0;0;2361;0;0;0;0;0;2;0;0;;0;0;52668;0;2013;0;0;0;0;0;51;0;1;1;0;0;0;302550;;0;0;302548;;0;1;0;2;1009;0;303539;0;302548;0;0;0;3;0;0;2013;0;0;0;0;0;0;0;0;1223;0;0;59;0;0;0;0;925790;0;462;12867;2361;8;0;0;0;0;0;0;0;0;0;0;705;1;0;0;2361;0;0;0;0;0;0;0;0;0;0;1068;0;0;0;0;32;1;0;0;1008;0;0;0;1;2013;0;0;0;;0;0;1;0;0;0;0;0;0;0;910273;0;0;0;2;0;0;0;0;;0;0;0;0;0;0;0;0;0;0;0;0;0;2361;0;0;0;0;0;144;0;0;0;0;;16305
0;0;0;228;12833;2014;0;0;0;25225;0;12864;0;0;0;66959;0;1001933;0;0;473;915088;;0;0;2;0;0;914162;0;0;0;0;2936;;13188;0;0;0;0;0;0;14;0;0;0;2362;0;0;0;0;0;2;0;0;;0;0;52669;0;2014;0;0;0;0;0;51;0;1;1;0;0;0;302634;;0;0;302632;;0;1;0;2;1009;0;303623;0;302631;0;0;0;3;0;0;2014;0;0;0;0;0;0;0;0;1223;0;0;59;0;0;0;0;926043;0;462;12867;2362;8;0;0;0;0;0;0;0;0;0;0;706;1;0;0;2362;0;0;0;0;0;0;0;0;0;0;1068;0;0;0;0;32;1;0;0;1008;0;0;0;1;2014;0;0;0;;0;0;1;0;0;0;0;0;0;0;910523;0;0;0;2;0;0;0;0;;0;0;0;0;0;0;0;0;0;0;0;0;0;2362;0;0;0;0;0;144;0;0;0;0;;16306
0;0;0;228;12833;2014;0;0;0;25225;0;12864;0;0;0;66959;0;2002963;0;0;473;915339;;0;0;2;0;0;914413;0;0;0;0;2936;;13189;0;0;0;0;0;0;14;0;0;0;2362;0;0;0;0;0;2;0;0;;0;0;52669;0;2014;0;0;0;0;0;51;0;1;1;0;0;0;302717;;0;0;302715;;0;1;0;2;1009;0;303707;0;302715;0;0;0;3;0;0;2014;0;0;0;0;0;0;0;0;1223;0;0;59;0;0;0;0;926297;0;462;12867;2362;8;0;0;0;0;0;0;0;0;0;0;706;1;0;0;2362;0;0;0;0;0;0;0;0;0;0;1068;0;0;0;0;32;1;0;0;1008;0;0;0;1;2014;0;0;0;;0;0;1;0;0;0;0;0;0;0;910774;0;0;0;2;0;0;0;0;;0;0;0;0;0;0;0;0;0;0;0;0;0;2362;0;0;0;0;0;144;0;0;0;0;;16306
0;0;0;234;12859;2015;0;0;0;25226;0;12890;0;0;0;66963;0;3003998;0;0;477;915590;0;0;0;2;0;0;914664;0;0;0;0;2943;0;13219;0;0;0;0;0;0;14;0;0;0;2363;0;0;0;0;0;2;0;0;0;0;0;52676;0;2015;0;0;0;0;0;51;0;1;1;0;0;0;302801;0;0;0;302798;0;0;1;0;2;1035;0;303791;0;302798;0;0;0;3;0;0;2015;0;0;0;0;0;0;0;0;1223;0;0;61;0;0;0;0;926564;0;466;12893;2363;8;0;0;0;0;0;0;0;0;0;0;707;1;0;0;2363;0;0;0;0;0;0;0;0;0;0;1094;0;0;0;0;32;1;0;0;1034;0;0;0;1;2015;0;0;0;0;0;0;1;0;0;0;0;0;0;0;911024;0;0;0;2;0;0;0;0;0;0;0;0;0;0;0;0;0;0;0;0;0;0;2363;0;0;0;0;0;144;0;0;0;0;0;16307
0;0;0;234;12859;2015;0;0;0;25226;0;12890;0;0;0;66963;0;4005043;0;0;478;915842;0;0;0;2;0;0;914916;0;0;0;0;2944;0;13219;0;0;0;0;0;0;14;0;0;0;2363;0;0;0;0;0;2;0;0;0;0;0;52676;0;2015;0;0;0;0;0;51;0;1;1;0;0;0;302884;0;0;0;302882;0;0;1;0;2;1035;0;303875;0;302882;0;0;0;3;0;0;2015;0;0;0;0;0;0;0;0;1223;0;0;61;0;0;0;0;926818;0;466;12893;2363;8;0;0;0;0;0;0;0;0;0;0;708;1;0;0;2363;0;0;0;0;0;0;0;0;0;0;1094;0;0;0;0;32;1;0;0;1034;0;0;0;1;2015;0;0;0;0;0;0;1;0;0;0;0;0;0;0;911274;0;0;0;2;0;0;0;0;0;0;0;0;0;0;0;0;0;0;0;0;0;0;2363;0;0;0;0;0;144;0;0;0;0;0;16307
0;0;0;234;12859;2016;0;0;0;25227;0;12890;0;0;0;66964;0;5006071;0;0;484;916093;0;0;0;2;0;0;915167;0;0;0;0;2949;0;13220;0;0;0;0;0;0;14;0;0;0;2364;0;0;0;0;0;2;0;0;0;0;0;52677;0;2016;0;0;0;0;0;51;0;1;1;0;0;0;302968;0;0;0;302965;0;0;1;0;2;1035;0;303959;0;302965;0;0;0;3;0;0;2016;0;0;0;0;0;0;0;0;1223;0;0;61;0;0;0;0;927071;0;473;12893;2364;8;0;0;0;0;0;0;0;0;0;0;708;1;0;0;2364;0;0;0;0;0;0;0;0;0;0;1094;0;0;0;0;32;1;0;0;1034;0;0;0;1;2016;0;0;0;0;0;0;1;0;0;0;0;0;0;0;911525;0;0;0;2;0;0;0;0;0;0;0;0;0;0;0;0;0;0;0;0;0;0;2364;0;0;0;0;0;144;0;0;0;0;0;16308
0;0;0;234;12859;2016;0;0;0;25227;0;12890;0;0;0;66964;0;6007104;0;0;484;916344;0;0;0;2;0;0;915418;0;0;0;0;2949;0;13220;0;0;0;0;0;0;14;0;0;0;2364;0;0;0;0;0;2;0;0;0;0;0;52677;0;2016;0;0;0;0;0;51;0;1;1;0;0;0;303051;0;0;0;303049;0;0;1;0;2;1035;0;304042;0;303049;0;0;0;3;0;0;2016;0;0;0;0;0;0;0;0;1223;0;0;61;0;0;0;0;927324;0;473;12893;2364;8;0;0;0;0;0;0;0;0;0;0;708;1;0;0;2364;0;0;0;0;0;0;0;0;0;0;1094;0;0;0;0;32;1;0;0;1034;0;0;0;1;2016;0;0;0;0;0;0;1;0;0;0;0;0;0;0;911775;0;0;0;2;0;0;0;0;0;0;0;0;0;0;0;0;0;0;0;0;0;0;2364;0;0;0;0;0;144;0;0;0;0;0;16308
0;0;0;234;12859;2017;0;0;0;25228;0;12890;0;0;0;66965;0;7008138;0;0;484;916595;0;0;0;2;0;0;915669;0;0;0;0;2949;0;13220;0;0;0;0;0;0;14;0;0;0;2365;0;0;0;0;0;2;0;0;0;0;0;52678;0;2017;0;0;0;0;0;51;0;1;1;0;0;0;303134;0;0;0;303132;0;0;1;0;2;1035;0;304126;0;303132;0;0;0;3;0;0;2017;0;0;0;0;0;0;0;0;1223;0;0;61;0;0;0;0;927576;0;473;12893;2365;8;0;0;0;0;0;0;0;0;0;0;708;1;0;0;2365;0;0;0;0;0;0;0;0;0;0;1094;0;0;0;0;32;1;0;0;1034;0;0;0;1;2017;0;0;0;0;0;0;1;0;0;0;0;0;0;0;912025;0;0;0;2;0;0;0;0;0;0;0;0;0;0;0;0;0;0;0;0;0;0;2365;0;0;0;0;0;144;0;0;0;0;0;16309
0;0;0;234;12859;2017;0;0;0;25228;0;12890;0;0;0;66967;0;8009179;0;0;484;916847;0;0;0;2;0;0;915920;0;0;0;0;2949;0;13222;0;0;0;0;0;0;14;0;0;0;2365;0;0;0;0;0;2;0;0;0;0;0;52686;0;2017;0;0;0;0;0;51;0;1;1;0;0;0;303218;0;0;0;303215;0;0;1;0;2;1035;0;304209;0;303215;0;0;0;3;0;0;2017;0;0;0;0;0;0;0;0;1224;0;0;61;0;0;0;0;927829;0;473;12893;2365;8;0;0;0;0;0;0;0;0;0;0;708;1;0;0;2365;0;0;0;0;0;0;0;0;0;0;1094;0;0;0;0;32;1;0;0;1034;0;0;0;1;2017;0;0;0;0;0;0;1;0;0;0;0;0;0;0;912275;0;0;0;2;0;0;0;0;0;0;0;0;0;0;0;0;0;0;0;0;0;0;2365;0;0;0;0;0;144;0;0;0;0;0;16319
0;0;0;234;12859;2019;0;0;0;25229;0;12890;0;0;0;66973;0;9010213;0;0;486;917098;0;0;0;2;0;0;916172;0;0;0;0;2949;0;13255;0;0;0;0;0;0;14;0;0;0;2368;0;0;0;0;0;2;0;0;0;0;0;52690;0;2019;0;0;0;0;0;51;0;1;1;0;0;0;303301;0;0;0;303299;0;0;1;0;2;1035;0;304292;0;303299;0;0;0;3;0;0;2019;0;0;0;0;0;0;0;0;1224;0;0;61;0;0;0;0;928084;0;474;12893;2368;8;0;0;0;0;0;0;0;0;0;0;708;1;0;0;2368;0;0;0;0;0;0;0;0;0;0;1094;0;0;0;0;32;1;0;0;1034;0;0;0;1;2019;0;0;0;0;0;0;1;0;0;0;0;0;0;0;912526;0;0;0;2;0;0;0;0;0;0;0;0;0;0;0;0;0;0;0;0;0;0;2368;0;0;0;0;0;144;0;0;0;0;0;16330
0;0;0;234;12859;2019;0;0;0;25229;0;12890;0;0;0;66973;0;10011244;0;0;486;917349;0;0;0;2;0;0;916423;0;0;0;0;2950;0;13256;0;0;0;0;0;0;14;0;0;0;2369;0;0;0;0;0;2;0;0;0;0;0;52690;0;2019;0;0;0;0;0;51;0;1;1;0;0;0;303385;0;0;0;303382;0;0;1;0;2;1035;0;304375;0;303382;0;0;0;3;0;0;2019;0;0;0;0;0;0;0;0;1224;0;0;61;0;0;0;0;928338;0;474;12893;2369;8;0;0;0;0;0;0;0;0;0;0;708;1;0;0;2369;0;0;0;0;0;0;0;0;0;0;1094;0;0;0;0;32;1;0;0;1034;0;0;0;1;2019;0;0;0;0;0;0;1;0;0;0;0;0;0;0;912776;0;0;0;2;0;0;0;0;0;0;0;0;0;0;0;0;0;0;0;0;0;0;2369;0;0;0;0;0;144;0;0;0;0;0;16330
0;0;0;234;12859;2022;0;0;0;25230;0;12890;0;0;0;66974;0;11012279;0;0;487;917600;0;0;0;2;0;0;916674;0;0;0;0;2950;0;13258;0;0;0;0;0;0;14;0;0;0;2370;0;0;0;0;0;2;0;0;0;0;0;52691;0;2022;0;0;0;0;0;51;0;1;1;0;0;0;303468;0;0;0;303466;0;0;1;0;2;1035;0;304459;0;303466;0;0;0;3;0;0;2022;0;0;0;0;0;0;0;0;1224;0;0;61;0;0;0;0;928591;0;475;12893;2370;8;0;0;0;0;0;0;0;0;0;0;708;1;0;0;2370;0;0;0;0;0;0;0;0;0;0;1094;0;0;0;0;32;1;0;0;1034;0;0;0;1;2022;0;0;0;0;0;0;1;0;0;0;0;0;0;0;913026;0;0;0;2;0;0;0;0;0;0;0;0;0;0;0;0;0;0;0;0;0;0;2370;0;0;0;0;0;144;0;0;0;0;0;16331
0;0;0;234;12859;2022;0;0;0;25230;0;12890;0;0;0;66974;0;12013313;0;0;488;917852;0;0;0;2;0;0;916925;0;0;0;0;2952;0;13259;0;0;0;0;0;0;14;0;0;0;2373;0;0;0;0;0;2;0;0;0;0;0;52691;0;2022;0;0;0;0;0;51;0;1;1;0;0;0;303552;0;0;0;303549;0;0;1;0;2;1035;0;304541;0;303549;0;0;0;3;0;0;2022;0;0;0;0;0;0;0;0;1224;0;0;61;0;0;0;0;928847;0;475;12893;2373;8;0;0;0;0;0;0;0;0;0;0;708;1;0;0;2373;0;0;0;0;0;0;0;0;0;0;1094;0;0;0;0;32;1;0;0;1034;0;0;0;1;2022;0;0;0;0;0;0;1;0;0;0;0;0;0;0;913276;0;0;0;2;0;0;0;0;0;0;0;0;0;0;0;0;0;0;0;0;0;0;2373;0;0;0;0;0;144;0;0;0;0;0;16331
0;0;0;234;12859;2023;0;0;0;25231;0;12890;0;0;0;66975;0;13014329;0;0;488;918103;0;0;0;2;0;0;917177;0;0;0;0;2952;0;13259;0;0;0;0;0;0;14;0;0;0;2373;0;0;0;0;0;2;0;0;0;0;0;52692;0;2023;0;0;0;0;0;51;0;1;1;0;0;0;303635;0;0;0;303633;0;0;1;0;2;1035;0;304624;0;303633;0;0;0;3;0;0;2023;0;0;0;0;0;0;0;0;1224;0;0;61;0;0;0;0;929099;0;475;12893;2373;8;0;0;0;0;0;0;0;0;0;0;708;1;0;0;2373;0;0;0;0;0;0;0;0;0;0;1094;0;0;0;0;32;1;0;0;1034;0;0;0;1;2023;0;0;0;0;0;0;1;0;0;0;0;0;0;0;913527;0;0;0;2;0;0;0;0;0;0;0;0;0;0;0;0;0;0;0;0;0;0;2373;0;0;0;0;0;144;0;0;0;0;0;16332
0;0;0;234;12859;2023;0;0;0;25231;0;12890;0;0;0;66975;0;14015361;0;0;488;918354;0;0;0;2;0;0;917428;0;0;0;0;2952;0;13259;0;0;0;0;0;0;14;0;0;0;2374;0;0;0;0;0;2;0;0;0;0;0;52692;0;2023;0;0;0;0;0;51;0;1;1;0;0;0;303718;0;0;0;303716;0;0;1;0;2;1035;0;304708;0;303716;0;0;0;3;0;0;2023;0;0;0;0;0;0;0;0;1224;0;0;61;0;0;0;0;929351;0;475;12893;2374;8;0;0;0;0;0;0;0;0;0;0;708;1;0;0;2374;0;0;0;0;0;0;0;0;0;0;1094;0;0;0;0;32;1;0;0;1034;0;0;0;1;2023;0;0;0;0;0;0;1;0;0;0;0;0;0;0;913777;0;0;0;2;0;0;0;0;0;0;0;0;0;0;0;0;0;0;0;0;0;0;2374;0;0;0;0;0;144;0;0;0;0;0;16332
0;0;0;234;12859;2024;0;0;0;25232;0;12890;0;0;0;66976;0;15016390;0;0;488;918605;0;0;0;2;0;0;917679;0;0;0;0;2952;0;13259;0;0;0;0;0;0;14;0;0;0;2374;0;0;0;0;0;2;0;0;0;0;0;52693;0;2024;0;0;0;0;0;51;0;1;1;0;0;0;303802;0;0;0;303799;0;0;1;0;2;1035;0;304791;0;303799;0;0;0;3;0;0;2024;0;0;0;0;0;0;0;0;1224;0;0;61;0;0;0;0;929604;0;475;12893;2374;8;0;0;0;0;0;0;0;0;0;0;708;1;0;0;2374;0;0;0;0;0;0;0;0;0;0;1094;0;0;0;0;32;1;0;0;1034;0;0;0;1;2024;0;0;0;0;0;0;1;0;0;0;0;0;0;0;914027;0;0;0;2;0;0;0;0;0;0;0;0;0;0;0;0;0;0;0;0;0;0;2374;0;0;0;0;0;144;0;0;0;0;0;16333
0;0;0;234;12859;2024;0;0;0;25232;0;12890;0;0;0;66976;0;16017422;0;0;488;918857;0;0;0;2;0;0;917930;0;0;0;0;2952;0;13259;0;0;0;0;0;0;14;0;0;0;2375;0;0;0;0;0;2;0;0;0;0;0;52693;0;2024;0;0;0;0;0;51;0;1;1;0;0;0;303885;0;0;0;303883;0;0;1;0;2;1035;0;304875;0;303883;0;0;0;3;0;0;2024;0;0;0;0;0;0;0;0;1224;0;0;61;0;0;0;0;929857;0;475;12893;2375;8;0;0;0;0;0;0;0;0;0;0;708;1;0;0;2375;0;0;0;0;0;0;0;0;0;0;1094;0;0;0;0;32;1;0;0;1034;0;0;0;1;2024;0;0;0;0;0;0;1;0;0;0;0;0;0;0;914277;0;0;0;2;0;0;0;0;0;0;0;0;0;0;0;0;0;0;0;0;0;0;2375;0;0;0;0;0;144;0;0;0;0;0;16333
0;0;0;234;12859;2025;0;0;0;25233;0;12890;0;0;0;66977;0;17018449;0;0;488;919108;0;0;0;2;0;0;918182;0;0;0;0;2952;0;13259;0;0;0;0;0;0;14;0;0;0;2375;0;0;0;0;0;2;0;0;0;0;0;52694;0;2025;0;0;0;0;0;51;0;1;1;0;0;0;303969;0;0;0;303966;0;0;1;0;2;1035;0;304958;0;303966;0;0;0;3;0;0;2025;0;0;0;0;0;0;0;0;1224;0;0;61;0;0;0;0;930109;0;475;12893;2375;8;0;0;0;0;0;0;0;0;0;0;708;1;0;0;2375;0;0;0;0;0;0;0;0;0;0;1094;0;0;0;0;32;1;0;0;1034;0;0;0;1;2025;0;0;0;0;0;0;1;0;0;0;0;0;0;0;914528;0;0;0;2;0;0;0;0;0;0;0;0;0;0;0;0;0;0;0;0;0;0;2375;0;0;0;0;0;144;0;0;0;0;0;16334
0;0;0;234;12859;2025;0;0;0;25234;0;12890;0;0;0;66977;0;18019479;0;0;488;919359;0;0;0;2;0;0;918433;0;0;0;0;2952;0;13259;0;0;0;0;0;0;14;0;0;0;2376;0;0;0;0;0;2;0;0;0;0;0;52694;0;2025;0;0;0;0;0;51;0;1;1;0;0;0;304052;0;0;0;304050;0;0;1;0;2;1035;0;305041;0;304050;0;0;0;3;0;0;2025;0;0;0;0;0;0;0;0;1224;0;0;61;0;0;0;0;930362;0;475;12893;2376;8;0;0;0;0;0;0;0;0;0;0;708;1;0;0;2376;0;0;0;0;0;0;0;0;0;0;1094;0;0;0;0;32;1;0;0;1034;0;0;0;1;2025;0;0;0;0;0;0;1;0;0;0;0;0;0;0;914778;0;0;0;2;0;0;0;0;0;0;0;0;0;0;0;0;0;0;0;0;0;0;2376;0;0;0;0;0;144;0;0;0;0;0;16334
0;0;0;235;12859;2026;0;0;0;25256;0;12890;0;0;0;66979;0;19020510;0;0;488;919610;0;0;0;2;0;0;918684;0;0;0;0;2952;0;13259;0;0;0;0;0;0;14;0;0;0;2376;0;0;0;0;0;2;0;0;0;0;0;52695;0;2026;0;0;0;0;0;51;0;1;1;0;0;0;304135;0;0;0;304133;0;0;1;0;2;1035;0;305125;0;304133;0;0;0;3;0;0;2026;0;0;0;0;0;0;0;0;1225;0;0;61;0;0;0;0;930616;0;475;12893;2376;8;0;0;0;0;0;0;0;0;0;0;708;1;0;0;2376;0;0;0;0;0;0;0;0;0;0;1094;0;0;0;0;32;1;0;0;1034;0;0;0;1;2026;0;0;0;0;0;0;1;0;0;0;0;0;0;0;915028;0;0;0;2;0;0;0;0;0;0;0;0;0;0;0;0;0;0;0;0;0;0;2376;0;0;0;0;0;144;0;0;0;0;0;16335
0;0;0;235;12859;2026;0;0;0;25256;0;12890;0;0;0;66979;0;20021545;0;0;488;919862;0;0;0;2;0;0;918936;0;0;0;0;2952;0;13259;0;0;0;0;0;0;14;0;0;0;2377;0;0;0;0;0;2;0;0;0;0;0;52695;0;2026;0;0;0;0;0;51;0;1;1;0;0;0;304219;0;0;0;304217;0;0;1;0;2;1035;0;305209;0;304216;0;0;0;3;0;0;2026;0;0;0;0;0;0;0;0;1225;0;0;61;0;0;0;0;930869;0;475;12893;2377;8;0;0;0;0;0;0;0;0;0;0;708;1;0;0;2377;0;0;0;0;0;0;0;0;0;0;1094;0;0;0;0;32;1;0;0;1034;0;0;0;1;2026;0;0;0;0;0;0;1;0;0;0;0;0;0;0;915278;0;0;0;2;0;0;0;0;0;0;0;0;0;0;0;0;0;0;0;0;0;0;2377;0;0;0;0;0;144;0;0;0;0;0;16335
0;0;0;235;12859;2027;0;0;0;25257;0;12890;0;0;0;66980;0;21022575;0;0;488;920113;0;0;0;2;0;0;919187;0;0;0;0;2952;0;13259;0;0;0;0;0;0;14;0;0;0;2377;0;0;0;0;0;2;0;0;0;0;0;52696;0;2027;0;0;0;0;0;51;0;1;1;0;0;0;304302;0;0;0;304300;0;0;1;0;2;1035;0;305292;0;304300;0;0;0;3;0;0;2027;0;0;0;0;0;0;0;0;1225;0;0;61;0;0;0;0;931122;0;475;12893;2377;8;0;0;0;0;0;0;0;0;0;0;708;1;0;0;2377;0;0;0;0;0;0;0;0;0;0;1094;0;0;0;0;32;1;0;0;1034;0;0;0;1;2027;0;0;0;0;0;0;1;0;0;0;0;0;0;0;915529;0;0;0;2;0;0;0;0;0;0;0;0;0;0;0;0;0;0;0;0;0;0;2377;0;0;0;0;0;144;0;0;0;0;0;16336
0;0;0;235;12859;2027;0;0;0;25257;0;12890;0;0;0;66980;0;22023601;0;0;488;920364;0;0;0;2;0;0;919438;0;0;0;0;2952;0;13259;0;0;0;0;0;0;14;0;0;0;2378;0;0;0;0;0;2;0;0;0;0;0;52696;0;2027;0;0;0;0;0;51;0;1;1;0;0;0;304386;0;0;0;304383;0;0;1;0;2;1035;0;305375;0;304383;0;0;0;3;0;0;2027;0;0;0;0;0;0;0;0;1225;0;0;61;0;0;0;0;931375;0;475;12893;2378;8;0;0;0;0;0;0;0;0;0;0;708;1;0;0;2378;0;0;0;0;0;0;0;0;0;0;1094;0;0;0;0;32;1;0;0;1034;0;0;0;1;2027;0;0;0;0;0;0;1;0;0;0;0;0;0;0;915779;0;0;0;2;0;0;0;0;0;0;0;0;0;0;0;0;0;0;0;0;0;0;2378;0;0;0;0;0;144;0;0;0;0;0;16336
0;0;0;235;12859;2028;0;0;0;25258;0;12890;0;0;0;66981;0;23024624;0;0;488;920615;0;0;0;2;0;0;919689;0;0;0;0;2952;0;13259;0;0;0;0;0;0;14;0;0;0;2378;0;0;0;0;0;2;0;0;0;0;0;52697;0;2028;0;0;0;0;0;51;0;1;1;0;0;0;304469;0;0;0;304467;0;0;1;0;2;1035;0;305459;0;304467;0;0;0;3;0;0;2028;0;0;0;0;0;0;0;0;1225;0;0;61;0;0;0;0;931628;0;475;12893;2378;8;0;0;0;0;0;0;0;0;0;0;708;1;0;0;2378;0;0;0;0;0;0;0;0;0;0;1094;0;0;0;0;32;1;0;0;1034;0;0;0;1;2028;0;0;0;0;0;0;1;0;0;0;0;0;0;0;916029;0;0;0;2;0;0;0;0;0;0;0;0;0;0;0;0;0;0;0;0;0;0;2378;0;0;0;0;0;144;0;0;0;0;0;16337
0;0;0;235;12859;2028;0;0;0;25258;0;12890;0;0;0;66983;0;24025658;0;0;488;920867;0;0;0;2;0;0;919941;0;0;0;0;2953;0;13261;0;0;0;0;0;0;14;0;0;0;2379;0;0;0;0;0;2;0;0;0;0;0;52699;0;2028;0;0;0;0;0;51;0;1;1;0;0;0;304553;0;0;0;304550;0;0;1;0;2;1035;0;305542;0;304550;0;0;0;3;0;0;2028;0;0;0;0;0;0;0;0;1225;0;0;61;0;0;0;0;931881;0;475;12893;2379;8;0;0;0;0;0;0;0;0;0;0;708;1;0;0;2379;0;0;0;0;0;0;0;0;0;0;1094;0;0;0;0;32;1;0;0;1034;0;0;0;1;2028;0;0;0;0;0;0;1;0;0;0;0;0;0;0;916279;0;0;0;2;0;0;0;0;0;0;0;0;0;0;0;0;0;0;0;0;0;0;2379;0;0;0;0;0;144;0;0;0;0;0;16346
0;0;0;235;12859;2029;0;0;0;25270;0;12890;0;0;0;66984;0;25026691;0;0;488;921118;0;0;0;2;0;0;920192;0;0;0;0;2953;0;13292;0;0;0;0;0;0;14;0;0;0;2379;0;0;0;0;0;2;0;0;0;0;0;52703;0;2029;0;0;0;0;0;51;0;1;1;0;0;0;304636;0;0;0;304634;0;0;1;0;2;1035;0;305626;0;304634;0;0;0;3;0;0;2029;0;0;0;0;0;0;0;0;1225;0;0;61;0;0;0;0;932134;0;475;12893;2379;8;0;0;0;0;0;0;0;0;0;0;708;1;0;0;2379;0;0;0;0;0;0;0;0;0;0;1094;0;0;0;0;32;1;0;0;1034;0;0;0;1;2029;0;0;0;0;0;0;1;0;0;0;0;0;0;0;916530;0;0;0;2;0;0;0;0;0;0;0;0;0;0;0;0;0;0;0;0;0;0;2379;0;0;0;0;0;144;0;0;0;0;0;16347
0;0;0;235;12859;2029;0;0;0;25270;0;12890;0;0;0;66984;0;26027708;0;0;488;921369;0;0;0;2;0;0;920443;0;0;0;0;2953;0;13292;0;0;0;0;0;0;14;0;0;0;2380;0;0;0;0;0;2;0;0;0;0;0;52704;0;2029;0;0;0;0;0;51;0;1;1;0;0;0;304719;0;0;0;304717;0;0;1;0;2;1035;0;305709;0;304717;0;0;0;3;0;0;2029;0;0;0;0;0;0;0;0;1225;0;0;61;0;0;0;0;932386;0;475;12893;2380;8;0;0;0;0;0;0;0;0;0;0;708;1;0;0;2380;0;0;0;0;0;0;0;0;0;0;1094;0;0;0;0;32;1;0;0;1034;0;0;0;1;2029;0;0;0;0;0;0;1;0;0;0;0;0;0;0;916780;0;0;0;2;0;0;0;0;0;0;0;0;0;0;0;0;0;0;0;0;0;0;2380;0;0;0;0;0;144;0;0;0;0;0;16347
0;0;0;235;12859;2030;0;0;0;25271;0;12890;0;0;0;66985;0;27028763;0;0;488;921620;0;0;0;2;0;0;920694;0;0;0;0;2954;0;13292;0;0;0;0;0;0;14;0;0;0;2380;0;0;0;0;0;2;0;0;0;0;0;52705;0;2030;0;0;0;0;0;51;0;1;1;0;0;0;304803;0;0;0;304800;0;0;1;0;2;1035;0;305793;0;304800;0;0;0;3;0;0;2030;0;0;0;0;0;0;0;0;1225;0;0;61;0;0;0;0;932641;0;475;12893;2380;8;0;0;0;0;0;0;0;0;0;0;708;1;0;0;2380;0;0;0;0;0;0;0;0;0;0;1094;0;0;0;0;32;1;0;0;1034;0;0;0;1;2030;0;0;0;0;0;0;1;0;0;0;0;0;0;0;917030;0;0;0;2;0;0;0;0;0;0;0;0;0;0;0;0;0;0;0;0;0;0;2380;0;0;0;0;0;144;0;0;0;0;0;16348
0;0;0;235;12859;2030;0;0;0;25271;0;12890;0;0;0;66985;0;28029782;0;0;488;921872;0;0;0;2;0;0;920946;0;0;0;0;2954;0;13292;0;0;0;0;0;0;14;0;0;0;2381;0;0;0;0;0;2;0;0;0;0;0;52705;0;2030;0;0;0;0;0;51;0;1;1;0;0;0;304886;0;0;0;304884;0;0;1;0;2;1035;0;305876;0;304884;0;0;0;3;0;0;2030;0;0;0;0;0;0;0;0;1225;0;0;61;0;0;0;0;932893;0;475;12893;2381;8;0;0;0;0;0;0;0;0;0;0;708;1;0;0;2381;0;0;0;0;0;0;0;0;0;0;1094;0;0;0;0;32;1;0;0;1034;0;0;0;1;2030;0;0;0;0;0;0;1;0;0;0;0;0;0;0;917280;0;0;0;2;0;0;0;0;0;0;0;0;0;0;0;0;0;0;0;0;0;0;2381;0;0;0;0;0;144;0;0;0;0;0;16348
0;0;0;235;12859;2031;0;0;0;25272;0;12890;0;0;0;66986;0;29030830;0;0;488;922123;0;0;0;2;0;0;921197;0;0;0;0;2954;0;13292;0;0;0;0;0;0;14;0;0;0;2381;0;0;0;0;0;2;0;0;0;0;0;52706;0;2031;0;0;0;0;0;51;0;1;1;0;0;0;304970;0;0;0;304967;0;0;1;0;2;1035;0;305960;0;304967;0;0;0;3;0;0;2031;0;0;0;0;0;0;0;0;1225;0;0;61;0;0;0;0;933146;0;475;12893;2381;8;0;0;0;0;0;0;0;0;0;0;708;1;0;0;2381;0;0;0;0;0;0;0;0;0;0;1094;0;0;0;0;32;1;0;0;1034;0;0;0;1;2031;0;0;0;0;0;0;1;0;0;0;0;0;0;0;917531;0;0;0;2;0;0;0;0;0;0;0;0;0;0;0;0;0;0;0;0;0;0;2381;0;0;0;0;0;144;0;0;0;0;0;16349
0;0;0;235;12859;2031;0;0;0;25272;0;12890;0;0;0;66986;0;30031858;0;0;488;922374;0;0;0;2;0;0;921448;0;0;0;0;2954;0;13292;0;0;0;0;0;0;14;0;0;0;2382;0;0;0;0;0;2;0;0;0;0;0;52706;0;2031;0;0;0;0;0;51;0;1;1;0;0;0;305053;0;0;0;305051;0;0;1;0;2;1035;0;306043;0;305051;0;0;0;3;0;0;2031;0;0;0;0;0;0;0;0;1225;0;0;61;0;0;0;0;933400;0;475;12893;2382;8;0;0;0;0;0;0;0;0;0;0;708;1;0;0;2382;0;0;0;0;0;0;0;0;0;0;1094;0;0;0;0;32;1;0;0;1034;0;0;0;1;2031;0;0;0;0;0;0;1;0;0;0;0;0;0;0;917781;0;0;0;2;0;0;0;0;0;0;0;0;0;0;0;0;0;0;0;0;0;0;2382;0;0;0;0;0;144;0;0;0;0;0;16349
0;0;0;235;12859;2032;0;0;0;25273;0;12890;0;0;0;66987;0;31032903;0;0;488;922625;0;0;0;2;0;0;921699;0;0;0;0;2954;0;13292;0;0;0;0;0;0;14;0;0;0;2382;0;0;0;0;0;2;0;0;0;0;0;52707;0;2032;0;0;0;0;0;51;0;1;1;0;0;0;305136;0;0;0;305134;0;0;1;0;2;1035;0;306127;0;305134;0;0;0;3;0;0;2032;0;0;0;0;0;0;0;0;1225;0;0;61;0;0;0;0;933653;0;475;12893;2382;8;0;0;0;0;0;0;0;0;0;0;708;1;0;0;2382;0;0;0;0;0;0;0;0;0;0;1094;0;0;0;0;32;1;0;0;1034;0;0;0;1;2032;0;0;0;0;0;0;1;0;0;0;0;0;0;0;918031;0;0;0;2;0;0;0;0;0;0;0;0;0;0;0;0;0;0;0;0;0;0;2382;0;0;0;0;0;144;0;0;0;0;0;16350
0;0;0;235;12859;2032;0;0;0;25283;0;12890;0;0;0;66987;0;32033924;0;0;488;922877;0;0;0;2;0;0;921950;0;0;0;0;2954;0;13294;0;0;0;0;0;0;14;0;0;0;2383;0;0;0;0;0;2;0;0;0;0;0;52709;0;2032;0;0;0;0;0;51;0;1;1;0;0;0;305220;0;0;0;305217;0;0;1;0;2;1035;0;306210;0;305217;0;0;0;3;0;0;2032;0;0;0;0;0;0;0;0;1225;0;0;61;0;0;0;0;933906;0;475;12893;2383;8;0;0;0;0;0;0;0;0;0;0;708;1;0;0;2383;0;0;0;0;0;0;0;0;0;0;1094;0;0;0;0;32;1;0;0;1034;0;0;0;1;2032;0;0;0;0;0;0;1;0;0;0;0;0;0;0;918281;0;0;0;2;0;0;0;0;0;0;0;0;0;0;0;0;0;0;0;0;0;0;2383;0;0;0;0;0;144;0;0;0;0;0;16350
0;0;0;235;12859;2033;0;0;0;25284;0;12890;0;0;0;66988;0;33034951;0;0;488;923128;0;0;0;2;0;0;922202;0;0;0;0;2954;0;13296;0;0;0;0;0;0;14;0;0;0;2383;0;0;0;0;0;2;0;0;0;0;0;52710;0;2033;0;0;0;0;0;51;0;1;1;0;0;0;305303;0;0;0;305301;0;0;1;0;2;1035;0;306294;0;305301;0;0;0;3;0;0;2033;0;0;0;0;0;0;0;0;1225;0;0;61;0;0;0;0;934160;0;475;12893;2383;8;0;0;0;0;0;0;0;0;0;0;708;1;0;0;2383;0;0;0;0;0;0;0;0;0;0;1094;0;0;0;0;32;1;0;0;1034;0;0;0;1;2033;0;0;0;0;0;0;1;0;0;0;0;0;0;0;918532;0;0;0;2;0;0;0;0;0;0;0;0;0;0;0;0;0;0;0;0;0;0;2383;0;0;0;0;0;144;0;0;0;0;0;16351
0;0;0;235;12859;2033;0;0;0;25287;0;12890;0;0;0;66988;0;34036003;0;0;488;923379;0;0;0;2;0;0;922453;0;0;0;0;2954;0;13325;0;0;0;0;0;0;14;0;0;0;2384;0;0;0;0;0;2;0;0;0;0;0;52710;0;2033;0;0;0;0;0;51;0;1;1;0;0;0;305387;0;0;0;305384;0;0;1;0;2;1035;0;306378;0;305384;0;0;0;3;0;0;2033;0;0;0;0;0;0;0;0;1225;0;0;61;0;0;0;0;934412;0;475;12893;2384;8;0;0;0;0;0;0;0;0;0;0;708;1;0;0;2384;0;0;0;0;0;0;0;0;0;0;1094;0;0;0;0;32;1;0;0;1034;0;0;0;1;2033;0;0;0;0;0;0;1;0;0;0;0;0;0;0;918782;0;0;0;2;0;0;0;0;0;0;0;0;0;0;0;0;0;0;0;0;0;0;2384;0;0;0;0;0;144;0;0;0;0;0;16364
0;0;0;235;12859;2034;0;0;0;25288;0;12890;0;0;0;66989;0;35037020;0;0;488;923630;0;0;0;2;0;0;922704;0;0;0;0;2955;0;13325;0;0;0;0;0;0;14;0;0;0;2384;0;0;0;0;0;2;0;0;0;0;0;52711;0;2034;0;0;0;0;0;51;0;1;1;0;0;0;305470;0;0;0;305468;0;0;1;0;2;1035;0;306461;0;305468;0;0;0;3;0;0;2034;0;0;0;0;0;0;0;0;1225;0;0;61;0;0;0;0;934665;0;475;12893;2384;8;0;0;0;0;0;0;0;0;0;0;708;1;0;0;2384;0;0;0;0;0;0;0;0;0;0;1094;0;0;0;0;32;1;0;0;1034;0;0;0;1;2034;0;0;0;0;0;0;1;0;0;0;0;0;0;0;919032;0;0;0;2;0;0;0;0;0;0;0;0;0;0;0;0;0;0;0;0;0;0;2384;0;0;0;0;0;144;0;0;0;0;0;16365
0;0;0;236;12859;2034;0;0;0;25289;0;12890;0;0;0;66989;0;36038052;0;0;488;923882;0;0;0;2;0;0;922956;0;0;0;0;2955;0;13325;0;0;0;0;0;0;14;0;0;0;2385;0;0;0;0;0;2;0;0;0;0;0;52711;0;2034;0;0;0;0;0;51;0;1;1;0;0;0;305554;0;0;0;305551;0;0;1;0;2;1035;0;306544;0;305551;0;0;0;3;0;0;2034;0;0;0;0;0;0;0;0;1225;0;0;61;0;0;0;0;934918;0;475;12893;2385;8;0;0;0;0;0;0;0;0;0;0;708;1;0;0;2385;0;0;0;0;0;0;0;0;0;0;1094;0;0;0;0;32;1;0;0;1034;0;0;0;1;2034;0;0;0;0;0;0;1;0;0;0;0;0;0;0;919283;0;0;0;2;0;0;0;0;0;0;0;0;0;0;0;0;0;0;0;0;0;0;2385;0;0;0;0;0;144;0;0;0;0;0;16365
0;0;0;236;12859;2035;0;0;0;25290;0;12890;0;0;0;66990;0;37039079;0;0;488;924133;0;0;0;2;0;0;923207;0;0;0;0;2955;0;13325;0;0;0;0;0;0;14;0;0;0;2385;0;0;0;0;0;2;0;0;0;0;0;52712;0;2035;0;0;0;0;0;51;0;1;1;0;0;0;305637;0;0;0;305635;0;0;1;0;2;1035;0;306628;0;305635;0;0;0;3;0;0;2035;0;0;0;0;0;0;0;0;1225;0;0;61;0;0;0;0;935170;0;475;12893;2385;8;0;0;0;0;0;0;0;0;0;0;708;1;0;0;2385;0;0;0;0;0;0;0;0;0;0;1094;0;0;0;0;32;1;0;0;1034;0;0;0;1;2035;0;0;0;0;0;0;1;0;0;0;0;0;0;0;919533;0;0;0;2;0;0;0;0;0;0;0;0;0;0;0;0;0;0;0;0;0;0;2385;0;0;0;0;0;144;0;0;0;0;0;16366
0;0;0;236;12859;2035;0;0;0;25290;0;12890;0;0;0;66990;0;38040103;0;0;488;924384;0;0;0;2;0;0;923458;0;0;0;0;2956;0;13325;0;0;0;0;0;0;14;0;0;0;2386;0;0;0;0;0;2;0;0;0;0;0;52712;0;2035;0;0;0;0;0;51;0;1;1;0;0;0;305720;0;0;0;305718;0;0;1;0;2;1035;0;306711;0;305718;0;0;0;3;0;0;2035;0;0;0;0;0;0;0;0;1225;0;0;61;0;0;0;0;935422;0;475;12893;2386;8;0;0;0;0;0;0;0;0;0;0;708;1;0;0;2386;0;0;0;0;0;0;0;0;0;0;1094;0;0;0;0;32;1;0;0;1034;0;0;0;1;2035;0;0;0;0;0;0;1;0;0;0;0;0;0;0;919783;0;0;0;2;0;0;0;0;0;0;0;0;0;0;0;0;0;0;0;0;0;0;2386;0;0;0;0;0;144;0;0;0;0;0;16366
0;0;0;236;12859;2036;0;0;0;25291;0;12890;0;0;0;66991;0;39041160;0;0;488;924636;0;0;0;2;0;0;923709;0;0;0;0;2956;0;13325;0;0;0;0;0;0;14;0;0;0;2386;0;0;0;0;0;2;0;0;0;0;0;52713;0;2036;0;0;0;0;0;51;0;1;1;0;0;0;305804;0;0;0;305801;0;0;1;0;2;1035;0;306795;0;305801;0;0;0;3;0;0;2036;0;0;0;0;0;0;0;0;1225;0;0;61;0;0;0;0;935676;0;475;12893;2386;8;0;0;0;0;0;0;0;0;0;0;708;1;0;0;2386;0;0;0;0;0;0;0;0;0;0;1094;0;0;0;0;32;1;0;0;1034;0;0;0;1;2036;0;0;0;0;0;0;1;0;0;0;0;0;0;0;920033;0;0;0;2;0;0;0;0;0;0;0;0;0;0;0;0;0;0;0;0;0;0;2386;0;0;0;0;0;144;0;0;0;0;0;16367
0;0;0;236;12859;2036;0;0;0;25291;0;12890;0;0;0;66991;0;40042180;0;0;488;924887;0;0;0;2;0;0;923961;0;0;0;0;2956;0;13325;0;0;0;0;0;0;14;0;0;0;2387;0;0;0;0;0;2;0;0;0;0;0;52713;0;2036;0;0;0;0;0;51;0;1;1;0;0;0;305887;0;0;0;305885;0;0;1;0;2;1035;0;306878;0;305885;0;0;0;3;0;0;2036;0;0;0;0;0;0;0;0;1225;0;0;61;0;0;0;0;935928;0;475;12893;2387;8;0;0;0;0;0;0;0;0;0;0;708;1;0;0;2387;0;0;0;0;0;0;0;0;0;0;1094;0;0;0;0;32;1;0;0;1034;0;0;0;1;2036;0;0;0;0;0;0;1;0;0;0;0;0;0;0;920284;0;0;0;2;0;0;0;0;0;0;0;0;0;0;0;0;0;0;0;0;0;0;2387;0;0;0;0;0;144;0;0;0;0;0;16367
0;0;0;236;12859;2037;0;0;0;25292;0;12890;0;0;0;66992;0;41043206;0;0;488;925138;0;0;0;2;0;0;924212;0;0;0;0;2956;0;13325;0;0;0;0;0;0;14;0;0;0;2387;0;0;0;0;0;2;0;0;0;0;0;52714;0;2037;0;0;0;0;0;51;0;1;1;0;0;0;305971;0;0;0;305968;0;0;1;0;2;1035;0;306961;0;305968;0;0;0;3;0;0;2037;0;0;0;0;0;0;0;0;1225;0;0;61;0;0;0;0;936180;0;475;12893;2387;8;0;0;0;0;0;0;0;0;0;0;708;1;0;0;2387;0;0;0;0;0;0;0;0;0;0;1094;0;0;0;0;32;1;0;0;1034;0;0;0;1;2037;0;0;0;0;0;0;1;0;0;0;0;0;0;0;920534;0;0;0;2;0;0;0;0;0;0;0;0;0;0;0;0;0;0;0;0;0;0;2387;0;0;0;0;0;144;0;0;0;0;0;16368
0;0;0;236;12859;2037;0;0;0;25292;0;12890;0;0;0;66992;0;42044243;0;0;488;925389;0;0;0;2;0;0;924463;0;0;0;0;2957;0;13325;0;0;0;0;0;0;14;0;0;0;2388;0;0;0;0;0;2;0;0;0;0;0;52714;0;2037;0;0;0;0;0;51;0;1;1;0;0;0;306054;0;0;0;306052;0;0;1;0;2;1035;0;307045;0;306052;0;0;0;3;0;0;2037;0;0;0;0;0;0;0;0;1225;0;0;61;0;0;0;0;936434;0;475;12893;2388;8;0;0;0;0;0;0;0;0;0;0;708;1;0;0;2388;0;0;0;0;0;0;0;0;0;0;1094;0;0;0;0;32;1;0;0;1034;0;0;0;1;2037;0;0;0;0;0;0;1;0;0;0;0;0;0;0;920784;0;0;0;2;0;0;0;0;0;0;0;0;0;0;0;0;0;0;0;0;0;0;2388;0;0;0;0;0;144;0;0;0;0;0;16368
0;0;0;236;12859;2038;0;0;0;25293;0;12890;0;0;0;66993;0;43045266;0;0;488;925641;0;0;0;2;0;0;924714;0;0;0;0;2957;0;13325;0;0;0;0;0;0;14;0;0;0;2388;0;0;0;0;0;2;0;0;0;0;0;52715;0;2038;0;0;0;0;0;51;0;1;1;0;0;0;306138;0;0;0;306135;0;0;1;0;2;1035;0;307128;0;306135;0;0;0;3;0;0;2038;0;0;0;0;0;0;0;0;1225;0;0;61;0;0;0;0;936687;0;475;12893;2388;8;0;0;0;0;0;0;0;0;0;0;708;1;0;0;2388;0;0;0;0;0;0;0;0;0;0;1094;0;0;0;0;32;1;0;0;1034;0;0;0;1;2038;0;0;0;0;0;0;1;0;0;0;0;0;0;0;921034;0;0;0;2;0;0;0;0;0;0;0;0;0;0;0;0;0;0;0;0;0;0;2388;0;0;0;0;0;144;0;0;0;0;0;16369
0;0;0;236;12859;2038;0;0;0;25293;0;12890;0;0;0;66993;0;44046296;0;0;488;925892;0;0;0;2;0;0;924966;0;0;0;0;2957;0;13325;0;0;0;0;0;0;14;0;0;0;2389;0;0;0;0;0;2;0;0;0;0;0;52715;0;2038;0;0;0;0;0;51;0;1;1;0;0;0;306221;0;0;0;306219;0;0;1;0;2;1035;0;307212;0;306219;0;0;0;3;0;0;2038;0;0;0;0;0;0;0;0;1225;0;0;61;0;0;0;0;936939;0;475;12893;2389;8;0;0;0;0;0;0;0;0;0;0;708;1;0;0;2389;0;0;0;0;0;0;0;0;0;0;1094;0;0;0;0;32;1;0;0;1034;0;0;0;1;2038;0;0;0;0;0;0;1;0;0;0;0;0;0;0;921285;0;0;0;2;0;0;0;0;0;0;0;0;0;0;0;0;0;0;0;0;0;0;2389;0;0;0;0;0;144;0;0;0;0;0;16369
0;0;0;236;12859;2039;0;0;0;25294;0;12890;0;0;0;66994;0;45047329;0;0;488;926143;0;0;0;2;0;0;925217;0;0;0;0;2957;0;13325;0;0;0;0;0;0;14;0;0;0;2389;0;0;0;0;0;2;0;0;0;0;0;52716;0;2039;0;0;0;0;0;51;0;1;1;0;0;0;306304;0;0;0;306302;0;0;1;0;2;1035;0;307295;0;306302;0;0;0;3;0;0;2039;0;0;0;0;0;0;0;0;1225;0;0;61;0;0;0;0;937192;0;475;12893;2389;8;0;0;0;0;0;0;0;0;0;0;708;1;0;0;2389;0;0;0;0;0;0;0;0;0;0;1094;0;0;0;0;32;1;0;0;1034;0;0;0;1;2039;0;0;0;0;0;0;1;0;0;0;0;0;0;0;921535;0;0;0;2;0;0;0;0;0;0;0;0;0;0;0;0;0;0;0;0;0;0;2389;0;0;0;0;0;144;0;0;0;0;0;16370
0;0;0;236;12859;2039;0;0;0;25294;0;12890;0;0;0;66994;0;46048363;0;0;488;926394;0;0;0;2;0;0;925468;0;0;0;0;2957;0;13325;0;0;0;0;0;0;14;0;0;0;2390;0;0;0;0;0;2;0;0;0;0;0;52716;0;2039;0;0;0;0;0;51;0;1;1;0;0;0;306388;0;0;0;306385;0;0;1;0;2;1035;0;307379;0;306385;0;0;0;3;0;0;2039;0;0;0;0;0;0;0;0;1225;0;0;61;0;0;0;0;937444;0;475;12893;2390;8;0;0;0;0;0;0;0;0;0;0;708;1;0;0;2390;0;0;0;0;0;0;0;0;0;0;1094;0;0;0;0;32;1;0;0;1034;0;0;0;1;2039;0;0;0;0;0;0;1;0;0;0;0;0;0;0;921785;0;0;0;2;0;0;0;0;0;0;0;0;0;0;0;0;0;0;0;0;0;0;2390;0;0;0;0;0;144;0;0;0;0;0;16370
0;0;0;236;12859;2040;0;0;0;25295;0;12890;0;0;0;66995;0;47049392;0;0;488;926646;0;0;0;2;0;0;925719;0;0;0;0;2957;0;13325;0;0;0;0;0;0;14;0;0;0;2390;0;0;0;0;0;2;0;0;0;0;0;52717;0;2040;0;0;0;0;0;51;0;1;1;0;0;0;306471;0;0;0;306469;0;0;1;0;2;1035;0;307462;0;306469;0;0;0;3;0;0;2040;0;0;0;0;0;0;0;0;1225;0;0;61;0;0;0;0;937697;0;475;12893;2390;8;0;0;0;0;0;0;0;0;0;0;708;1;0;0;2390;0;0;0;0;0;0;0;0;0;0;1094;0;0;0;0;32;1;0;0;1034;0;0;0;1;2040;0;0;0;0;0;0;1;0;0;0;0;0;0;0;922035;0;0;0;2;0;0;0;0;0;0;0;0;0;0;0;0;0;0;0;0;0;0;2390;0;0;0;0;0;144;0;0;0;0;0;16371
0;0;0;236;12859;2040;0;0;0;25295;0;12890;0;0;0;66995;0;48050425;0;0;488;926897;0;0;0;2;0;0;925971;0;0;0;0;2957;0;13325;0;0;0;0;0;0;14;0;0;0;2391;0;0;0;0;0;2;0;0;0;0;0;52717;0;2040;0;0;0;0;0;51;0;1;1;0;0;0;306555;0;0;0;306552;0;0;1;0;2;1035;0;307545;0;306552;0;0;0;3;0;0;2040;0;0;0;0;0;0;0;0;1225;0;0;61;0;0;0;0;937950;0;475;12893;2391;8;0;0;0;0;0;0;0;0;0;0;708;1;0;0;2391;0;0;0;0;0;0;0;0;0;0;1094;0;0;0;0;32;1;0;0;1034;0;0;0;1;2040;0;0;0;0;0;0;1;0;0;0;0;0;0;0;922286;0;0;0;2;0;0;0;0;0;0;0;0;0;0;0;0;0;0;0;0;0;0;2391;0;0;0;0;0;144;0;0;0;0;0;16371
0;0;0;236;12859;2041;0;0;0;25296;0;12890;0;0;0;66996;0;49051450;0;0;488;927148;0;0;0;2;0;0;926222;0;0;0;0;2961;0;13325;0;0;0;0;0;0;14;0;0;0;2391;0;0;0;0;0;2;0;0;0;0;0;52718;0;2041;0;0;0;0;0;51;0;1;1;0;0;0;306638;0;0;0;306636;0;0;1;0;2;1035;0;307629;0;306636;0;0;0;3;0;0;2041;0;0;0;0;0;0;0;0;1225;0;0;61;0;0;0;0;938202;0;475;12893;2391;8;0;0;0;0;0;0;0;0;0;0;708;1;0;0;2391;0;0;0;0;0;0;0;0;0;0;1094;0;0;0;0;32;1;0;0;1034;0;0;0;1;2041;0;0;0;0;0;0;1;0;0;0;0;0;0;0;922536;0;0;0;2;0;0;0;0;0;0;0;0;0;0;0;0;0;0;0;0;0;0;2391;0;0;0;0;0;144;0;0;0;0;0;16372
0;0;0;236;12859;2041;0;0;0;25296;0;12890;0;0;0;66996;0;50052476;0;0;488;927399;0;0;0;2;0;0;926473;0;0;0;0;2961;0;13325;0;0;0;0;0;0;14;0;0;0;2392;0;0;0;0;0;2;0;0;0;0;0;52718;0;2041;0;0;0;0;0;51;0;1;1;0;0;0;306721;0;0;0;306719;0;0;1;0;2;1035;0;307712;0;306719;0;0;0;3;0;0;2041;0;0;0;0;0;0;0;0;1225;0;0;61;0;0;0;0;938455;0;475;12893;2392;8;0;0;0;0;0;0;0;0;0;0;708;1;0;0;2392;0;0;0;0;0;0;0;0;0;0;1094;0;0;0;0;32;1;0;0;1034;0;0;0;1;2041;0;0;0;0;0;0;1;0;0;0;0;0;0;0;922786;0;0;0;2;0;0;0;0;0;0;0;0;0;0;0;0;0;0;0;0;0;0;2392;0;0;0;0;0;144;0;0;0;0;0;16372
0;0;0;236;12859;2042;0;0;0;25297;0;12890;0;0;0;66997;0;51056010;0;0;488;927651;0;0;0;2;0;0;926725;0;0;0;0;2961;0;13325;0;0;0;0;0;0;14;0;0;0;2392;0;0;0;0;0;2;0;0;0;0;0;52719;0;2042;0;0;0;0;0;51;0;1;1;0;0;0;306805;0;0;0;306803;0;0;1;0;2;1035;0;307796;0;306803;0;0;0;3;0;0;2042;0;0;0;0;0;0;0;0;1225;0;0;61;0;0;0;0;938708;0;475;12893;2392;8;0;0;0;0;0;0;0;0;0;0;708;1;0;0;2392;0;0;0;0;0;0;0;0;0;0;1094;0;0;0;0;32;1;0;0;1034;0;0;0;1;2042;0;0;0;0;0;0;1;0;0;0;0;0;0;0;923037;0;0;0;2;0;0;0;0;0;0;0;0;0;0;0;0;0;0;0;0;0;0;2392;0;0;0;0;0;144;0;0;0;0;0;16373
0;0;0;236;12859;2042;0;0;0;25297;0;12890;0;0;0;66997;0;52057034;0;0;488;927903;0;0;0;2;0;0;926976;0;0;0;0;2961;0;13325;0;0;0;0;0;0;14;0;0;0;2393;0;0;0;0;0;2;0;0;0;0;0;52719;0;2042;0;0;0;0;0;51;0;1;1;0;0;0;306889;0;0;0;306886;0;0;1;0;2;1035;0;307879;0;306886;0;0;0;3;0;0;2042;0;0;0;0;0;0;0;0;1225;0;0;61;0;0;0;0;938961;0;475;12893;2393;8;0;0;0;0;0;0;0;0;0;0;708;1;0;0;2393;0;0;0;0;0;0;0;0;0;0;1094;0;0;0;0;32;1;0;0;1034;0;0;0;1;2042;0;0;0;0;0;0;1;0;0;0;0;0;0;0;923287;0;0;0;2;0;0;0;0;0;0;0;0;0;0;0;0;0;0;0;0;0;0;2393;0;0;0;0;0;144;0;0;0;0;0;16373
0;0;0;236;12859;2043;0;0;0;25298;0;12890;0;0;0;66998;0;53058064;0;0;488;928154;0;0;0;2;0;0;927228;0;0;0;0;2962;0;13325;0;0;0;0;0;0;14;0;0;0;2393;0;0;0;0;0;2;0;0;0;0;0;52720;0;2043;0;0;0;0;0;51;0;1;1;0;0;0;306972;0;0;0;306970;0;0;1;0;2;1035;0;307963;0;306970;0;0;0;3;0;0;2043;0;0;0;0;0;0;0;0;1225;0;0;61;0;0;0;0;939214;0;475;12893;2393;8;0;0;0;0;0;0;0;0;0;0;708;1;0;0;2393;0;0;0;0;0;0;0;0;0;0;1094;0;0;0;0;32;1;0;0;1034;0;0;0;1;2043;0;0;0;0;0;0;1;0;0;0;0;0;0;0;923538;0;0;0;2;0;0;0;0;0;0;0;0;0;0;0;0;0;0;0;0;0;0;2393;0;0;0;0;0;144;0;0;0;0;0;16374
0;0;0;236;12859;2043;0;0;0;25298;0;12890;0;0;0;66998;0;54059095;0;0;488;928405;0;0;0;2;0;0;927479;0;0;0;0;2962;0;13325;0;0;0;0;0;0;14;0;0;0;2394;0;0;0;0;0;2;0;0;0;0;0;52720;0;2043;0;0;0;0;0;51;0;1;1;0;0;0;307055;0;0;0;307053;0;0;1;0;2;1035;0;308046;0;307053;0;0;0;3;0;0;2043;0;0;0;0;0;0;0;0;1225;0;0;61;0;0;0;0;939467;0;475;12893;2394;8;0;0;0;0;0;0;0;0;0;0;708;1;0;0;2394;0;0;0;0;0;0;0;0;0;0;1094;0;0;0;0;32;1;0;0;1034;0;0;0;1;2043;0;0;0;0;0;0;1;0;0;0;0;0;0;0;923788;0;0;0;2;0;0;0;0;0;0;0;0;0;0;0;0;0;0;0;0;0;0;2394;0;0;0;0;0;144;0;0;0;0;0;16374
0;0;0;236;12859;2044;0;0;0;25299;0;12890;0;0;0;66999;0;55060129;0;0;488;928656;0;0;0;2;0;0;927730;0;0;0;0;2962;0;13325;0;0;0;0;0;0;14;0;0;0;2394;0;0;0;0;0;2;0;0;0;0;0;52721;0;2044;0;0;0;0;0;51;0;1;1;0;0;0;307139;0;0;0;307136;0;0;1;0;2;1035;0;308130;0;307136;0;0;0;3;0;0;2044;0;0;0;0;0;0;0;0;1225;0;0;61;0;0;0;0;939719;0;475;12893;2394;8;0;0;0;0;0;0;0;0;0;0;708;1;0;0;2394;0;0;0;0;0;0;0;0;0;0;1094;0;0;0;0;32;1;0;0;1034;0;0;0;1;2044;0;0;0;0;0;0;1;0;0;0;0;0;0;0;924038;0;0;0;2;0;0;0;0;0;0;0;0;0;0;0;0;0;0;0;0;0;0;2394;0;0;0;0;0;144;0;0;0;0;0;16375
0;0;0;236;12859;2044;0;0;0;25299;0;12890;0;0;0;66999;0;56061154;0;0;488;928908;0;0;0;2;0;0;927981;0;0;0;0;2962;0;13325;0;0;0;0;0;0;14;0;0;0;2395;0;0;0;0;0;2;0;0;0;0;0;52721;0;2044;0;0;0;0;0;51;0;1;1;0;0;0;307222;0;0;0;307220;0;0;1;0;2;1035;0;308213;0;307220;0;0;0;3;0;0;2044;0;0;0;0;0;0;0;0;1225;0;0;61;0;0;0;0;939972;0;475;12893;2395;8;0;0;0;0;0;0;0;0;0;0;708;1;0;0;2395;0;0;0;0;0;0;0;0;0;0;1094;0;0;0;0;32;1;0;0;1034;0;0;0;1;2044;0;0;0;0;0;0;1;0;0;0;0;0;0;0;924288;0;0;0;2;0;0;0;0;0;0;0;0;0;0;0;0;0;0;0;0;0;0;2395;0;0;0;0;0;144;0;0;0;0;0;16375
0;0;0;236;12859;2045;0;0;0;25300;0;12890;0;0;0;67000;0;57062190;0;0;488;929159;0;0;0;2;0;0;928233;0;0;0;0;2962;0;13325;0;0;0;0;0;0;14;0;0;0;2395;0;0;0;0;0;2;0;0;0;0;0;52722;0;2045;0;0;0;0;0;51;0;1;1;0;0;0;307306;0;0;0;307303;0;0;1;0;2;1035;0;308296;0;307303;0;0;0;3;0;0;2045;0;0;0;0;0;0;0;0;1225;0;0;61;0;0;0;0;940225;0;475;12893;2395;8;0;0;0;0;0;0;0;0;0;0;708;1;0;0;2395;0;0;0;0;0;0;0;0;0;0;1094;0;0;0;0;32;1;0;0;1034;0;0;0;1;2045;0;0;0;0;0;0;1;0;0;0;0;0;0;0;924539;0;0;0;2;0;0;0;0;0;0;0;0;0;0;0;0;0;0;0;0;0;0;2395;0;0;0;0;0;144;0;0;0;0;0;16376
0;0;0;236;12859;2045;0;0;0;25300;0;12890;0;0;0;67000;0;58063215;0;0;488;929410;0;0;0;2;0;0;928484;0;0;0;0;2962;0;13325;0;0;0;0;0;0;14;0;0;0;2396;0;0;0;0;0;2;0;0;0;0;0;52722;0;2045;0;0;0;0;0;51;0;1;1;0;0;0;307389;0;0;0;307387;0;0;1;0;2;1035;0;308380;0;307387;0;0;0;3;0;0;2045;0;0;0;0;0;0;0;0;1225;0;0;61;0;0;0;0;940477;0;475;12893;2396;8;0;0;0;0;0;0;0;0;0;0;708;1;0;0;2396;0;0;0;0;0;0;0;0;0;0;1094;0;0;0;0;32;1;0;0;1034;0;0;0;1;2045;0;0;0;0;0;0;1;0;0;0;0;0;0;0;924789;0;0;0;2;0;0;0;0;0;0;0;0;0;0;0;0;0;0;0;0;0;0;2396;0;0;0;0;0;144;0;0;0;0;0;16376
0;0;0;236;12859;2046;0;0;0;25301;0;12890;0;0;0;67002;0;59064242;0;0;488;929661;0;0;0;2;0;0;928735;0;0;0;0;2962;0;13325;0;0;0;0;0;0;14;0;0;0;2396;0;0;0;0;0;2;0;0;0;0;0;52723;0;2046;0;0;0;0;0;51;0;1;1;0;0;0;307472;0;0;0;307470;0;0;1;0;2;1035;0;308463;0;307470;0;0;0;3;0;0;2046;0;0;0;0;0;0;0;0;1225;0;0;61;0;0;0;0;940729;0;475;12893;2396;8;0;0;0;0;0;0;0;0;0;0;708;1;0;0;2396;0;0;0;0;0;0;0;0;0;0;1094;0;0;0;0;32;1;0;0;1034;0;0;0;1;2046;0;0;0;0;0;0;1;0;0;0;0;0;0;0;925039;0;0;0;2;0;0;0;0;0;0;0;0;0;0;0;0;0;0;0;0;0;0;2396;0;0;0;0;0;144;0;0;0;0;0;16377
0;0;0;236;12859;2046;0;0;0;25301;0;12890;0;0;0;67002;0;60065285;0;0;488;929913;0;0;0;2;0;0;928987;0;0;0;0;2962;0;13325;0;0;0;0;0;0;14;0;0;0;2397;0;0;0;0;0;2;0;0;0;0;0;52723;0;2046;0;0;0;0;0;51;0;1;1;0;0;0;307556;0;0;0;307554;0;0;1;0;2;1035;0;308547;0;307553;0;0;0;3;0;0;2046;0;0;0;0;0;0;0;0;1225;0;0;61;0;0;0;0;940983;0;475;12893;2397;8;0;0;0;0;0;0;0;0;0;0;708;1;0;0;2397;0;0;0;0;0;0;0;0;0;0;1094;0;0;0;0;32;1;0;0;1034;0;0;0;1;2046;0;0;0;0;0;0;1;0;0;0;0;0;0;0;925289;0;0;0;2;0;0;0;0;0;0;0;0;0;0;0;0;0;0;0;0;0;0;2397;0;0;0;0;0;144;0;0;0;0;0;16377
0;0;0;236;12859;2047;0;0;0;25302;0;12890;0;0;0;67003;0;61066311;0;0;488;930164;0;0;0;2;0;0;929238;0;0;0;0;2962;0;13325;0;0;0;0;0;0;14;0;0;0;2397;0;0;0;0;0;2;0;0;0;0;0;52724;0;2047;0;0;0;0;0;51;0;1;1;0;0;0;307639;0;0;0;307637;0;0;1;0;2;1035;0;308630;0;307637;0;0;0;3;0;0;2047;0;0;0;0;0;0;0;0;1225;0;0;61;0;0;0;0;941236;0;475;12893;2397;8;0;0;0;0;0;0;0;0;0;0;708;1;0;0;2397;0;0;0;0;0;0;0;0;0;0;1094;0;0;0;0;32;1;0;0;1034;0;0;0;1;2047;0;0;0;0;0;0;1;0;0;0;0;0;0;0;925540;0;0;0;2;0;0;0;0;0;0;0;0;0;0;0;0;0;0;0;0;0;0;2397;0;0;0;0;0;144;0;0;0;0;0;16378
0;0;0;236;12859;2047;0;0;0;25302;0;12890;0;0;0;67003;0;62067341;0;0;488;930415;0;0;0;2;0;0;929489;0;0;0;0;2963;0;13325;0;0;0;0;0;0;14;0;0;0;2398;0;0;0;0;0;2;0;0;0;0;0;52724;0;2047;0;0;0;0;0;51;0;1;1;0;0;0;307723;0;0;0;307720;0;0;1;0;2;1035;0;308713;0;307720;0;0;0;3;0;0;2047;0;0;0;0;0;0;0;0;1225;0;0;61;0;0;0;0;941488;0;475;12893;2398;8;0;0;0;0;0;0;0;0;0;0;708;1;0;0;2398;0;0;0;0;0;0;0;0;0;0;1094;0;0;0;0;32;1;0;0;1034;0;0;0;1;2047;0;0;0;0;0;0;1;0;0;0;0;0;0;0;925790;0;0;0;2;0;0;0;0;0;0;0;0;0;0;0;0;0;0;0;0;0;0;2398;0;0;0;0;0;144;0;0;0;0;0;16378
0;0;0;236;12859;2048;0;0;0;25303;0;12890;0;0;0;67004;0;63068376;0;0;488;930666;0;0;0;2;0;0;929740;0;0;0;0;2963;0;13325;0;0;0;0;0;0;14;0;0;0;2398;0;0;0;0;0;2;0;0;0;0;0;52725;0;2048;0;0;0;0;0;51;0;1;1;0;0;0;307806;0;0;0;307804;0;0;1;0;2;1035;0;308797;0;307804;0;0;0;3;0;0;2048;0;0;0;0;0;0;0;0;1225;0;0;61;0;0;0;0;941741;0;475;12893;2398;8;0;0;0;0;0;0;0;0;0;0;708;1;0;0;2398;0;0;0;0;0;0;0;0;0;0;1094;0;0;0;0;32;1;0;0;1034;0;0;0;1;2048;0;0;0;0;0;0;1;0;0;0;0;0;0;0;926040;0;0;0;2;0;0;0;0;0;0;0;0;0;0;0;0;0;0;0;0;0;0;2398;0;0;0;0;0;144;0;0;0;0;0;16379
0;0;0;236;12859;2048;0;0;0;25303;0;12890;0;0;0;67004;0;64069399;0;0;488;930918;0;0;0;2;0;0;929991;0;0;0;0;2966;0;13325;0;0;0;0;0;0;14;0;0;0;2399;0;0;0;0;0;2;0;0;0;0;0;52725;0;2048;0;0;0;0;0;51;0;1;1;0;0;0;307890;0;0;0;307887;0;0;1;0;2;1035;0;308880;0;307887;0;0;0;3;0;0;2048;0;0;0;0;0;0;0;0;1225;0;0;61;0;0;0;0;941994;0;475;12893;2399;8;0;0;0;0;0;0;0;0;0;0;708;1;0;0;2399;0;0;0;0;0;0;0;0;0;0;1094;0;0;0;0;32;1;0;0;1034;0;0;0;1;2048;0;0;0;0;0;0;1;0;0;0;0;0;0;0;926290;0;0;0;2;0;0;0;0;0;0;0;0;0;0;0;0;0;0;0;0;0;0;2399;0;0;0;0;0;144;0;0;0;0;0;16379
0;0;0;236;12859;2049;0;0;0;25304;0;12890;0;0;0;67005;0;65070426;0;0;488;931169;0;0;0;2;0;0;930243;0;0;0;0;2966;0;13325;0;0;0;0;0;0;14;0;0;0;2399;0;0;0;0;0;2;0;0;0;0;0;52726;0;2049;0;0;0;0;0;51;0;1;1;0;0;0;307973;0;0;0;307971;0;0;1;0;2;1035;0;308964;0;307971;0;0;0;3;0;0;2049;0;0;0;0;0;0;0;0;1225;0;0;61;0;0;0;0;942246;0;475;12893;2399;8;0;0;0;0;0;0;0;0;0;0;708;1;0;0;2399;0;0;0;0;0;0;0;0;0;0;1094;0;0;0;0;32;1;0;0;1034;0;0;0;1;2049;0;0;0;0;0;0;1;0;0;0;0;0;0;0;926541;0;0;0;2;0;0;0;0;0;0;0;0;0;0;0;0;0;0;0;0;0;0;2399;0;0;0;0;0;144;0;0;0;0;0;16380
0;0;0;236;12859;2049;0;0;0;25304;0;12890;0;0;0;67005;0;66071460;0;0;488;931420;0;0;0;2;0;0;930494;0;0;0;0;2966;0;13325;0;0;0;0;0;0;14;0;0;0;2400;0;0;0;0;0;2;0;0;0;0;0;52726;0;2049;0;0;0;0;0;51;0;1;1;0;0;0;308056;0;0;0;308054;0;0;1;0;2;1035;0;309047;0;308054;0;0;0;3;0;0;2049;0;0;0;0;0;0;0;0;1225;0;0;61;0;0;0;0;942499;0;475;12893;2400;8;0;0;0;0;0;0;0;0;0;0;708;1;0;0;2400;0;0;0;0;0;0;0;0;0;0;1094;0;0;0;0;32;1;0;0;1034;0;0;0;1;2049;0;0;0;0;0;0;1;0;0;0;0;0;0;0;926791;0;0;0;2;0;0;0;0;0;0;0;0;0;0;0;0;0;0;0;0;0;0;2400;0;0;0;0;0;144;0;0;0;0;0;16380
0;0;0;236;12859;2050;0;0;0;25305;0;12890;0;0;0;67006;0;67072493;0;0;488;931671;0;0;0;2;0;0;930745;0;0;0;0;2966;0;13325;0;0;0;0;0;0;14;0;0;0;2400;0;0;0;0;0;2;0;0;0;0;0;52727;0;2050;0;0;0;0;0;51;0;1;1;0;0;0;308140;0;0;0;308137;0;0;1;0;2;1035;0;309131;0;308137;0;0;0;3;0;0;2050;0;0;0;0;0;0;0;0;1225;0;0;61;0;0;0;0;942752;0;475;12893;2400;8;0;0;0;0;0;0;0;0;0;0;708;1;0;0;2400;0;0;0;0;0;0;0;0;0;0;1094;0;0;0;0;32;1;0;0;1034;0;0;0;1;2050;0;0;0;0;0;0;1;0;0;0;0;0;0;0;927041;0;0;0;2;0;0;0;0;0;0;0;0;0;0;0;0;0;0;0;0;0;0;2400;0;0;0;0;0;144;0;0;0;0;0;16381
0;0;0;236;12859;2050;0;0;0;25305;0;12890;0;0;0;67006;0;68073520;0;0;488;931923;0;0;0;2;0;0;930997;0;0;0;0;2966;0;13325;0;0;0;0;0;0;14;0;0;0;2401;0;0;0;0;0;2;0;0;0;0;0;52727;0;2050;0;0;0;0;0;51;0;1;1;0;0;0;308223;0;0;0;308221;0;0;1;0;2;1035;0;309214;0;308221;0;0;0;3;0;0;2050;0;0;0;0;0;0;0;0;1225;0;0;61;0;0;0;0;943004;0;475;12893;2401;8;0;0;0;0;0;0;0;0;0;0;708;1;0;0;2401;0;0;0;0;0;0;0;0;0;0;1094;0;0;0;0;32;1;0;0;1034;0;0;0;1;2050;0;0;0;0;0;0;1;0;0;0;0;0;0;0;927291;0;0;0;2;0;0;0;0;0;0;0;0;0;0;0;0;0;0;0;0;0;0;2401;0;0;0;0;0;144;0;0;0;0;0;16381
0;0;0;236;12859;2051;0;0;0;25306;0;12890;0;0;0;67007;0;69074556;0;0;488;932174;0;0;0;2;0;0;931248;0;0;0;0;2966;0;13325;0;0;0;0;0;0;14;0;0;0;2401;0;0;0;0;0;2;0;0;0;0;0;52728;0;2051;0;0;0;0;0;51;0;1;1;0;0;0;308307;0;0;0;308304;0;0;1;0;2;1035;0;309297;0;308304;0;0;0;3;0;0;2051;0;0;0;0;0;0;0;0;1225;0;0;61;0;0;0;0;943257;0;475;12893;2401;8;0;0;0;0;0;0;0;0;0;0;708;1;0;0;2401;0;0;0;0;0;0;0;0;0;0;1094;0;0;0;0;32;1;0;0;1034;0;0;0;1;2051;0;0;0;0;0;0;1;0;0;0;0;0;0;0;927542;0;0;0;2;0;0;0;0;0;0;0;0;0;0;0;0;0;0;0;0;0;0;2401;0;0;0;0;0;144;0;0;0;0;0;16382
0;0;0;236;12859;2051;0;0;0;25306;0;12890;0;0;0;67007;0;70075581;0;0;488;932425;0;0;0;2;0;0;931499;0;0;0;0;2966;0;13325;0;0;0;0;0;0;14;0;0;0;2402;0;0;0;0;0;2;0;0;0;0;0;52728;0;2051;0;0;0;0;0;51;0;1;1;0;0;0;308390;0;0;0;308388;0;0;1;0;2;1035;0;309381;0;308388;0;0;0;3;0;0;2051;0;0;0;0;0;0;0;0;1225;0;0;61;0;0;0;0;943509;0;475;12893;2402;8;0;0;0;0;0;0;0;0;0;0;708;1;0;0;2402;0;0;0;0;0;0;0;0;0;0;1094;0;0;0;0;32;1;0;0;1034;0;0;0;1;2051;0;0;0;0;0;0;1;0;0;0;0;0;0;0;927792;0;0;0;2;0;0;0;0;0;0;0;0;0;0;0;0;0;0;0;0;0;0;2402;0;0;0;0;0;144;0;0;0;0;0;16382
0;0;0;236;12859;2052;0;0;0;25307;0;12890;0;0;0;67008;0;71076623;0;0;488;932676;0;0;0;2;0;0;931750;0;0;0;0;2966;0;13325;0;0;0;0;0;0;14;0;0;0;2402;0;0;0;0;0;2;0;0;0;0;0;52729;0;2052;0;0;0;0;0;51;0;1;1;0;0;0;308473;0;0;0;308471;0;0;1;0;2;1035;0;309464;0;308471;0;0;0;3;0;0;2052;0;0;0;0;0;0;0;0;1225;0;0;61;0;0;0;0;943763;0;475;12893;2402;8;0;0;0;0;0;0;0;0;0;0;708;1;0;0;2402;0;0;0;0;0;0;0;0;0;0;1094;0;0;0;0;32;1;0;0;1034;0;0;0;1;2052;0;0;0;0;0;0;1;0;0;0;0;0;0;0;928042;0;0;0;2;0;0;0;0;0;0;0;0;0;0;0;0;0;0;0;0;0;0;2402;0;0;0;0;0;144;0;0;0;0;0;16383
0;0;0;236;12859;2052;0;0;0;25307;0;12890;0;0;0;67008;0;72077662;0;0;488;932928;0;0;0;2;0;0;932002;0;0;0;0;2966;0;13325;0;0;0;0;0;0;14;0;0;0;2403;0;0;0;0;0;2;0;0;0;0;0;52729;0;2052;0;0;0;0;0;51;0;1;1;0;0;0;308557;0;0;0;308555;0;0;1;0;2;1035;0;309548;0;308554;0;0;0;3;0;0;2052;0;0;0;0;0;0;0;0;1225;0;0;61;0;0;0;0;944016;0;475;12893;2403;8;0;0;0;0;0;0;0;0;0;0;708;1;0;0;2403;0;0;0;0;0;0;0;0;0;0;1094;0;0;0;0;32;1;0;0;1034;0;0;0;1;2052;0;0;0;0;0;0;1;0;0;0;0;0;0;0;928292;0;0;0;2;0;0;0;0;0;0;0;0;0;0;0;0;0;0;0;0;0;0;2403;0;0;0;0;0;144;0;0;0;0;0;16383
0;0;0;236;12859;2053;0;0;0;25308;0;12890;0;0;0;67009;0;73078688;0;0;488;933179;0;0;0;2;0;0;932253;0;0;0;0;2966;0;13325;0;0;0;0;0;0;14;0;0;0;2403;0;0;0;0;0;2;0;0;0;0;0;52730;0;2053;0;0;0;0;0;51;0;1;1;0;0;0;308640;0;0;0;308638;0;0;1;0;2;1035;0;309631;0;308638;0;0;0;3;0;0;2053;0;0;0;0;0;0;0;0;1225;0;0;61;0;0;0;0;944268;0;475;12893;2403;8;0;0;0;0;0;0;0;0;0;0;708;1;0;0;2403;0;0;0;0;0;0;0;0;0;0;1094;0;0;0;0;32;1;0;0;1034;0;0;0;1;2053;0;0;0;0;0;0;1;0;0;0;0;0;0;0;928543;0;0;0;2;0;0;0;0;0;0;0;0;0;0;0;0;0;0;0;0;0;0;2403;0;0;0;0;0;144;0;0;0;0;0;16384
0;0;0;236;12859;2054;0;0;0;25308;0;12890;0;0;0;67010;0;74087756;0;0;488;933432;0;0;0;2;0;0;932506;0;0;0;0;2966;0;13326;0;0;0;0;0;0;14;0;0;0;2404;0;0;0;0;0;2;0;0;0;0;0;52731;0;2054;0;0;0;0;0;51;0;1;1;0;0;0;308724;0;0;0;308722;0;0;1;0;2;1035;0;309714;0;308722;0;0;0;3;0;0;2054;0;0;0;0;0;0;0;0;1225;0;0;61;0;0;0;0;944522;0;476;12893;2404;8;0;0;0;0;0;0;0;0;0;0;708;1;0;0;2404;0;0;0;0;0;0;0;0;0;0;1094;0;0;0;0;32;1;0;0;1034;0;0;0;1;2054;0;0;0;0;0;0;1;0;0;0;0;0;0;0;928795;0;0;0;2;0;0;0;0;0;0;0;0;0;0;0;0;0;0;0;0;0;0;2404;0;0;0;0;0;144;0;0;0;0;0;16384
0;0;0;236;12859;2056;0;0;0;25309;0;12890;0;0;0;67011;0;75088794;0;0;489;933683;0;0;0;2;0;0;932757;0;0;0;0;2966;0;13328;0;0;0;0;0;0;14;0;0;0;2405;0;0;0;0;0;2;0;0;0;0;0;52732;0;2056;0;0;0;0;0;51;0;1;1;0;0;0;308808;0;0;0;308805;0;0;1;0;2;1035;0;309798;0;308805;0;0;0;3;0;0;2056;0;0;0;0;0;0;0;0;1225;0;0;61;0;0;0;0;944776;0;477;12893;2405;8;0;0;0;0;0;0;0;0;0;0;708;1;0;0;2405;0;0;0;0;0;0;0;0;0;0;1094;0;0;0;0;32;1;0;0;1034;0;0;0;1;2056;0;0;0;0;0;0;1;0;0;0;0;0;0;0;929045;0;0;0;2;0;0;0;0;0;0;0;0;0;0;0;0;0;0;0;0;0;0;2405;0;0;0;0;0;144;0;0;0;0;0;16385
0;0;0;236;12859;2057;0;0;0;25309;0;12890;0;0;0;67011;0;76089831;0;0;490;933935;0;0;0;2;0;0;933009;0;0;0;0;2967;0;13329;0;0;0;0;0;0;14;0;0;0;2408;0;0;0;0;0;2;0;0;0;0;0;52732;0;2057;0;0;0;0;0;51;0;1;1;0;0;0;308891;0;0;0;308889;0;0;1;0;2;1035;0;309881;0;308889;0;0;0;3;0;0;2057;0;0;0;0;0;0;0;0;1225;0;0;61;0;0;0;0;945030;0;477;12893;2408;8;0;0;0;0;0;0;0;0;0;0;708;1;0;0;2408;0;0;0;0;0;0;0;0;0;0;1094;0;0;0;0;32;1;0;0;1034;0;0;0;1;2057;0;0;0;0;0;0;1;0;0;0;0;0;0;0;929295;0;0;0;2;0;0;0;0;0;0;0;0;0;0;0;0;0;0;0;0;0;0;2408;0;0;0;0;0;144;0;0;0;0;0;16385
0;0;0;236;12859;2057;0;0;0;25312;0;12890;0;0;0;67012;0;77090861;0;0;490;934186;0;0;0;2;0;0;933260;0;0;0;0;2967;0;13332;0;0;0;0;0;0;14;0;0;0;2408;0;0;0;0;0;2;0;0;0;0;0;52733;0;2057;0;0;0;0;0;51;0;1;1;0;0;0;308975;0;0;0;308972;0;0;1;0;2;1035;0;309965;0;308972;0;0;0;3;0;0;2057;0;0;0;0;0;0;0;0;1225;0;0;61;0;0;0;0;945283;0;477;12893;2408;8;0;0;0;0;0;0;0;0;0;0;708;1;0;0;2408;0;0;0;0;0;0;0;0;0;0;1094;0;0;0;0;32;1;0;0;1034;0;0;0;1;2057;0;0;0;0;0;0;1;0;0;0;0;0;0;0;929546;0;0;0;2;0;0;0;0;0;0;0;0;0;0;0;0;0;0;0;0;0;0;2408;0;0;0;0;0;144;0;0;0;0;0;16396
0;0;0;236;12859;2058;0;0;0;25312;0;12890;0;0;0;67012;0;78091881;0;0;490;934437;0;0;0;2;0;0;933511;0;0;0;0;2967;0;13345;0;0;0;0;0;0;14;0;0;0;2408;0;0;0;0;0;2;0;0;0;0;0;52733;0;2058;0;0;0;0;0;51;0;1;1;0;0;0;309058;0;0;0;309056;0;0;1;0;2;1035;0;310048;0;309056;0;0;0;3;0;0;2058;0;0;0;0;0;0;0;0;1225;0;0;61;0;0;0;0;945537;0;477;12893;2408;8;0;0;0;0;0;0;0;0;0;0;708;1;0;0;2408;0;0;0;0;0;0;0;0;0;0;1094;0;0;0;0;32;1;0;0;1034;0;0;0;1;2058;0;0;0;0;0;0;1;0;0;0;0;0;0;0;929796;0;0;0;2;0;0;0;0;0;0;0;0;0;0;0;0;0;0;0;0;0;0;2408;0;0;0;0;0;144;0;0;0;0;0;16396
