31_IR-PCI-MSI_3670020-edge_eno1-TxRx-3_CPU1;84_IR-PCI-MSI_2097153-edge_eno7-TxRx-1_CPU2;85_IR-PCI-MSI_2097154-edge_eno7-TxRx-2_CPU2;IWI_IRQ_work_interrupts_CPU1;58_IR-PCI-MSI_524289-edge_nvme0q1_CPU3;THR_Threshold_APIC_interrupts_CPU1;59_IR-PCI-MSI_524290-edge_nvme0q2_CPU1;MCP_Machine_check_polls_CPU2;29_IR-PCI-MSI_3670018-edge_eno1-TxRx-1_CPU3;90_IR-PCI-MSI_2099200-edge_eno8-TxRx-0_CPU2;48_IR-PCI-MSI_327680-edge_xhci_hcd_CPU0;18_IR-IO-APIC_18-fasteoi_ehci_hcd:usb1,_ehci_hcd:usb3,_i801_smbus_CPU1;IWI_IRQ_work_interrupts_CPU2;85_IR-PCI-MSI_2097154-edge_eno7-TxRx-2_CPU3;18_IR-IO-APIC_18-fasteoi_ehci_hcd:usb1,_ehci_hcd:usb3,_i801_smbus_CPU2;61_IR-PCI-MSI_524292-edge_nvme0q4_CPU3;28_IR-PCI-MSI_3670017-edge_eno1-TxRx-0_CPU2;PIW_Posted-interrupt_wakeup_event_CPU3;MIS_CPU0;IWI_IRQ_work_interrupts_CPU0;61_IR-PCI-MSI_524292-edge_nvme0q4_CPU2;61_IR-PCI-MSI_524292-edge_nvme0q4_CPU1;62_IR-PCI-MSI_1579008-edge_ioat-msix_CPU3;HYP_Hypervisor_callback_interrupts_CPU2;HYP_Hypervisor_callback_interrupts_CPU1;NMI_Non-maskable_interrupts_CPU1;81_IR-PCI-MSI_2359296-edge_vfio-msix[0](0000:04:10.0)_CPU2;timestamp_us;83_IR-PCI-MSI_2097152-edge_eno7-TxRx-0_CPU2;RES_Rescheduling_interrupts_CPU3;86_IR-PCI-MSI_2097155-edge_eno7-TxRx-3_CPU3;CAL_Function_call_interrupts_CPU0;30_IR-PCI-MSI_3670019-edge_eno1-TxRx-2_CPU3;93_IR-PCI-MSI_2099203-edge_eno8-TxRx-3_CPU3;82_IR-PCI-MSI_2361344-edge_vfio-msix[0](0000:04:10.1)_CPU1;48_IR-PCI-MSI_327680-edge_xhci_hcd_CPU3;NMI_Non-maskable_interrupts_CPU3;28_IR-PCI-MSI_3670017-edge_eno1-TxRx-0_CPU3;8_IR-IO-APIC_8-edge_rtc0_CPU0;92_IR-PCI-MSI_2099202-edge_eno8-TxRx-2_CPU2;PIN_Posted-interrupt_notification_event_CPU2;SPU_Spurious_interrupts_CPU3;37_IR-PCI-MSI_524288-edge_nvme0q0_CPU1;82_IR-PCI-MSI_2361344-edge_vfio-msix[0](0000:04:10.1)_CPU3;93_IR-PCI-MSI_2099203-edge_eno8-TxRx-3_CPU1;26_IR-PCI-MSI_1574912-edge_ioat-msix_CPU0;25_IR-PCI-MSI_1572864-edge_ioat-msix_CPU3;87_IR-PCI-MSI_2097156-edge_eno7_CPU1;HYP_Hypervisor_callback_interrupts_CPU0;RTR_APIC_ICR_read_retries_CPU3;HRE_Hyper-V_reenlightenment_interrupts_CPU0;RTR_APIC_ICR_read_retries_CPU0;24_DMAR-MSI_0-edge_dmar0_CPU3;59_IR-PCI-MSI_524290-edge_nvme0q2_CPU3;8_IR-IO-APIC_8-edge_rtc0_CPU3;18_IR-IO-APIC_18-fasteoi_ehci_hcd:usb1,_ehci_hcd:usb3,_i801_smbus_CPU3;RES_Rescheduling_interrupts_CPU1;HVS_Hyper-V_stimer0_interrupts_CPU1;TLB_TLB_shootdowns_CPU1;27_IR-PCI-MSI_3670016-edge_eno1_CPU0;TLB_TLB_shootdowns_CPU2;PIW_Posted-interrupt_wakeup_event_CPU1;60_IR-PCI-MSI_524291-edge_nvme0q3_CPU2;TLB_TLB_shootdowns_CPU0;RTR_APIC_ICR_read_retries_CPU1;MCE_Machine_check_exceptions_CPU3;83_IR-PCI-MSI_2097152-edge_eno7-TxRx-0_CPU3;90_IR-PCI-MSI_2099200-edge_eno8-TxRx-0_CPU1;38_IR-PCI-MSI_1576960-edge_ioat-msix_CPU3;LOC_Local_timer_interrupts_CPU2;82_IR-PCI-MSI_2361344-edge_vfio-msix[0](0000:04:10.1)_CPU2;NMI_Non-maskable_interrupts_CPU0;PMI_Performance_monitoring_interrupts_CPU1;26_IR-PCI-MSI_1574912-edge_ioat-msix_CPU2;37_IR-PCI-MSI_524288-edge_nvme0q0_CPU0;8_IR-IO-APIC_8-edge_rtc0_CPU2;DFR_Deferred_Error_APIC_interrupts_CPU3;84_IR-PCI-MSI_2097153-edge_eno7-TxRx-1_CPU1;81_IR-PCI-MSI_2359296-edge_vfio-msix[0](0000:04:10.0)_CPU3;85_IR-PCI-MSI_2097154-edge_eno7-TxRx-2_CPU1;62_IR-PCI-MSI_1579008-edge_ioat-msix_CPU0;93_IR-PCI-MSI_2099203-edge_eno8-TxRx-3_CPU0;26_IR-PCI-MSI_1574912-edge_ioat-msix_CPU3;25_IR-PCI-MSI_1572864-edge_ioat-msix_CPU0;58_IR-PCI-MSI_524289-edge_nvme0q1_CPU2;31_IR-PCI-MSI_3670020-edge_eno1-TxRx-3_CPU2;48_IR-PCI-MSI_327680-edge_xhci_hcd_CPU1;82_IR-PCI-MSI_2361344-edge_vfio-msix[0](0000:04:10.1)_CPU0;PMI_Performance_monitoring_interrupts_CPU2;92_IR-PCI-MSI_2099202-edge_eno8-TxRx-2_CPU1;TLB_TLB_shootdowns_CPU3;PIN_Posted-interrupt_notification_event_CPU3;25_IR-PCI-MSI_1572864-edge_ioat-msix_CPU1;94_IR-PCI-MSI_2099204-edge_eno8_CPU2;THR_Threshold_APIC_interrupts_CPU0;31_IR-PCI-MSI_3670020-edge_eno1-TxRx-3_CPU0;9_IR-IO-APIC_9-fasteoi_acpi_CPU2;93_IR-PCI-MSI_2099203-edge_eno8-TxRx-3_CPU2;24_DMAR-MSI_0-edge_dmar0_CPU1;38_IR-PCI-MSI_1576960-edge_ioat-msix_CPU2;LOC_Local_timer_interrupts_CPU1;THR_Threshold_APIC_interrupts_CPU3;37_IR-PCI-MSI_524288-edge_nvme0q0_CPU3;87_IR-PCI-MSI_2097156-edge_eno7_CPU3;RES_Rescheduling_interrupts_CPU0;27_IR-PCI-MSI_3670016-edge_eno1_CPU2;59_IR-PCI-MSI_524290-edge_nvme0q2_CPU0;62_IR-PCI-MSI_1579008-edge_ioat-msix_CPU2;94_IR-PCI-MSI_2099204-edge_eno8_CPU1;24_DMAR-MSI_0-edge_dmar0_CPU0;HRE_Hyper-V_reenlightenment_interrupts_CPU1;92_IR-PCI-MSI_2099202-edge_eno8-TxRx-2_CPU0;60_IR-PCI-MSI_524291-edge_nvme0q3_CPU3;26_IR-PCI-MSI_1574912-edge_ioat-msix_CPU1;NPI_Nested_posted-interrupt_event_CPU3;28_IR-PCI-MSI_3670017-edge_eno1-TxRx-0_CPU1;61_IR-PCI-MSI_524292-edge_nvme0q4_CPU0;31_IR-PCI-MSI_3670020-edge_eno1-TxRx-3_CPU3;30_IR-PCI-MSI_3670019-edge_eno1-TxRx-2_CPU2;90_IR-PCI-MSI_2099200-edge_eno8-TxRx-0_CPU0;60_IR-PCI-MSI_524291-edge_nvme0q3_CPU1;90_IR-PCI-MSI_2099200-edge_eno8-TxRx-0_CPU3;NPI_Nested_posted-interrupt_event_CPU2;86_IR-PCI-MSI_2097155-edge_eno7-TxRx-3_CPU1;DFR_Deferred_Error_APIC_interrupts_CPU2;58_IR-PCI-MSI_524289-edge_nvme0q1_CPU0;PMI_Performance_monitoring_interrupts_CPU0;CAL_Function_call_interrupts_CPU3;28_IR-PCI-MSI_3670017-edge_eno1-TxRx-0_CPU0;MCP_Machine_check_polls_CPU1;9_IR-IO-APIC_9-fasteoi_acpi_CPU1;9_IR-IO-APIC_9-fasteoi_acpi_CPU0;83_IR-PCI-MSI_2097152-edge_eno7-TxRx-0_CPU1;91_IR-PCI-MSI_2099201-edge_eno8-TxRx-1_CPU0;SPU_Spurious_interrupts_CPU0;38_IR-PCI-MSI_1576960-edge_ioat-msix_CPU0;9_IR-IO-APIC_9-fasteoi_acpi_CPU3;29_IR-PCI-MSI_3670018-edge_eno1-TxRx-1_CPU2;87_IR-PCI-MSI_2097156-edge_eno7_CPU0;87_IR-PCI-MSI_2097156-edge_eno7_CPU2;91_IR-PCI-MSI_2099201-edge_eno8-TxRx-1_CPU3;94_IR-PCI-MSI_2099204-edge_eno8_CPU3;91_IR-PCI-MSI_2099201-edge_eno8-TxRx-1_CPU1;NPI_Nested_posted-interrupt_event_CPU0;LOC_Local_timer_interrupts_CPU3;58_IR-PCI-MSI_524289-edge_nvme0q1_CPU1;THR_Threshold_APIC_interrupts_CPU2;PIN_Posted-interrupt_notification_event_CPU0;29_IR-PCI-MSI_3670018-edge_eno1-TxRx-1_CPU0;LOC_Local_timer_interrupts_CPU0;MCE_Machine_check_exceptions_CPU2;RES_Rescheduling_interrupts_CPU2;8_IR-IO-APIC_8-edge_rtc0_CPU1;91_IR-PCI-MSI_2099201-edge_eno8-TxRx-1_CPU2;PMI_Performance_monitoring_interrupts_CPU3;ERR_CPU0;HVS_Hyper-V_stimer0_interrupts_CPU3;HVS_Hyper-V_stimer0_interrupts_CPU2;18_IR-IO-APIC_18-fasteoi_ehci_hcd:usb1,_ehci_hcd:usb3,_i801_smbus_CPU0;37_IR-PCI-MSI_524288-edge_nvme0q0_CPU2;94_IR-PCI-MSI_2099204-edge_eno8_CPU0;PIW_Posted-interrupt_wakeup_event_CPU0;86_IR-PCI-MSI_2097155-edge_eno7-TxRx-3_CPU0;59_IR-PCI-MSI_524290-edge_nvme0q2_CPU2;30_IR-PCI-MSI_3670019-edge_eno1-TxRx-2_CPU0;NPI_Nested_posted-interrupt_event_CPU1;TRM_Thermal_event_interrupts_CPU0;TRM_Thermal_event_interrupts_CPU2;HVS_Hyper-V_stimer0_interrupts_CPU0;60_IR-PCI-MSI_524291-edge_nvme0q3_CPU0;RTR_APIC_ICR_read_retries_CPU2;SPU_Spurious_interrupts_CPU2;MCE_Machine_check_exceptions_CPU1;84_IR-PCI-MSI_2097153-edge_eno7-TxRx-1_CPU3;84_IR-PCI-MSI_2097153-edge_eno7-TxRx-1_CPU0;DFR_Deferred_Error_APIC_interrupts_CPU1;30_IR-PCI-MSI_3670019-edge_eno1-TxRx-2_CPU1;MCP_Machine_check_polls_CPU3;92_IR-PCI-MSI_2099202-edge_eno8-TxRx-2_CPU3;CAL_Function_call_interrupts_CPU2;TRM_Thermal_event_interrupts_CPU3;27_IR-PCI-MSI_3670016-edge_eno1_CPU3;83_IR-PCI-MSI_2097152-edge_eno7-TxRx-0_CPU0;PIW_Posted-interrupt_wakeup_event_CPU2;27_IR-PCI-MSI_3670016-edge_eno1_CPU1;25_IR-PCI-MSI_1572864-edge_ioat-msix_CPU2;MCE_Machine_check_exceptions_CPU0;DFR_Deferred_Error_APIC_interrupts_CPU0;29_IR-PCI-MSI_3670018-edge_eno1-TxRx-1_CPU1;MCP_Machine_check_polls_CPU0;PIN_Posted-interrupt_notification_event_CPU1;62_IR-PCI-MSI_1579008-edge_ioat-msix_CPU1;86_IR-PCI-MSI_2097155-edge_eno7-TxRx-3_CPU2;81_IR-PCI-MSI_2359296-edge_vfio-msix[0](0000:04:10.0)_CPU1;IWI_IRQ_work_interrupts_CPU3;NMI_Non-maskable_interrupts_CPU2;81_IR-PCI-MSI_2359296-edge_vfio-msix[0](0000:04:10.0)_CPU0;TRM_Thermal_event_interrupts_CPU1;85_IR-PCI-MSI_2097154-edge_eno7-TxRx-2_CPU0;HRE_Hyper-V_reenlightenment_interrupts_CPU3;48_IR-PCI-MSI_327680-edge_xhci_hcd_CPU2;24_DMAR-MSI_0-edge_dmar0_CPU2;HYP_Hypervisor_callback_interrupts_CPU3;SPU_Spurious_interrupts_CPU1;38_IR-PCI-MSI_1576960-edge_ioat-msix_CPU1;HRE_Hyper-V_reenlightenment_interrupts_CPU2;CAL_Function_call_interrupts_CPU1
0;0;0;138265;0;0;0;1;0;0;144;0;138261;0;0;0;0;0;0;139209;0;0;0;0;0;0;;74;0;97;0;3;0;0;;0;0;0;1;0;12;0;0;;0;2;0;0;0;0;0;1;0;0;0;0;930;0;172;1;110;0;0;0;0;0;0;0;0;417363;;0;0;0;14;0;0;0;;0;2;808;0;2;0;0;0;;0;0;110;5;0;0;0;52919;0;0;0;0;419959;0;0;0;7245;0;0;0;0;0;0;808;0;0;0;0;0;0;0;808;0;0;0;0;0;51;0;11930;31442;1;0;1;0;808;0;2;0;0;34;0;0;0;0;0;417349;0;0;0;34604;429125;0;169;0;0;0;0;0;0;42;0;34;0;809;0;44451;0;0;0;0;0;0;0;0;0;809;0;0;1;0;11936;0;0;809;0;0;0;0;0;0;1;520;0;0;;138261;0;;0;809;0;0;0;0;0;0;0;11906
0;0;0;138348;0;0;0;1;0;0;144;0;138345;0;0;0;0;0;0;139293;0;0;0;0;0;0;;1001939;0;97;0;3;0;0;;0;0;0;1;0;12;0;0;;0;2;0;0;0;0;0;1;0;0;0;0;930;0;172;1;110;0;0;0;0;0;0;0;0;417614;;0;0;0;14;0;0;0;;0;2;809;0;2;0;0;0;;0;0;110;5;0;0;0;52919;0;0;0;0;420211;0;0;0;7245;0;0;0;0;0;0;809;0;0;0;0;0;0;0;809;0;0;0;0;0;51;0;11930;31442;1;0;1;0;809;0;2;0;0;34;0;0;0;0;0;417599;0;0;0;34604;429380;0;169;0;0;0;0;0;0;42;0;34;0;810;0;44451;0;0;0;0;0;0;0;0;0;810;0;0;1;0;11936;0;0;810;0;0;0;0;0;0;1;520;0;0;;138344;0;;0;810;0;0;0;0;0;0;0;11906
0;0;0;138432;0;0;0;1;0;0;144;0;138428;0;0;0;0;0;0;139377;0;0;0;0;0;0;;2003012;0;97;0;3;0;0;;0;0;0;1;0;12;0;0;;0;2;0;0;0;0;0;1;0;0;0;0;930;0;172;1;110;0;0;0;0;0;0;0;0;417864;;0;0;0;14;0;0;0;;0;2;809;0;2;0;0;0;;0;0;110;5;0;0;0;52920;0;0;0;0;420462;0;0;0;7246;0;0;0;0;0;0;809;0;0;0;0;0;0;0;809;0;0;0;0;0;51;0;11930;31443;1;0;1;0;809;0;2;0;0;34;0;0;0;0;0;417850;0;0;0;34605;429634;0;169;0;0;0;0;0;0;42;0;34;0;810;0;44452;0;0;0;0;0;0;0;0;0;810;0;0;1;0;11936;0;0;810;0;0;0;0;0;0;1;520;0;0;;138428;0;;0;810;0;0;0;0;0;0;0;11906
0;0;0;138515;0;0;0;1;0;0;144;0;138511;0;0;0;0;0;0;139460;0;0;0;0;0;0;;3004053;0;100;0;3;0;0;;0;0;0;1;0;12;0;0;;0;2;0;0;0;0;0;1;0;0;0;0;930;0;172;1;110;0;0;0;0;0;0;0;0;418114;;0;0;0;14;0;0;0;;0;2;810;0;2;0;0;0;;0;0;110;5;0;0;0;52920;0;0;0;0;420713;0;0;0;7277;0;0;0;0;0;0;810;0;0;0;0;0;0;0;810;0;0;0;0;0;51;0;11930;31450;1;0;1;0;810;0;2;0;0;34;0;0;0;0;0;418100;0;0;0;34605;429888;0;169;0;0;0;0;0;0;42;0;34;0;811;0;44452;0;0;0;0;0;0;0;0;0;811;0;0;1;0;11936;0;0;811;0;0;0;0;0;0;1;520;0;0;;138511;0;;0;811;0;0;0;0;0;0;0;11906
0;0;0;138599;0;0;0;1;0;0;144;0;138595;0;0;0;0;0;0;139546;0;0;0;0;0;0;0;4005088;0;100;0;3;0;0;0;0;0;0;1;0;12;0;0;0;0;2;0;0;0;0;0;1;0;0;0;0;936;0;188;1;126;0;0;0;0;0;0;0;0;418364;0;0;0;0;14;0;0;0;0;0;2;810;0;2;0;0;0;0;0;0;126;5;0;0;0;52921;0;0;0;0;420964;0;0;0;7277;0;0;0;0;0;0;810;0;0;0;0;0;0;0;810;0;0;0;0;0;51;0;11946;31451;1;0;1;0;810;0;2;0;0;38;0;0;0;0;0;418350;0;0;0;34606;430158;0;169;0;0;0;0;0;0;42;0;38;0;811;0;44453;0;0;0;0;0;0;0;0;0;811;0;0;1;0;11952;0;0;811;0;0;0;0;0;0;1;520;0;0;0;138595;0;0;0;811;0;0;0;0;0;0;0;11922
0;0;0;138682;0;0;0;1;0;0;144;0;138678;0;0;0;0;0;0;139629;0;0;0;0;0;0;0;5006120;0;100;0;3;0;0;0;0;0;0;1;0;12;0;0;0;0;2;0;0;0;0;0;1;0;0;0;0;940;0;188;1;126;0;0;0;0;0;0;0;0;418615;0;0;0;0;14;0;0;0;0;0;2;811;0;2;0;0;0;0;0;0;126;5;0;0;0;52921;0;0;0;0;421216;0;0;0;7277;0;0;0;0;0;0;811;0;0;0;0;0;0;0;811;0;0;0;0;0;51;0;11946;31451;1;0;1;0;811;0;2;0;0;45;0;0;0;0;0;418601;0;0;0;34606;430411;0;171;0;0;0;0;0;0;42;0;45;0;812;0;44453;0;0;0;0;0;0;0;0;0;812;0;0;1;0;11952;0;0;812;0;0;0;0;0;0;1;520;0;0;0;138678;0;0;0;812;0;0;0;0;0;0;0;11922
0;0;0;138765;0;0;0;1;0;0;144;0;138762;0;0;0;0;0;0;139713;0;0;0;0;0;0;0;6007146;0;100;0;3;0;0;0;0;0;0;1;0;12;0;0;0;0;2;0;0;0;0;0;1;0;0;0;0;940;0;188;1;126;0;0;0;0;0;0;0;0;418865;0;0;0;0;14;0;0;0;0;0;2;811;0;2;0;0;0;0;0;0;126;5;0;0;0;52922;0;0;0;0;421467;0;0;0;7277;0;0;0;0;0;0;811;0;0;0;0;0;0;0;811;0;0;0;0;0;51;0;11946;31452;1;0;1;0;811;0;2;0;0;45;0;0;0;0;0;418851;0;0;0;34607;430665;0;171;0;0;0;0;0;0;42;0;45;0;812;0;44454;0;0;0;0;0;0;0;0;0;812;0;0;1;0;11952;0;0;812;0;0;0;0;0;0;1;520;0;0;0;138762;0;0;0;812;0;0;0;0;0;0;0;11922
0;0;0;138849;0;0;0;1;0;0;144;0;138845;0;0;0;0;0;0;139797;0;0;0;0;0;0;0;7008193;0;100;0;3;0;0;0;0;0;0;1;0;12;0;0;0;0;2;0;0;0;0;0;1;0;0;0;0;940;0;188;1;126;0;0;0;0;0;0;0;0;419115;0;0;0;0;14;0;0;0;0;0;2;812;0;2;0;0;0;0;0;0;126;5;0;0;0;52922;0;0;0;0;421718;0;0;0;7277;0;0;0;0;0;0;812;0;0;0;0;0;0;0;812;0;0;0;0;0;51;0;11946;31452;1;0;1;0;812;0;2;0;0;45;0;0;0;0;0;419101;0;0;0;34607;430920;0;171;0;0;0;0;0;0;42;0;45;0;813;0;44454;0;0;0;0;0;0;0;0;0;813;0;0;1;0;11952;0;0;813;0;0;0;0;0;0;1;520;0;0;0;138845;0;0;0;813;0;0;0;0;0;0;0;11922
0;0;0;138932;0;0;0;1;0;0;144;0;138928;0;0;0;0;0;0;139880;0;0;0;0;0;0;0;8009229;0;100;0;3;0;0;0;0;0;0;1;0;12;0;0;0;0;2;0;0;0;0;0;1;0;0;0;0;940;0;188;1;126;0;0;0;0;0;0;0;0;419365;0;0;0;0;14;0;0;0;0;0;2;812;0;2;0;0;0;0;0;0;126;5;0;0;0;52923;0;0;0;0;421970;0;0;0;7279;0;0;0;0;0;0;812;0;0;0;0;0;0;0;812;0;0;0;0;0;51;0;11946;31473;1;0;1;0;812;0;2;0;0;45;0;0;0;0;0;419351;0;0;0;34608;431175;0;171;0;0;0;0;0;0;42;0;45;0;813;0;44455;0;0;0;0;0;0;0;0;0;813;0;0;1;0;11952;0;0;813;0;0;0;0;0;0;1;520;0;0;0;138928;0;0;0;813;0;0;0;0;0;0;0;11922
0;0;0;139016;0;0;0;1;0;0;144;0;139012;0;0;0;0;0;0;139963;0;0;0;0;0;0;0;9010262;0;100;0;3;0;0;0;0;0;0;1;0;12;0;0;0;0;2;0;0;0;0;0;1;0;0;0;0;940;0;188;1;126;0;0;0;0;0;0;0;0;419616;0;0;0;0;14;0;0;0;0;0;2;814;0;2;0;0;0;0;0;0;126;5;0;0;0;52928;0;0;0;0;422221;0;0;0;7312;0;0;0;0;0;0;814;0;0;0;0;0;0;0;814;0;0;0;0;0;51;0;11946;31474;1;0;1;0;814;0;2;0;0;46;0;0;0;0;0;419602;0;0;0;34614;431430;0;171;0;0;0;0;0;0;42;0;46;0;815;0;44461;0;0;0;0;0;0;0;0;0;815;0;0;1;0;11952;0;0;815;0;0;0;0;0;0;1;520;0;0;0;139012;0;0;0;815;0;0;0;0;0;0;0;11922
0;0;0;139099;0;0;0;1;0;0;144;0;139095;0;0;0;0;0;0;140046;0;0;0;0;0;0;0;10011292;0;100;0;3;0;0;0;0;0;0;1;0;12;0;0;0;0;2;0;0;0;0;0;1;0;0;0;0;940;0;188;1;126;0;0;0;0;0;0;0;0;419866;0;0;0;0;14;0;0;0;0;0;2;814;0;2;0;0;0;0;0;0;126;5;0;0;0;52929;0;0;0;0;422472;0;0;0;7313;0;0;0;0;0;0;814;0;0;0;0;0;0;0;814;0;0;0;0;0;51;0;11946;31475;1;0;1;0;814;0;2;0;0;46;0;0;0;0;0;419852;0;0;0;34615;431686;0;171;0;0;0;0;0;0;42;0;46;0;815;0;44462;0;0;0;0;0;0;0;0;0;815;0;0;1;0;11952;0;0;815;0;0;0;0;0;0;1;520;0;0;0;139095;0;0;0;815;0;0;0;0;0;0;0;11922
0;0;0;139182;0;0;0;1;0;0;144;0;139179;0;0;0;0;0;0;140128;0;0;0;0;0;0;0;11012330;0;100;0;3;0;0;0;0;0;0;1;0;12;0;0;0;0;2;0;0;0;0;0;1;0;0;0;0;940;0;188;1;126;0;0;0;0;0;0;0;0;420116;0;0;0;0;14;0;0;0;0;0;2;817;0;2;0;0;0;0;0;0;126;5;0;0;0;52929;0;0;0;0;422723;0;0;0;7318;0;0;0;0;0;0;817;0;0;0;0;0;0;0;817;0;0;0;0;0;51;0;11946;31475;1;0;1;0;817;0;2;0;0;49;0;0;0;0;0;420102;0;0;0;34615;431940;0;171;0;0;0;0;0;0;42;0;47;0;823;0;44462;0;0;0;0;0;0;0;0;0;823;0;0;1;0;11952;0;0;823;0;0;0;0;0;0;1;520;0;0;0;139179;0;0;0;823;0;0;0;0;0;0;0;11922
0;0;0;139266;0;0;0;1;0;0;144;0;139262;0;0;0;0;0;0;140211;0;0;0;0;0;0;0;12013354;0;100;0;3;0;0;0;0;0;0;1;0;12;0;0;0;0;2;0;0;0;0;0;1;0;0;0;0;940;0;188;1;126;0;0;0;0;0;0;0;0;420366;0;0;0;0;14;0;0;0;0;0;2;817;0;2;0;0;0;0;0;0;126;5;0;0;0;52930;0;0;0;0;422975;0;0;0;7318;0;0;0;0;0;0;817;0;0;0;0;0;0;0;817;0;0;0;0;0;51;0;11946;31476;1;0;1;0;817;0;2;0;0;49;0;0;0;0;0;420352;0;0;0;34616;432195;0;171;0;0;0;0;0;0;42;0;47;0;823;0;44463;0;0;0;0;0;0;0;0;0;823;0;0;1;0;11952;0;0;823;0;0;0;0;0;0;1;520;0;0;0;139262;0;0;0;823;0;0;0;0;0;0;0;11922
0;0;0;139349;0;0;0;1;0;0;144;0;139346;0;0;0;0;0;0;140295;0;0;0;0;0;0;0;13014388;0;100;0;3;0;0;0;0;0;0;1;0;12;0;0;0;0;2;0;0;0;0;0;1;0;0;0;0;940;0;188;1;126;0;0;0;0;0;0;0;0;420617;0;0;0;0;14;0;0;0;0;0;2;818;0;2;0;0;0;0;0;0;126;5;0;0;0;52930;0;0;0;0;423226;0;0;0;7318;0;0;0;0;0;0;818;0;0;0;0;0;0;0;818;0;0;0;0;0;51;0;11946;31476;1;0;1;0;818;0;2;0;0;49;0;0;0;0;0;420603;0;0;0;34616;432450;0;171;0;0;0;0;0;0;42;0;47;0;824;0;44463;0;0;0;0;0;0;0;0;0;824;0;0;1;0;11952;0;0;824;0;0;0;0;0;0;1;520;0;0;0;139346;0;0;0;824;0;0;0;0;0;0;0;11922
0;0;0;139433;0;0;0;1;0;0;144;0;139429;0;0;0;0;0;0;140378;0;0;0;0;0;0;0;14015412;0;100;0;3;0;0;0;0;0;0;1;0;12;0;0;0;0;2;0;0;0;0;0;1;0;0;0;0;940;0;188;1;126;0;0;0;0;0;0;0;0;420867;0;0;0;0;14;0;0;0;0;0;2;818;0;2;0;0;0;0;0;0;126;5;0;0;0;52931;0;0;0;0;423477;0;0;0;7318;0;0;0;0;0;0;818;0;0;0;0;0;0;0;818;0;0;0;0;0;51;0;11946;31477;1;0;1;0;818;0;2;0;0;49;0;0;0;0;0;420853;0;0;0;34617;432703;0;171;0;0;0;0;0;0;42;0;47;0;824;0;44464;0;0;0;0;0;0;0;0;0;824;0;0;1;0;11952;0;0;824;0;0;0;0;0;0;1;520;0;0;0;139429;0;0;0;824;0;0;0;0;0;0;0;11922
0;0;0;139516;0;0;0;1;0;0;144;0;139512;0;0;0;0;0;0;140462;0;0;0;0;0;0;0;15016449;0;100;0;3;0;0;0;0;0;0;1;0;12;0;0;0;0;2;0;0;0;0;0;1;0;0;0;0;940;0;188;1;126;0;0;0;0;0;0;0;0;421117;0;0;0;0;14;0;0;0;0;0;2;819;0;2;0;0;0;0;0;0;126;5;0;0;0;52931;0;0;0;0;423728;0;0;0;7318;0;0;0;0;0;0;819;0;0;0;0;0;0;0;819;0;0;0;0;0;51;0;11946;31477;1;0;1;0;819;0;2;0;0;49;0;0;0;0;0;421103;0;0;0;34617;432956;0;171;0;0;0;0;0;0;42;0;47;0;825;0;44464;0;0;0;0;0;0;0;0;0;825;0;0;1;0;11952;0;0;825;0;0;0;0;0;0;1;520;0;0;0;139512;0;0;0;825;0;0;0;0;0;0;0;11922
0;0;0;139600;0;0;0;1;0;0;144;0;139596;0;0;0;0;0;0;140545;0;0;0;0;0;0;0;16017482;0;100;0;3;0;0;0;0;0;0;1;0;12;0;0;0;0;2;0;0;0;0;0;1;0;0;0;0;940;0;188;1;126;0;0;0;0;0;0;0;0;421367;0;0;0;0;14;0;0;0;0;0;2;819;0;2;0;0;0;0;0;0;126;5;0;0;0;52932;0;0;0;0;423980;0;0;0;7318;0;0;0;0;0;0;819;0;0;0;0;0;0;0;819;0;0;0;0;0;51;0;11946;31478;1;0;1;0;819;0;2;0;0;49;0;0;0;0;0;421353;0;0;0;34618;433211;0;171;0;0;0;0;0;0;42;0;47;0;825;0;44465;0;0;0;0;0;0;0;0;0;825;0;0;1;0;11952;0;0;825;0;0;0;0;0;0;1;520;0;0;0;139596;0;0;0;825;0;0;0;0;0;0;0;11922
0;0;0;139683;0;0;0;1;0;0;144;0;139679;0;0;0;0;0;0;140628;0;0;0;0;0;0;0;17018513;0;100;0;3;0;0;0;0;0;0;1;0;12;0;0;0;0;2;0;0;0;0;0;1;0;0;0;0;940;0;188;1;126;0;0;0;0;0;0;0;0;421618;0;0;0;0;14;0;0;0;0;0;2;820;0;2;0;0;0;0;0;0;126;5;0;0;0;52932;0;0;0;0;424231;0;0;0;7318;0;0;0;0;0;0;820;0;0;0;0;0;0;0;820;0;0;0;0;0;51;0;11946;31478;1;0;1;0;820;0;2;0;0;49;0;0;0;0;0;421604;0;0;0;34618;433464;0;171;0;0;0;0;0;0;42;0;47;0;826;0;44465;0;0;0;0;0;0;0;0;0;826;0;0;1;0;11952;0;0;826;0;0;0;0;0;0;1;520;0;0;0;139679;0;0;0;826;0;0;0;0;0;0;0;11922
0;0;0;139766;0;0;0;1;0;0;144;0;139763;0;0;0;0;0;0;140712;0;0;0;0;0;0;0;18019537;0;100;0;3;0;0;0;0;0;0;1;0;12;0;0;0;0;2;0;0;0;0;0;1;0;0;0;0;943;0;188;1;126;0;0;0;0;0;0;0;0;421868;0;0;0;0;14;0;0;0;0;0;2;820;0;2;0;0;0;0;0;0;126;5;0;0;0;52933;0;0;0;0;424482;0;0;0;7318;0;0;0;0;0;0;820;0;0;0;0;0;0;0;820;0;0;0;0;0;51;0;11946;31479;1;0;1;0;820;0;2;0;0;49;0;0;0;0;0;421854;0;0;0;34619;433717;0;171;0;0;0;0;0;0;42;0;47;0;826;0;44466;0;0;0;0;0;0;0;0;0;826;0;0;1;0;11952;0;0;826;0;0;0;0;0;0;1;520;0;0;0;139763;0;0;0;826;0;0;0;0;0;0;0;11922
0;0;0;139850;0;0;0;1;0;0;144;0;139846;0;0;0;0;0;0;140795;0;0;0;0;0;0;0;19020575;0;100;0;3;0;0;0;0;0;0;1;0;12;0;0;0;0;2;0;0;0;0;0;1;0;0;0;0;943;0;188;1;126;0;0;0;0;0;0;0;0;422118;0;0;0;0;14;0;0;0;0;0;2;821;0;2;0;0;0;0;0;0;126;5;0;0;0;52933;0;0;0;0;424733;0;0;0;7318;0;0;0;0;0;0;821;0;0;0;0;0;0;0;821;0;0;0;0;0;51;0;11946;31480;1;0;1;0;821;0;2;0;0;49;0;0;0;0;0;422104;0;0;0;34619;433972;0;171;0;0;0;0;0;0;42;0;47;0;827;0;44467;0;0;0;0;0;0;0;0;0;827;0;0;1;0;11952;0;0;827;0;0;0;0;0;0;1;520;0;0;0;139846;0;0;0;827;0;0;0;0;0;0;0;11922
0;0;0;139933;0;0;0;1;0;0;144;0;139930;0;0;0;0;0;0;140879;0;0;0;0;0;0;0;20021608;0;100;0;3;0;0;0;0;0;0;1;0;12;0;0;0;0;2;0;0;0;0;0;1;0;0;0;0;943;0;188;1;126;0;0;0;0;0;0;0;0;422369;0;0;0;0;14;0;0;0;0;0;2;821;0;2;0;0;0;0;0;0;126;5;0;0;0;52934;0;0;0;0;424985;0;0;0;7318;0;0;0;0;0;0;821;0;0;0;0;0;0;0;821;0;0;0;0;0;51;0;11946;31481;1;0;1;0;821;0;2;0;0;49;0;0;0;0;0;422354;0;0;0;34620;434226;0;171;0;0;0;0;0;0;42;0;47;0;827;0;44468;0;0;0;0;0;0;0;0;0;827;0;0;1;0;11952;0;0;827;0;0;0;0;0;0;1;520;0;0;0;139929;0;0;0;827;0;0;0;0;0;0;0;11922
0;0;0;140017;0;0;0;1;0;0;144;0;140013;0;0;0;0;0;0;140962;0;0;0;0;0;0;0;21022637;0;100;0;3;0;0;0;0;0;0;1;0;12;0;0;0;0;2;0;0;0;0;0;1;0;0;0;0;943;0;188;1;126;0;0;0;0;0;0;0;0;422619;0;0;0;0;14;0;0;0;0;0;2;822;0;2;0;0;0;0;0;0;126;5;0;0;0;52934;0;0;0;0;425236;0;0;0;7318;0;0;0;0;0;0;822;0;0;0;0;0;0;0;822;0;0;0;0;0;51;0;11946;31481;1;0;1;0;822;0;2;0;0;49;0;0;0;0;0;422605;0;0;0;34620;434479;0;171;0;0;0;0;0;0;42;0;47;0;828;0;44468;0;0;0;0;0;0;0;0;0;828;0;0;1;0;11952;0;0;828;0;0;0;0;0;0;1;520;0;0;0;140013;0;0;0;828;0;0;0;0;0;0;0;11922
0;0;0;140100;0;0;0;1;0;0;144;0;140096;0;0;0;0;0;0;141045;0;0;0;0;0;0;0;22023668;0;100;0;3;0;0;0;0;0;0;1;0;12;0;0;0;0;2;0;0;0;0;0;1;0;0;0;0;943;0;188;1;126;0;0;0;0;0;0;0;0;422869;0;0;0;0;14;0;0;0;0;0;2;822;0;2;0;0;0;0;0;0;126;5;0;0;0;52935;0;0;0;0;425487;0;0;0;7318;0;0;0;0;0;0;822;0;0;0;0;0;0;0;822;0;0;0;0;0;51;0;11946;31482;1;0;1;0;822;0;2;0;0;49;0;0;0;0;0;422855;0;0;0;34621;434733;0;171;0;0;0;0;0;0;42;0;47;0;828;0;44469;0;0;0;0;0;0;0;0;0;828;0;0;1;0;11952;0;0;828;0;0;0;0;0;0;1;520;0;0;0;140096;0;0;0;828;0;0;0;0;0;0;0;11922
0;0;0;140183;0;0;0;1;0;0;144;0;140180;0;0;0;0;0;0;141129;0;0;0;0;0;0;0;23024715;0;100;0;3;0;0;0;0;0;0;1;0;12;0;0;0;0;2;0;0;0;0;0;1;0;0;0;0;943;0;188;1;126;0;0;0;0;0;0;0;0;423119;0;0;0;0;14;0;0;0;0;0;2;823;0;2;0;0;0;0;0;0;126;5;0;0;0;52935;0;0;0;0;425738;0;0;0;7318;0;0;0;0;0;0;823;0;0;0;0;0;0;0;823;0;0;0;0;0;51;0;11946;31482;1;0;1;0;823;0;2;0;0;49;0;0;0;0;0;423105;0;0;0;34621;434988;0;171;0;0;0;0;0;0;42;0;47;0;829;0;44469;0;0;0;0;0;0;0;0;0;829;0;0;1;0;11952;0;0;829;0;0;0;0;0;0;1;520;0;0;0;140180;0;0;0;829;0;0;0;0;0;0;0;11922
0;0;0;140267;0;0;0;1;0;0;144;0;140263;0;0;0;0;0;0;141212;0;0;0;0;0;0;0;24025745;0;100;0;3;0;0;0;0;0;0;1;0;12;0;0;0;0;2;0;0;0;0;0;1;0;0;0;0;943;0;188;1;126;0;0;0;0;0;0;0;0;423370;0;0;0;0;14;0;0;0;0;0;2;823;0;2;0;0;0;0;0;0;126;5;0;0;0;52940;0;0;0;0;425990;0;0;0;7321;0;0;0;0;0;0;823;0;0;0;0;0;0;0;823;0;0;0;0;0;51;0;11946;31483;1;0;1;0;823;0;2;0;0;49;0;0;0;0;0;423355;0;0;0;34626;435241;0;171;0;0;0;0;0;0;42;0;47;0;829;0;44475;0;0;0;0;0;0;0;0;0;829;0;0;1;0;11952;0;0;829;0;0;0;0;0;0;1;520;0;0;0;140263;0;0;0;829;0;0;0;0;0;0;0;11922
0;0;0;140350;0;0;0;1;0;0;144;0;140347;0;0;0;0;0;0;141296;0;0;0;0;0;0;0;25026778;0;100;0;3;0;0;0;0;0;0;1;0;12;0;0;0;0;2;0;0;0;0;0;1;0;0;0;0;943;0;188;1;126;0;0;0;0;0;0;0;0;423620;0;0;0;0;14;0;0;0;0;0;2;824;0;2;0;0;0;0;0;0;126;5;0;0;0;52946;0;0;0;0;426241;0;0;0;7352;0;0;0;0;0;0;824;0;0;0;0;0;0;0;824;0;0;0;0;0;51;0;11946;31489;1;0;1;0;824;0;2;0;0;49;0;0;0;0;0;423606;0;0;0;34631;435496;0;171;0;0;0;0;0;0;42;0;47;0;830;0;44475;0;0;0;0;0;0;0;0;0;830;0;0;1;0;11952;0;0;830;0;0;0;0;0;0;1;520;0;0;0;140347;0;0;0;830;0;0;0;0;0;0;0;11922
0;0;0;140434;0;0;0;1;0;0;144;0;140430;0;0;0;0;0;0;141379;0;0;0;0;0;0;0;26027802;0;100;0;3;0;0;0;0;0;0;1;0;12;0;0;0;0;2;0;0;0;0;0;1;0;0;0;0;943;0;188;1;126;0;0;0;0;0;0;0;0;423870;0;0;0;0;14;0;0;0;0;0;2;824;0;2;0;0;0;0;0;0;126;5;0;0;0;52947;0;0;0;0;426492;0;0;0;7352;0;0;0;0;0;0;824;0;0;0;0;0;0;0;824;0;0;0;0;0;51;0;11946;31490;1;0;1;0;824;0;2;0;0;49;0;0;0;0;0;423856;0;0;0;34632;435749;0;171;0;0;0;0;0;0;42;0;47;0;830;0;44476;0;0;0;0;0;0;0;0;0;830;0;0;1;0;11952;0;0;830;0;0;0;0;0;0;1;520;0;0;0;140430;0;0;0;830;0;0;0;0;0;0;0;11922
0;0;0;140517;0;0;0;1;0;0;144;0;140513;0;0;0;0;0;0;141463;0;0;0;0;0;0;0;27028841;0;100;0;3;0;0;0;0;0;0;1;0;12;0;0;0;0;2;0;0;0;0;0;1;0;0;0;0;943;0;188;1;126;0;0;0;0;0;0;0;0;424120;0;0;0;0;14;0;0;0;0;0;2;825;0;2;0;0;0;0;0;0;126;5;0;0;0;52947;0;0;0;0;426743;0;0;0;7352;0;0;0;0;0;0;825;0;0;0;0;0;0;0;825;0;0;0;0;0;51;0;11946;31490;1;0;1;0;825;0;2;0;0;49;0;0;0;0;0;424106;0;0;0;34632;436003;0;171;0;0;0;0;0;0;42;0;47;0;831;0;44476;0;0;0;0;0;0;0;0;0;831;0;0;1;0;11952;0;0;831;0;0;0;0;0;0;1;520;0;0;0;140513;0;0;0;831;0;0;0;0;0;0;0;11922
0;0;0;140601;0;0;0;1;0;0;144;0;140597;0;0;0;0;0;0;141546;0;0;0;0;0;0;0;28029897;0;100;0;3;0;0;0;0;0;0;1;0;12;0;0;0;0;2;0;0;0;0;0;1;0;0;0;0;943;0;188;1;126;0;0;0;0;0;0;0;0;424371;0;0;0;0;14;0;0;0;0;0;2;825;0;2;0;0;0;0;0;0;126;5;0;0;0;52948;0;0;0;0;426995;0;0;0;7352;0;0;0;0;0;0;825;0;0;0;0;0;0;0;825;0;0;0;0;0;51;0;11946;31491;1;0;1;0;825;0;2;0;0;49;0;0;0;0;0;424356;0;0;0;34633;436257;0;171;0;0;0;0;0;0;42;0;47;0;831;0;44477;0;0;0;0;0;0;0;0;0;831;0;0;1;0;11952;0;0;831;0;0;0;0;0;0;1;520;0;0;0;140597;0;0;0;831;0;0;0;0;0;0;0;11922
0;0;0;140684;0;0;0;1;0;0;144;0;140680;0;0;0;0;0;0;141629;0;0;0;0;0;0;0;29030910;0;100;0;3;0;0;0;0;0;0;1;0;12;0;0;0;0;2;0;0;0;0;0;1;0;0;0;0;943;0;188;1;126;0;0;0;0;0;0;0;0;424621;0;0;0;0;14;0;0;0;0;0;2;826;0;2;0;0;0;0;0;0;126;5;0;0;0;52948;0;0;0;0;427246;0;0;0;7352;0;0;0;0;0;0;826;0;0;0;0;0;0;0;826;0;0;0;0;0;51;0;11946;31491;1;0;1;0;826;0;2;0;0;49;0;0;0;0;0;424607;0;0;0;34633;436511;0;171;0;0;0;0;0;0;42;0;47;0;832;0;44477;0;0;0;0;0;0;0;0;0;832;0;0;1;0;11952;0;0;832;0;0;0;0;0;0;1;520;0;0;0;140680;0;0;0;832;0;0;0;0;0;0;0;11922
0;0;0;140767;0;0;0;1;0;0;144;0;140764;0;0;0;0;0;0;141713;0;0;0;0;0;0;0;30031933;0;100;0;3;0;0;0;0;0;0;1;0;12;0;0;0;0;2;0;0;0;0;0;1;0;0;0;0;944;0;188;1;126;0;0;0;0;0;0;0;0;424871;0;0;0;0;14;0;0;0;0;0;2;826;0;2;0;0;0;0;0;0;126;5;0;0;0;52949;0;0;0;0;427497;0;0;0;7352;0;0;0;0;0;0;826;0;0;0;0;0;0;0;826;0;0;0;0;0;51;0;11946;31492;1;0;1;0;826;0;2;0;0;49;0;0;0;0;0;424857;0;0;0;34634;436765;0;171;0;0;0;0;0;0;42;0;47;0;832;0;44478;0;0;0;0;0;0;0;0;0;832;0;0;1;0;11952;0;0;832;0;0;0;0;0;0;1;520;0;0;0;140764;0;0;0;832;0;0;0;0;0;0;0;11922
0;0;0;140851;0;0;0;1;0;0;144;0;140847;0;0;0;0;0;0;141796;0;0;0;0;0;0;0;31032965;0;100;0;3;0;0;0;0;0;0;1;0;12;0;0;0;0;2;0;0;0;0;0;1;0;0;0;0;944;0;188;1;126;0;0;0;0;0;0;0;0;425121;0;0;0;0;14;0;0;0;0;0;2;827;0;2;0;0;0;0;0;0;126;5;0;0;0;52949;0;0;0;0;427748;0;0;0;7352;0;0;0;0;0;0;827;0;0;0;0;0;0;0;827;0;0;0;0;0;51;0;11946;31492;1;0;1;0;827;0;2;0;0;49;0;0;0;0;0;425107;0;0;0;34634;437020;0;171;0;0;0;0;0;0;42;0;47;0;832;0;44478;0;0;0;0;0;0;0;0;0;832;0;0;1;0;11952;0;0;832;0;0;0;0;0;0;1;520;0;0;0;140847;0;0;0;832;0;0;0;0;0;0;0;11922
0;0;0;140935;0;0;0;1;0;0;144;0;140931;0;0;0;0;0;0;141880;0;0;0;0;0;0;0;32037938;0;100;0;3;0;0;0;0;0;0;1;0;12;0;0;0;0;2;0;0;0;0;0;1;0;0;0;0;944;0;188;1;126;0;0;0;0;0;0;0;0;425372;0;0;0;0;14;0;0;0;0;0;2;827;0;2;0;0;0;0;0;0;126;5;0;0;0;52953;0;0;0;0;428001;0;0;0;7352;0;0;0;0;0;0;827;0;0;0;0;0;0;0;827;0;0;0;0;0;51;0;11946;31497;1;0;1;0;827;0;2;0;0;49;0;0;0;0;0;425358;0;0;0;34639;437274;0;171;0;0;0;0;0;0;42;0;47;0;833;0;44479;0;0;0;0;0;0;0;0;0;833;0;0;1;0;11952;0;0;833;0;0;0;0;0;0;1;520;0;0;0;140931;0;0;0;833;0;0;0;0;0;0;0;11922
0;0;0;141018;0;0;0;1;0;0;144;0;141014;0;0;0;0;0;0;141963;0;0;0;0;0;0;0;33038990;0;100;0;3;0;0;0;0;0;0;1;0;12;0;0;0;0;2;0;0;0;0;0;1;0;0;0;0;945;0;188;1;126;0;0;0;0;0;0;0;0;425623;0;0;0;0;14;0;0;0;0;0;2;828;0;2;0;0;0;0;0;0;126;5;0;0;0;52953;0;0;0;0;428252;0;0;0;7354;0;0;0;0;0;0;828;0;0;0;0;0;0;0;828;0;0;0;0;0;51;0;11946;31497;1;0;1;0;828;0;2;0;0;49;0;0;0;0;0;425609;0;0;0;34639;437528;0;171;0;0;0;0;0;0;42;0;47;0;833;0;44479;0;0;0;0;0;0;0;0;0;833;0;0;1;0;11952;0;0;833;0;0;0;0;0;0;1;520;0;0;0;141014;0;0;0;833;0;0;0;0;0;0;0;11922
0;0;0;141101;0;0;0;1;0;0;144;0;141098;0;0;0;0;0;0;142047;0;0;0;0;0;0;0;34040018;0;101;0;3;0;0;0;0;0;0;1;0;12;0;0;0;0;2;0;0;0;0;0;1;0;0;0;0;945;0;188;1;126;0;0;0;0;0;0;0;0;425873;0;0;0;0;14;0;0;0;0;0;2;828;0;2;0;0;0;0;0;0;126;5;0;0;0;52954;0;0;0;0;428503;0;0;0;7385;0;0;0;0;0;0;828;0;0;0;0;0;0;0;828;0;0;0;0;0;51;0;11946;31503;1;0;1;0;828;0;2;0;0;49;0;0;0;0;0;425859;0;0;0;34646;437783;0;171;0;0;0;0;0;0;42;0;47;0;834;0;44485;0;0;0;0;0;0;0;0;0;834;0;0;1;0;11952;0;0;834;0;0;0;0;0;0;1;520;0;0;0;141098;0;0;0;834;0;0;0;0;0;0;0;11922
0;0;0;141185;0;0;0;1;0;0;144;0;141181;0;0;0;0;0;0;142130;0;0;0;0;0;0;0;35041042;0;101;0;3;0;0;0;0;0;0;1;0;12;0;0;0;0;2;0;0;0;0;0;1;0;0;0;0;945;0;188;1;126;0;0;0;0;0;0;0;0;426123;0;0;0;0;14;0;0;0;0;0;2;829;0;2;0;0;0;0;0;0;126;5;0;0;0;52954;0;0;0;0;428754;0;0;0;7385;0;0;0;0;0;0;829;0;0;0;0;0;0;0;829;0;0;0;0;0;51;0;11946;31503;1;0;1;0;829;0;2;0;0;49;0;0;0;0;0;426109;0;0;0;34646;438037;0;171;0;0;0;0;0;0;42;0;47;0;834;0;44485;0;0;0;0;0;0;0;0;0;834;0;0;1;0;11952;0;0;834;0;0;0;0;0;0;1;520;0;0;0;141181;0;0;0;834;0;0;0;0;0;0;0;11922
0;0;0;141268;0;0;0;1;0;0;144;0;141265;0;0;0;0;0;0;142214;0;0;0;0;0;0;0;36042070;0;101;0;3;0;0;0;0;0;0;1;0;12;0;0;0;0;2;0;0;0;0;0;1;0;0;0;0;945;0;188;1;126;0;0;0;0;0;0;0;0;426374;0;0;0;0;14;0;0;0;0;0;2;829;0;2;0;0;0;0;0;0;126;5;0;0;0;52956;0;0;0;0;429006;0;0;0;7385;0;0;0;0;0;0;829;0;0;0;0;0;0;0;829;0;0;0;0;0;51;0;11946;31504;1;0;1;0;829;0;2;0;0;49;0;0;0;0;0;426359;0;0;0;34647;438290;0;171;0;0;0;0;0;0;42;0;47;0;835;0;44486;0;0;0;0;0;0;0;0;0;835;0;0;1;0;11952;0;0;835;0;0;0;0;0;0;1;520;0;0;0;141264;0;0;0;835;0;0;0;0;0;0;0;11922
0;0;0;141352;0;0;0;1;0;0;144;0;141348;0;0;0;0;0;0;142297;0;0;0;0;0;0;0;37043102;0;101;0;3;0;0;0;0;0;0;1;0;12;0;0;0;0;2;0;0;0;0;0;1;0;0;0;0;945;0;188;1;126;0;0;0;0;0;0;0;0;426624;0;0;0;0;14;0;0;0;0;0;2;830;0;2;0;0;0;0;0;0;126;5;0;0;0;52956;0;0;0;0;429257;0;0;0;7385;0;0;0;0;0;0;830;0;0;0;0;0;0;0;830;0;0;0;0;0;51;0;11946;31504;1;0;1;0;830;0;2;0;0;49;0;0;0;0;0;426610;0;0;0;34647;438544;0;171;0;0;0;0;0;0;42;0;47;0;835;0;44486;0;0;0;0;0;0;0;0;0;835;0;0;1;0;11952;0;0;835;0;0;0;0;0;0;1;520;0;0;0;141348;0;0;0;835;0;0;0;0;0;0;0;11922
0;0;0;141435;0;0;0;1;0;0;144;0;141431;0;0;0;0;0;0;142381;0;0;0;0;0;0;0;38044140;0;101;0;3;0;0;0;0;0;0;1;0;12;0;0;0;0;2;0;0;0;0;0;1;0;0;0;0;945;0;188;1;126;0;0;0;0;0;0;0;0;426874;0;0;0;0;14;0;0;0;0;0;2;830;0;2;0;0;0;0;0;0;126;5;0;0;0;52957;0;0;0;0;429508;0;0;0;7385;0;0;0;0;0;0;830;0;0;0;0;0;0;0;830;0;0;0;0;0;51;0;11946;31505;1;0;1;0;830;0;2;0;0;49;0;0;0;0;0;426860;0;0;0;34648;438797;0;171;0;0;0;0;0;0;42;0;47;0;836;0;44487;0;0;0;0;0;0;0;0;0;836;0;0;1;0;11952;0;0;836;0;0;0;0;0;0;1;520;0;0;0;141431;0;0;0;836;0;0;0;0;0;0;0;11922
0;0;0;141519;0;0;0;1;0;0;144;0;141515;0;0;0;0;0;0;142464;0;0;0;0;0;0;0;39045164;0;101;0;3;0;0;0;0;0;0;1;0;12;0;0;0;0;2;0;0;0;0;0;1;0;0;0;0;945;0;188;1;126;0;0;0;0;0;0;0;0;427124;0;0;0;0;14;0;0;0;0;0;2;831;0;2;0;0;0;0;0;0;126;5;0;0;0;52957;0;0;0;0;429760;0;0;0;7385;0;0;0;0;0;0;831;0;0;0;0;0;0;0;831;0;0;0;0;0;51;0;11946;31505;1;0;1;0;831;0;2;0;0;49;0;0;0;0;0;427110;0;0;0;34648;439051;0;171;0;0;0;0;0;0;42;0;47;0;836;0;44487;0;0;0;0;0;0;0;0;0;836;0;0;1;0;11952;0;0;836;0;0;0;0;0;0;1;520;0;0;0;141515;0;0;0;836;0;0;0;0;0;0;0;11922
0;0;0;141602;0;0;0;1;0;0;144;0;141598;0;0;0;0;0;0;142547;0;0;0;0;0;0;0;40046198;0;102;0;3;0;0;0;0;0;0;1;0;12;0;0;0;0;2;0;0;0;0;0;1;0;0;0;0;946;0;188;1;126;0;0;0;0;0;0;0;0;427375;0;0;0;0;14;0;0;0;0;0;2;831;0;2;0;0;0;0;0;0;126;5;0;0;0;52958;0;0;0;0;430011;0;0;0;7385;0;0;0;0;0;0;831;0;0;0;0;0;0;0;831;0;0;0;0;0;51;0;11946;31506;1;0;1;0;831;0;2;0;0;49;0;0;0;0;0;427361;0;0;0;34649;439305;0;172;0;0;0;0;0;0;42;0;47;0;837;0;44488;0;0;0;0;0;0;0;0;0;837;0;0;1;0;11952;0;0;837;0;0;0;0;0;0;1;520;0;0;0;141598;0;0;0;837;0;0;0;0;0;0;0;11922
0;0;0;141685;0;0;0;1;0;0;144;0;141682;0;0;0;0;0;0;142631;0;0;0;0;0;0;0;41047225;0;102;0;3;0;0;0;0;0;0;1;0;12;0;0;0;0;2;0;0;0;0;0;1;0;0;0;0;947;0;188;1;126;0;0;0;0;0;0;0;0;427625;0;0;0;0;14;0;0;0;0;0;2;832;0;2;0;0;0;0;0;0;126;5;0;0;0;52958;0;0;0;0;430262;0;0;0;7385;0;0;0;0;0;0;832;0;0;0;0;0;0;0;832;0;0;0;0;0;51;0;11946;31506;1;0;1;0;832;0;2;0;0;49;0;0;0;0;0;427611;0;0;0;34649;439558;0;172;0;0;0;0;0;0;42;0;47;0;837;0;44488;0;0;0;0;0;0;0;0;0;837;0;0;1;0;11952;0;0;837;0;0;0;0;0;0;1;520;0;0;0;141682;0;0;0;837;0;0;0;0;0;0;0;11922
0;0;0;141769;0;0;0;1;0;0;144;0;141765;0;0;0;0;0;0;142714;0;0;0;0;0;0;0;42048254;0;102;0;3;0;0;0;0;0;0;1;0;12;0;0;0;0;2;0;0;0;0;0;1;0;0;0;0;947;0;188;1;126;0;0;0;0;0;0;0;0;427875;0;0;0;0;14;0;0;0;0;0;2;832;0;2;0;0;0;0;0;0;126;5;0;0;0;52959;0;0;0;0;430513;0;0;0;7385;0;0;0;0;0;0;832;0;0;0;0;0;0;0;832;0;0;0;0;0;51;0;11946;31507;1;0;1;0;832;0;2;0;0;49;0;0;0;0;0;427861;0;0;0;34650;439812;0;172;0;0;0;0;0;0;42;0;47;0;838;0;44489;0;0;0;0;0;0;0;0;0;838;0;0;1;0;11952;0;0;838;0;0;0;0;0;0;1;520;0;0;0;141765;0;0;0;838;0;0;0;0;0;0;0;11922
0;0;0;141852;0;0;0;1;0;0;144;0;141848;0;0;0;0;0;0;142798;0;0;0;0;0;0;0;43049289;0;102;0;3;0;0;0;0;0;0;1;0;12;0;0;0;0;2;0;0;0;0;0;1;0;0;0;0;947;0;188;1;126;0;0;0;0;0;0;0;0;428125;0;0;0;0;14;0;0;0;0;0;2;833;0;2;0;0;0;0;0;0;126;5;0;0;0;52959;0;0;0;0;430765;0;0;0;7385;0;0;0;0;0;0;833;0;0;0;0;0;0;0;833;0;0;0;0;0;51;0;11946;31507;1;0;1;0;833;0;2;0;0;49;0;0;0;0;0;428111;0;0;0;34650;440067;0;172;0;0;0;0;0;0;42;0;47;0;838;0;44489;0;0;0;0;0;0;0;0;0;838;0;0;1;0;11952;0;0;838;0;0;0;0;0;0;1;520;0;0;0;141848;0;0;0;838;0;0;0;0;0;0;0;11922
0;0;0;141936;0;0;0;1;0;0;144;0;141932;0;0;0;0;0;0;142881;0;0;0;0;0;0;0;44050316;0;102;0;3;0;0;0;0;0;0;1;0;12;0;0;0;0;2;0;0;0;0;0;1;0;0;0;0;948;0;188;1;126;0;0;0;0;0;0;0;0;428376;0;0;0;0;14;0;0;0;0;0;2;833;0;2;0;0;0;0;0;0;126;5;0;0;0;52960;0;0;0;0;431016;0;0;0;7385;0;0;0;0;0;0;833;0;0;0;0;0;0;0;833;0;0;0;0;0;51;0;11946;31508;1;0;1;0;833;0;2;0;0;49;0;0;0;0;0;428362;0;0;0;34651;440320;0;172;0;0;0;0;0;0;42;0;47;0;839;0;44490;0;0;0;0;0;0;0;0;0;839;0;0;1;0;11952;0;0;839;0;0;0;0;0;0;1;520;0;0;0;141932;0;0;0;839;0;0;0;0;0;0;0;11922
0;0;0;142019;0;0;0;1;0;0;144;0;142015;0;0;0;0;0;0;142965;0;0;0;0;0;0;0;45051343;0;102;0;3;0;0;0;0;0;0;1;0;12;0;0;0;0;2;0;0;0;0;0;1;0;0;0;0;948;0;188;1;126;0;0;0;0;0;0;0;0;428626;0;0;0;0;14;0;0;0;0;0;2;834;0;2;0;0;0;0;0;0;126;5;0;0;0;52960;0;0;0;0;431267;0;0;0;7385;0;0;0;0;0;0;834;0;0;0;0;0;0;0;834;0;0;0;0;0;51;0;11946;31508;1;0;1;0;834;0;2;0;0;49;0;0;0;0;0;428612;0;0;0;34651;440573;0;172;0;0;0;0;0;0;42;0;47;0;839;0;44490;0;0;0;0;0;0;0;0;0;839;0;0;1;0;11952;0;0;839;0;0;0;0;0;0;1;520;0;0;0;142015;0;0;0;839;0;0;0;0;0;0;0;11922
0;0;0;142102;0;0;0;1;0;0;144;0;142099;0;0;0;0;0;0;143048;0;0;0;0;0;0;0;46052376;0;102;0;3;0;0;0;0;0;0;1;0;12;0;0;0;0;2;0;0;0;0;0;1;0;0;0;0;948;0;188;1;126;0;0;0;0;0;0;0;0;428876;0;0;0;0;14;0;0;0;0;0;2;834;0;2;0;0;0;0;0;0;126;5;0;0;0;52961;0;0;0;0;431518;0;0;0;7385;0;0;0;0;0;0;834;0;0;0;0;0;0;0;834;0;0;0;0;0;51;0;11946;31509;1;0;1;0;834;0;2;0;0;49;0;0;0;0;0;428862;0;0;0;34652;440827;0;172;0;0;0;0;0;0;42;0;47;0;840;0;44491;0;0;0;0;0;0;0;0;0;840;0;0;1;0;11952;0;0;840;0;0;0;0;0;0;1;520;0;0;0;142099;0;0;0;840;0;0;0;0;0;0;0;11922
0;0;0;142186;0;0;0;1;0;0;144;0;142182;0;0;0;0;0;0;143132;0;0;0;0;0;0;0;47053414;0;102;0;3;0;0;0;0;0;0;1;0;12;0;0;0;0;2;0;0;0;0;0;1;0;0;0;0;948;0;188;1;126;0;0;0;0;0;0;0;0;429126;0;0;0;0;14;0;0;0;0;0;2;835;0;2;0;0;0;0;0;0;126;5;0;0;0;52961;0;0;0;0;431770;0;0;0;7385;0;0;0;0;0;0;835;0;0;0;0;0;0;0;835;0;0;0;0;0;51;0;11946;31509;1;0;1;0;835;0;2;0;0;49;0;0;0;0;0;429112;0;0;0;34652;441081;0;172;0;0;0;0;0;0;42;0;47;0;840;0;44491;0;0;0;0;0;0;0;0;0;840;0;0;1;0;11952;0;0;840;0;0;0;0;0;0;1;520;0;0;0;142182;0;0;0;840;0;0;0;0;0;0;0;11922
0;0;0;142269;0;0;0;1;0;0;144;0;142266;0;0;0;0;0;0;143215;0;0;0;0;0;0;0;48054443;0;102;0;3;0;0;0;0;0;0;1;0;12;0;0;0;0;2;0;0;0;0;0;1;0;0;0;0;948;0;188;1;126;0;0;0;0;0;0;0;0;429377;0;0;0;0;14;0;0;0;0;0;2;835;0;2;0;0;0;0;0;0;126;5;0;0;0;52962;0;0;0;0;432021;0;0;0;7385;0;0;0;0;0;0;835;0;0;0;0;0;0;0;835;0;0;0;0;0;51;0;11946;31510;1;0;1;0;835;0;2;0;0;49;0;0;0;0;0;429363;0;0;0;34653;441334;0;172;0;0;0;0;0;0;42;0;47;0;841;0;44492;0;0;0;0;0;0;0;0;0;841;0;0;1;0;11952;0;0;841;0;0;0;0;0;0;1;520;0;0;0;142266;0;0;0;841;0;0;0;0;0;0;0;11922
0;0;0;142353;0;0;0;1;0;0;144;0;142349;0;0;0;0;0;0;143298;0;0;0;0;0;0;0;49055474;0;102;0;3;0;0;0;0;0;0;1;0;12;0;0;0;0;2;0;0;0;0;0;1;0;0;0;0;948;0;188;1;126;0;0;0;0;0;0;0;0;429627;0;0;0;0;14;0;0;0;0;0;2;836;0;2;0;0;0;0;0;0;126;5;0;0;0;52962;0;0;0;0;432272;0;0;0;7385;0;0;0;0;0;0;836;0;0;0;0;0;0;0;836;0;0;0;0;0;51;0;11946;31510;1;0;1;0;836;0;2;0;0;49;0;0;0;0;0;429613;0;0;0;34653;441588;0;172;0;0;0;0;0;0;42;0;47;0;841;0;44492;0;0;0;0;0;0;0;0;0;841;0;0;1;0;11952;0;0;841;0;0;0;0;0;0;1;520;0;0;0;142349;0;0;0;841;0;0;0;0;0;0;0;11922
0;0;0;142436;0;0;0;1;0;0;144;0;142432;0;0;0;0;0;0;143382;0;0;0;0;0;0;0;50056501;0;102;0;3;0;0;0;0;0;0;1;0;12;0;0;0;0;2;0;0;0;0;0;1;0;0;0;0;948;0;188;1;126;0;0;0;0;0;0;0;0;429877;0;0;0;0;14;0;0;0;0;0;2;836;0;2;0;0;0;0;0;0;126;5;0;0;0;52963;0;0;0;0;432523;0;0;0;7385;0;0;0;0;0;0;836;0;0;0;0;0;0;0;836;0;0;0;0;0;51;0;11946;31511;1;0;1;0;836;0;2;0;0;49;0;0;0;0;0;429863;0;0;0;34654;441841;0;172;0;0;0;0;0;0;42;0;47;0;842;0;44493;0;0;0;0;0;0;0;0;0;842;0;0;1;0;11952;0;0;842;0;0;0;0;0;0;1;520;0;0;0;142432;0;0;0;842;0;0;0;0;0;0;0;11922
0;0;0;142520;0;0;0;1;0;0;144;0;142516;0;0;0;0;0;0;143465;0;0;0;0;0;0;0;51057526;0;102;0;3;0;0;0;0;0;0;1;0;12;0;0;0;0;2;0;0;0;0;0;1;0;0;0;0;948;0;188;1;126;0;0;0;0;0;0;0;0;430127;0;0;0;0;14;0;0;0;0;0;2;837;0;2;0;0;0;0;0;0;126;5;0;0;0;52963;0;0;0;0;432775;0;0;0;7385;0;0;0;0;0;0;837;0;0;0;0;0;0;0;837;0;0;0;0;0;51;0;11946;31511;1;0;1;0;837;0;2;0;0;49;0;0;0;0;0;430113;0;0;0;34654;442095;0;172;0;0;0;0;0;0;42;0;47;0;842;0;44493;0;0;0;0;0;0;0;0;0;842;0;0;1;0;11952;0;0;842;0;0;0;0;0;0;1;520;0;0;0;142516;0;0;0;842;0;0;0;0;0;0;0;11922
0;0;0;142603;0;0;0;1;0;0;144;0;142599;0;0;0;0;0;0;143549;0;0;0;0;0;0;0;52058561;0;102;0;3;0;0;0;0;0;0;1;0;12;0;0;0;0;2;0;0;0;0;0;1;0;0;0;0;948;0;188;1;126;0;0;0;0;0;0;0;0;430378;0;0;0;0;14;0;0;0;0;0;2;837;0;2;0;0;0;0;0;0;126;5;0;0;0;52964;0;0;0;0;433026;0;0;0;7385;0;0;0;0;0;0;837;0;0;0;0;0;0;0;837;0;0;0;0;0;51;0;11946;31512;1;0;1;0;837;0;2;0;0;49;0;0;0;0;0;430364;0;0;0;34655;442349;0;172;0;0;0;0;0;0;42;0;47;0;843;0;44494;0;0;0;0;0;0;0;0;0;843;0;0;1;0;11952;0;0;843;0;0;0;0;0;0;1;520;0;0;0;142599;0;0;0;843;0;0;0;0;0;0;0;11922
0;0;0;142686;0;0;0;1;0;0;144;0;142683;0;0;0;0;0;0;143632;0;0;0;0;0;0;0;53059591;0;102;0;3;0;0;0;0;0;0;1;0;12;0;0;0;0;2;0;0;0;0;0;1;0;0;0;0;948;0;188;1;126;0;0;0;0;0;0;0;0;430628;0;0;0;0;14;0;0;0;0;0;2;838;0;2;0;0;0;0;0;0;126;5;0;0;0;52964;0;0;0;0;433277;0;0;0;7385;0;0;0;0;0;0;838;0;0;0;0;0;0;0;838;0;0;0;0;0;51;0;11946;31512;1;0;1;0;838;0;2;0;0;49;0;0;0;0;0;430614;0;0;0;34655;442603;0;172;0;0;0;0;0;0;42;0;47;0;843;0;44494;0;0;0;0;0;0;0;0;0;843;0;0;1;0;11952;0;0;843;0;0;0;0;0;0;1;520;0;0;0;142683;0;0;0;843;0;0;0;0;0;0;0;11922
0;0;0;142770;0;0;0;1;0;0;144;0;142766;0;0;0;0;0;0;143716;0;0;0;0;0;0;0;54060626;0;102;0;3;0;0;0;0;0;0;1;0;12;0;0;0;0;2;0;0;0;0;0;1;0;0;0;0;948;0;188;1;126;0;0;0;0;0;0;0;0;430878;0;0;0;0;14;0;0;0;0;0;2;838;0;2;0;0;0;0;0;0;126;5;0;0;0;52965;0;0;0;0;433528;0;0;0;7385;0;0;0;0;0;0;838;0;0;0;0;0;0;0;838;0;0;0;0;0;51;0;11946;31513;1;0;1;0;838;0;2;0;0;49;0;0;0;0;0;430864;0;0;0;34656;442856;0;172;0;0;0;0;0;0;42;0;47;0;844;0;44495;0;0;0;0;0;0;0;0;0;844;0;0;1;0;11952;0;0;844;0;0;0;0;0;0;1;520;0;0;0;142766;0;0;0;844;0;0;0;0;0;0;0;11922
0;0;0;142853;0;0;0;1;0;0;144;0;142850;0;0;0;0;0;0;143799;0;0;0;0;0;0;0;55061659;0;102;0;3;0;0;0;0;0;0;1;0;12;0;0;0;0;2;0;0;0;0;0;1;0;0;0;0;948;0;188;1;126;0;0;0;0;0;0;0;0;431129;0;0;0;0;14;0;0;0;0;0;2;839;0;2;0;0;0;0;0;0;126;5;0;0;0;52965;0;0;0;0;433780;0;0;0;7385;0;0;0;0;0;0;839;0;0;0;0;0;0;0;839;0;0;0;0;0;51;0;11946;31513;1;0;1;0;839;0;2;0;0;49;0;0;0;0;0;431114;0;0;0;34656;443111;0;172;0;0;0;0;0;0;42;0;47;0;844;0;44495;0;0;0;0;0;0;0;0;0;844;0;0;1;0;11952;0;0;844;0;0;0;0;0;0;1;520;0;0;0;142849;0;0;0;844;0;0;0;0;0;0;0;11922
0;0;0;142937;0;0;0;1;0;0;144;0;142933;0;0;0;0;0;0;143882;0;0;0;0;0;0;0;56062685;0;102;0;3;0;0;0;0;0;0;1;0;12;0;0;0;0;2;0;0;0;0;0;1;0;0;0;0;949;0;188;1;126;0;0;0;0;0;0;0;0;431379;0;0;0;0;14;0;0;0;0;0;2;839;0;2;0;0;0;0;0;0;126;5;0;0;0;52966;0;0;0;0;434031;0;0;0;7385;0;0;0;0;0;0;839;0;0;0;0;0;0;0;839;0;0;0;0;0;51;0;11946;31514;1;0;1;0;839;0;2;0;0;49;0;0;0;0;0;431365;0;0;0;34657;443364;0;172;0;0;0;0;0;0;42;0;47;0;845;0;44496;0;0;0;0;0;0;0;0;0;845;0;0;1;0;11952;0;0;845;0;0;0;0;0;0;1;520;0;0;0;142933;0;0;0;845;0;0;0;0;0;0;0;11922
0;0;0;143020;0;0;0;1;0;0;144;0;143016;0;0;0;0;0;0;143966;0;0;0;0;0;0;0;57063710;0;102;0;3;0;0;0;0;0;0;1;0;12;0;0;0;0;2;0;0;0;0;0;1;0;0;0;0;949;0;188;1;126;0;0;0;0;0;0;0;0;431629;0;0;0;0;14;0;0;0;0;0;2;840;0;2;0;0;0;0;0;0;126;5;0;0;0;52966;0;0;0;0;434282;0;0;0;7385;0;0;0;0;0;0;840;0;0;0;0;0;0;0;840;0;0;0;0;0;51;0;11946;31514;1;0;1;0;840;0;2;0;0;49;0;0;0;0;0;431615;0;0;0;34657;443617;0;172;0;0;0;0;0;0;42;0;47;0;845;0;44496;0;0;0;0;0;0;0;0;0;845;0;0;1;0;11952;0;0;845;0;0;0;0;0;0;1;520;0;0;0;143016;0;0;0;845;0;0;0;0;0;0;0;11922
0;0;0;143103;0;0;0;1;0;0;144;0;143100;0;0;0;0;0;0;144049;0;0;0;0;0;0;0;58064744;0;102;0;3;0;0;0;0;0;0;1;0;12;0;0;0;0;2;0;0;0;0;0;1;0;0;0;0;949;0;188;1;126;0;0;0;0;0;0;0;0;431879;0;0;0;0;14;0;0;0;0;0;2;840;0;2;0;0;0;0;0;0;126;5;0;0;0;52967;0;0;0;0;434533;0;0;0;7385;0;0;0;0;0;0;840;0;0;0;0;0;0;0;840;0;0;0;0;0;51;0;11946;31515;1;0;1;0;840;0;2;0;0;49;0;0;0;0;0;431865;0;0;0;34658;443872;0;172;0;0;0;0;0;0;42;0;47;0;846;0;44497;0;0;0;0;0;0;0;0;0;846;0;0;1;0;11952;0;0;846;0;0;0;0;0;0;1;520;0;0;0;143100;0;0;0;846;0;0;0;0;0;0;0;11922
0;0;0;143187;0;0;0;1;0;0;144;0;143183;0;0;0;0;0;0;144133;0;0;0;0;0;0;0;59065781;0;102;0;3;0;0;0;0;0;0;1;0;12;0;0;0;0;2;0;0;0;0;0;1;0;0;0;0;949;0;188;1;126;0;0;0;0;0;0;0;0;432130;0;0;0;0;14;0;0;0;0;0;2;841;0;2;0;0;0;0;0;0;126;5;0;0;0;52967;0;0;0;0;434785;0;0;0;7385;0;0;0;0;0;0;841;0;0;0;0;0;0;0;841;0;0;0;0;0;51;0;11946;31515;1;0;1;0;841;0;2;0;0;49;0;0;0;0;0;432115;0;0;0;34658;444125;0;172;0;0;0;0;0;0;42;0;47;0;846;0;44497;0;0;0;0;0;0;0;0;0;846;0;0;1;0;11952;0;0;846;0;0;0;0;0;0;1;520;0;0;0;143183;0;0;0;846;0;0;0;0;0;0;0;11922
0;0;0;143270;0;0;0;1;0;0;144;0;143267;0;0;0;0;0;0;144216;0;0;0;0;0;0;0;60066811;0;102;0;3;0;0;0;0;0;0;1;0;12;0;0;0;0;2;0;0;0;0;0;1;0;0;0;0;949;0;188;1;126;0;0;0;0;0;0;0;0;432380;0;0;0;0;14;0;0;0;0;0;2;841;0;2;0;0;0;0;0;0;126;5;0;0;0;52968;0;0;0;0;435036;0;0;0;7385;0;0;0;0;0;0;841;0;0;0;0;0;0;0;841;0;0;0;0;0;51;0;11946;31516;1;0;1;0;841;0;2;0;0;49;0;0;0;0;0;432366;0;0;0;34659;444379;0;172;0;0;0;0;0;0;42;0;47;0;847;0;44498;0;0;0;0;0;0;0;0;0;847;0;0;1;0;11952;0;0;847;0;0;0;0;0;0;1;520;0;0;0;143267;0;0;0;847;0;0;0;0;0;0;0;11922
0;0;0;143354;0;0;0;1;0;0;144;0;143350;0;0;0;0;0;0;144299;0;0;0;0;0;0;0;61067842;0;102;0;3;0;0;0;0;0;0;1;0;12;0;0;0;0;2;0;0;0;0;0;1;0;0;0;0;949;0;188;1;126;0;0;0;0;0;0;0;0;432630;0;0;0;0;14;0;0;0;0;0;2;842;0;2;0;0;0;0;0;0;126;5;0;0;0;52968;0;0;0;0;435287;0;0;0;7385;0;0;0;0;0;0;842;0;0;0;0;0;0;0;842;0;0;0;0;0;51;0;11946;31516;1;0;1;0;842;0;2;0;0;49;0;0;0;0;0;432616;0;0;0;34659;444633;0;172;0;0;0;0;0;0;42;0;47;0;847;0;44498;0;0;0;0;0;0;0;0;0;847;0;0;1;0;11952;0;0;847;0;0;0;0;0;0;1;520;0;0;0;143350;0;0;0;847;0;0;0;0;0;0;0;11922
0;0;0;143437;0;0;0;1;0;0;144;0;143433;0;0;0;0;0;0;144383;0;0;0;0;0;0;0;62068871;0;102;0;3;0;0;0;0;0;0;1;0;12;0;0;0;0;2;0;0;0;0;0;1;0;0;0;0;949;0;188;1;126;0;0;0;0;0;0;0;0;432880;0;0;0;0;14;0;0;0;0;0;2;842;0;2;0;0;0;0;0;0;126;5;0;0;0;52969;0;0;0;0;435538;0;0;0;7385;0;0;0;0;0;0;842;0;0;0;0;0;0;0;842;0;0;0;0;0;51;0;11946;31517;1;0;1;0;842;0;2;0;0;49;0;0;0;0;0;432866;0;0;0;34660;444887;0;172;0;0;0;0;0;0;42;0;47;0;848;0;44499;0;0;0;0;0;0;0;0;0;848;0;0;1;0;11952;0;0;848;0;0;0;0;0;0;1;520;0;0;0;143433;0;0;0;848;0;0;0;0;0;0;0;11922
0;0;0;143521;0;0;0;1;0;0;144;0;143517;0;0;0;0;0;0;144466;0;0;0;0;0;0;0;63069919;0;102;0;3;0;0;0;0;0;0;1;0;12;0;0;0;0;2;0;0;0;0;0;1;0;0;0;0;950;0;188;1;126;0;0;0;0;0;0;0;0;433131;0;0;0;0;14;0;0;0;0;0;2;843;0;2;0;0;0;0;0;0;126;5;0;0;0;52969;0;0;0;0;435790;0;0;0;7385;0;0;0;0;0;0;843;0;0;0;0;0;0;0;843;0;0;0;0;0;51;0;11946;31517;1;0;1;0;843;0;2;0;0;49;0;0;0;0;0;433116;0;0;0;34660;445141;0;172;0;0;0;0;0;0;42;0;47;0;848;0;44499;0;0;0;0;0;0;0;0;0;848;0;0;1;0;11952;0;0;848;0;0;0;0;0;0;1;520;0;0;0;143517;0;0;0;848;0;0;0;0;0;0;0;11922
0;0;0;143604;0;0;0;1;0;0;144;0;143600;0;0;0;0;0;0;144550;0;0;0;0;0;0;0;64070952;0;102;0;3;0;0;0;0;0;0;1;0;12;0;0;0;0;2;0;0;0;0;0;1;0;0;0;0;950;0;188;1;126;0;0;0;0;0;0;0;0;433381;0;0;0;0;14;0;0;0;0;0;2;843;0;2;0;0;0;0;0;0;126;5;0;0;0;52970;0;0;0;0;436041;0;0;0;7385;0;0;0;0;0;0;843;0;0;0;0;0;0;0;843;0;0;0;0;0;51;0;11946;31518;1;0;1;0;843;0;2;0;0;49;0;0;0;0;0;433367;0;0;0;34661;445395;0;172;0;0;0;0;0;0;42;0;47;0;849;0;44500;0;0;0;0;0;0;0;0;0;849;0;0;1;0;11952;0;0;849;0;0;0;0;0;0;1;520;0;0;0;143600;0;0;0;849;0;0;0;0;0;0;0;11922
0;0;0;143687;0;0;0;1;0;0;144;0;143684;0;0;0;0;0;0;144633;0;0;0;0;0;0;0;65071977;0;102;0;3;0;0;0;0;0;0;1;0;12;0;0;0;0;2;0;0;0;0;0;1;0;0;0;0;950;0;188;1;126;0;0;0;0;0;0;0;0;433631;0;0;0;0;14;0;0;0;0;0;2;844;0;2;0;0;0;0;0;0;126;5;0;0;0;52970;0;0;0;0;436292;0;0;0;7385;0;0;0;0;0;0;844;0;0;0;0;0;0;0;844;0;0;0;0;0;51;0;11946;31518;1;0;1;0;844;0;2;0;0;49;0;0;0;0;0;433617;0;0;0;34661;445648;0;172;0;0;0;0;0;0;42;0;47;0;849;0;44500;0;0;0;0;0;0;0;0;0;849;0;0;1;0;11952;0;0;849;0;0;0;0;0;0;1;520;0;0;0;143684;0;0;0;849;0;0;0;0;0;0;0;11922
0;0;0;143771;0;0;0;1;0;0;144;0;143767;0;0;0;0;0;0;144717;0;0;0;0;0;0;0;66073015;0;102;0;3;0;0;0;0;0;0;1;0;12;0;0;0;0;2;0;0;0;0;0;1;0;0;0;0;950;0;188;1;126;0;0;0;0;0;0;0;0;433881;0;0;0;0;14;0;0;0;0;0;2;844;0;2;0;0;0;0;0;0;126;5;0;0;0;52971;0;0;0;0;436543;0;0;0;7385;0;0;0;0;0;0;844;0;0;0;0;0;0;0;844;0;0;0;0;0;51;0;11946;31519;1;0;1;0;844;0;2;0;0;49;0;0;0;0;0;433867;0;0;0;34662;445902;0;172;0;0;0;0;0;0;42;0;47;0;850;0;44501;0;0;0;0;0;0;0;0;0;850;0;0;1;0;11952;0;0;850;0;0;0;0;0;0;1;520;0;0;0;143767;0;0;0;850;0;0;0;0;0;0;0;11922
0;0;0;143854;0;0;0;1;0;0;144;0;143851;0;0;0;0;0;0;144800;0;0;0;0;0;0;0;67074047;0;102;0;3;0;0;0;0;0;0;1;0;12;0;0;0;0;2;0;0;0;0;0;1;0;0;0;0;950;0;188;1;126;0;0;0;0;0;0;0;0;434132;0;0;0;0;14;0;0;0;0;0;2;845;0;2;0;0;0;0;0;0;126;5;0;0;0;52971;0;0;0;0;436795;0;0;0;7385;0;0;0;0;0;0;845;0;0;0;0;0;0;0;845;0;0;0;0;0;51;0;11946;31519;1;0;1;0;845;0;2;0;0;49;0;0;0;0;0;434117;0;0;0;34662;446156;0;172;0;0;0;0;0;0;42;0;47;0;850;0;44501;0;0;0;0;0;0;0;0;0;850;0;0;1;0;11952;0;0;850;0;0;0;0;0;0;1;520;0;0;0;143850;0;0;0;850;0;0;0;0;0;0;0;11922
0;0;0;143938;0;0;0;1;0;0;144;0;143934;0;0;0;0;0;0;144883;0;0;0;0;0;0;0;68075075;0;102;0;3;0;0;0;0;0;0;1;0;12;0;0;0;0;2;0;0;0;0;0;1;0;0;0;0;950;0;188;1;126;0;0;0;0;0;0;0;0;434382;0;0;0;0;14;0;0;0;0;0;2;845;0;2;0;0;0;0;0;0;126;5;0;0;0;52972;0;0;0;0;437046;0;0;0;7385;0;0;0;0;0;0;845;0;0;0;0;0;0;0;845;0;0;0;0;0;51;0;11946;31520;1;0;1;0;845;0;2;0;0;49;0;0;0;0;0;434368;0;0;0;34663;446409;0;172;0;0;0;0;0;0;42;0;47;0;851;0;44502;0;0;0;0;0;0;0;0;0;851;0;0;1;0;11952;0;0;851;0;0;0;0;0;0;1;520;0;0;0;143934;0;0;0;851;0;0;0;0;0;0;0;11922
0;0;0;144021;0;0;0;1;0;0;144;0;144017;0;0;0;0;0;0;144967;0;0;0;0;0;0;0;69076103;0;102;0;3;0;0;0;0;0;0;1;0;12;0;0;0;0;2;0;0;0;0;0;1;0;0;0;0;950;0;188;1;126;0;0;0;0;0;0;0;0;434632;0;0;0;0;14;0;0;0;0;0;2;846;0;2;0;0;0;0;0;0;126;5;0;0;0;52972;0;0;0;0;437297;0;0;0;7385;0;0;0;0;0;0;846;0;0;0;0;0;0;0;846;0;0;0;0;0;51;0;11946;31520;1;0;1;0;846;0;2;0;0;49;0;0;0;0;0;434618;0;0;0;34663;446662;0;172;0;0;0;0;0;0;42;0;47;0;851;0;44502;0;0;0;0;0;0;0;0;0;851;0;0;1;0;11952;0;0;851;0;0;0;0;0;0;1;520;0;0;0;144017;0;0;0;851;0;0;0;0;0;0;0;11922
0;0;0;144105;0;0;0;1;0;0;144;0;144101;0;0;0;0;0;0;145050;0;0;0;0;0;0;0;70077134;0;102;0;3;0;0;0;0;0;0;1;0;12;0;0;0;0;2;0;0;0;0;0;1;0;0;0;0;953;0;188;1;126;0;0;0;0;0;0;0;0;434882;0;0;0;0;14;0;0;0;0;0;2;846;0;2;0;0;0;0;0;0;126;5;0;0;0;52973;0;0;0;0;437549;0;0;0;7385;0;0;0;0;0;0;846;0;0;0;0;0;0;0;846;0;0;0;0;0;51;0;11946;31521;1;0;1;0;846;0;2;0;0;49;0;0;0;0;0;434868;0;0;0;34664;446917;0;172;0;0;0;0;0;0;42;0;47;0;852;0;44503;0;0;0;0;0;0;0;0;0;852;0;0;1;0;11952;0;0;852;0;0;0;0;0;0;1;520;0;0;0;144101;0;0;0;852;0;0;0;0;0;0;0;11922
0;0;0;144188;0;0;0;1;0;0;144;0;144184;0;0;0;0;0;0;145134;0;0;0;0;0;0;0;71078161;0;102;0;3;0;0;0;0;0;0;1;0;12;0;0;0;0;2;0;0;0;0;0;1;0;0;0;0;953;0;188;1;126;0;0;0;0;0;0;0;0;435133;0;0;0;0;14;0;0;0;0;0;2;847;0;2;0;0;0;0;0;0;126;5;0;0;0;52973;0;0;0;0;437800;0;0;0;7385;0;0;0;0;0;0;847;0;0;0;0;0;0;0;847;0;0;0;0;0;51;0;11946;31521;1;0;1;0;847;0;2;0;0;49;0;0;0;0;0;435119;0;0;0;34664;447170;0;172;0;0;0;0;0;0;42;0;47;0;852;0;44503;0;0;0;0;0;0;0;0;0;852;0;0;1;0;11952;0;0;852;0;0;0;0;0;0;1;520;0;0;0;144184;0;0;0;852;0;0;0;0;0;0;0;11922
0;0;0;144271;0;0;0;1;0;0;144;0;144268;0;0;0;0;0;0;145217;0;0;0;0;0;0;0;72079188;0;102;0;3;0;0;0;0;0;0;1;0;12;0;0;0;0;2;0;0;0;0;0;1;0;0;0;0;953;0;188;1;126;0;0;0;0;0;0;0;0;435383;0;0;0;0;14;0;0;0;0;0;2;847;0;2;0;0;0;0;0;0;126;5;0;0;0;52974;0;0;0;0;438051;0;0;0;7385;0;0;0;0;0;0;847;0;0;0;0;0;0;0;847;0;0;0;0;0;51;0;11946;31522;1;0;1;0;847;0;2;0;0;49;0;0;0;0;0;435369;0;0;0;34665;447423;0;172;0;0;0;0;0;0;42;0;47;0;853;0;44504;0;0;0;0;0;0;0;0;0;853;0;0;1;0;11952;0;0;853;0;0;0;0;0;0;1;520;0;0;0;144268;0;0;0;853;0;0;0;0;0;0;0;11922
0;0;0;144355;0;0;0;1;0;0;144;0;144351;0;0;0;0;0;0;145301;0;0;0;0;0;0;0;73080233;0;102;0;3;0;0;0;0;0;0;1;0;12;0;0;0;0;2;0;0;0;0;0;1;0;0;0;0;953;0;188;1;126;0;0;0;0;0;0;0;0;435633;0;0;0;0;14;0;0;0;0;0;2;848;0;2;0;0;0;0;0;0;126;5;0;0;0;52974;0;0;0;0;438302;0;0;0;7385;0;0;0;0;0;0;848;0;0;0;0;0;0;0;848;0;0;0;0;0;51;0;11946;31522;1;0;1;0;848;0;2;0;0;49;0;0;0;0;0;435619;0;0;0;34665;447678;0;172;0;0;0;0;0;0;42;0;47;0;853;0;44504;0;0;0;0;0;0;0;0;0;853;0;0;1;0;11952;0;0;853;0;0;0;0;0;0;1;520;0;0;0;144351;0;0;0;853;0;0;0;0;0;0;0;11922
0;0;0;144438;0;0;0;1;0;0;144;0;144434;0;0;0;0;0;0;145384;0;0;0;0;0;0;0;74081260;0;102;0;3;0;0;0;0;0;0;1;0;12;0;0;0;0;2;0;0;0;0;0;1;0;0;0;0;954;0;188;1;126;0;0;0;0;0;0;0;0;435883;0;0;0;0;14;0;0;0;0;0;2;848;0;2;0;0;0;0;0;0;126;5;0;0;0;52975;0;0;0;0;438554;0;0;0;7385;0;0;0;0;0;0;848;0;0;0;0;0;0;0;848;0;0;0;0;0;51;0;11946;31524;1;0;1;0;848;0;2;0;0;49;0;0;0;0;0;435869;0;0;0;34666;447932;0;172;0;0;0;0;0;0;42;0;47;0;854;0;44505;0;0;0;0;0;0;0;0;0;854;0;0;1;0;11952;0;0;854;0;0;0;0;0;0;1;520;0;0;0;144434;0;0;0;854;0;0;0;0;0;0;0;11922
0;0;0;144522;0;0;0;1;0;0;144;0;144518;0;0;0;0;0;0;145467;0;0;0;0;0;0;0;75082315;0;102;0;3;0;0;0;0;0;0;1;0;12;0;0;0;0;2;0;0;0;0;0;1;0;0;0;0;954;0;188;1;126;0;0;0;0;0;0;0;0;436134;0;0;0;0;14;0;0;0;0;0;2;851;0;2;0;0;0;0;0;0;126;5;0;0;0;52976;0;0;0;0;438805;0;0;0;7387;0;0;0;0;0;0;851;0;0;0;0;0;0;0;851;0;0;0;0;0;51;0;11946;31525;1;0;1;0;851;0;2;0;0;50;0;0;0;0;0;436120;0;0;0;34666;448186;0;172;0;0;0;0;0;0;42;0;49;0;855;0;44505;0;0;0;0;0;0;0;0;0;855;0;0;1;0;11952;0;0;855;0;0;0;0;0;0;1;520;0;0;0;144518;0;0;0;855;0;0;0;0;0;0;0;11922
0;0;0;144605;0;0;0;1;0;0;144;0;144601;0;0;0;0;0;0;145550;0;0;0;0;0;0;0;76083340;0;102;0;3;0;0;0;0;0;0;1;0;12;0;0;0;0;2;0;0;0;0;0;1;0;0;0;0;954;0;188;1;126;0;0;0;0;0;0;0;0;436384;0;0;0;0;14;0;0;0;0;0;2;852;0;2;0;0;0;0;0;0;126;5;0;0;0;52977;0;0;0;0;439056;0;0;0;7387;0;0;0;0;0;0;852;0;0;0;0;0;0;0;852;0;0;0;0;0;51;0;11946;31526;1;0;1;0;852;0;2;0;0;51;0;0;0;0;0;436370;0;0;0;34667;448442;0;172;0;0;0;0;0;0;42;0;49;0;858;0;44506;0;0;0;0;0;0;0;0;0;858;0;0;1;0;11952;0;0;858;0;0;0;0;0;0;1;520;0;0;0;144601;0;0;0;858;0;0;0;0;0;0;0;11922
0;0;0;144688;0;0;0;1;0;0;144;0;144685;0;0;0;0;0;0;145634;0;0;0;0;0;0;0;77084372;0;102;0;3;0;0;0;0;0;0;1;0;12;0;0;0;0;2;0;0;0;0;0;1;0;0;0;0;954;0;188;1;126;0;0;0;0;0;0;0;0;436634;0;0;0;0;14;0;0;0;0;0;2;852;0;2;0;0;0;0;0;0;126;5;0;0;0;52977;0;0;0;0;439307;0;0;0;7387;0;0;0;0;0;0;852;0;0;0;0;0;0;0;852;0;0;0;0;0;51;0;11946;31526;1;0;1;0;852;0;2;0;0;51;0;0;0;0;0;436620;0;0;0;34667;448695;0;172;0;0;0;0;0;0;42;0;49;0;858;0;44506;0;0;0;0;0;0;0;0;0;858;0;0;1;0;11952;0;0;858;0;0;0;0;0;0;1;520;0;0;0;144685;0;0;0;858;0;0;0;0;0;0;0;11922
0;0;0;144772;0;0;0;1;0;0;144;0;144768;0;0;0;0;0;0;145717;0;0;0;0;0;0;0;78085412;0;102;0;3;0;0;0;0;0;0;1;0;12;0;0;0;0;2;0;0;0;0;0;1;0;0;0;0;954;0;188;1;126;0;0;0;0;0;0;0;0;436884;0;0;0;0;14;0;0;0;0;0;2;853;0;2;0;0;0;0;0;0;126;5;0;0;0;52978;0;0;0;0;439559;0;0;0;7389;0;0;0;0;0;0;853;0;0;0;0;0;0;0;853;0;0;0;0;0;51;0;11946;31530;1;0;1;0;853;0;2;0;0;51;0;0;0;0;0;436870;0;0;0;34672;448949;0;172;0;0;0;0;0;0;42;0;49;0;859;0;44510;0;0;0;0;0;0;0;0;0;859;0;0;1;0;11952;0;0;859;0;0;0;0;0;0;1;520;0;0;0;144768;0;0;0;859;0;0;0;0;0;0;0;11922
